engine_id,cycle,op1,op2,op3,sensor_1,sensor_2,sensor_3,sensor_4,sensor_5,sensor_6,sensor_7,sensor_8,sensor_9,sensor_10,sensor_11,sensor_12,sensor_13,sensor_14,sensor_15,sensor_16,sensor_17,sensor_18,sensor_19,sensor_20,sensor_21
1,1,-0.0007,-0.0004,100.0,518.67,641.82,1589.7,1400.6,14.62,21.61,554.36,2388.06,9046.19,1.3,47.47,521.66,2388.02,8138.62,8.4195,0.03,392,2388,100.0,39.06,23.419
1,2,0.0019,-0.0003,100.0,518.67,642.15,1591.82,1403.14,14.62,21.61,553.75,2388.04,9044.07,1.3,47.49,522.28,2388.07,8131.49,8.4318,0.03,392,2388,100.0,39.0,23.4236
1,3,-0.0043,0.0003,100.0,518.67,642.35,1587.99,1404.2,14.62,21.61,554.26,2388.08,9052.94,1.3,47.27,522.42,2388.03,8133.23,8.4178,0.03,390,2388,100.0,38.95,23.3442
1,4,0.0007,0.0,100.0,518.67,642.35,1582.79,1401.87,14.62,21.61,554.45,2388.11,9049.48,1.3,47.13,522.86,2388.08,8133.83,8.3682,0.03,392,2388,100.0,38.88,23.3739
1,5,-0.0019,-0.0002,100.0,518.67,642.37,1582.85,1406.22,14.62,21.61,554.0,2388.06,9055.15,1.3,47.28,522.19,2388.04,8133.8,8.4294,0.03,393,2388,100.0,38.9,23.4044
1,6,-0.0043,-0.0001,100.0,518.67,642.1,1584.47,1398.37,14.62,21.61,554.67,2388.02,9049.68,1.3,47.16,521.68,2388.03,8132.85,8.4108,0.03,391,2388,100.0,38.98,23.3669
1,7,0.001,0.0001,100.0,518.67,642.48,1592.32,1397.77,14.62,21.61,554.34,2388.02,9059.13,1.3,47.36,522.32,2388.03,8132.32,8.3974,0.03,392,2388,100.0,39.1,23.3774
1,8,-0.0034,0.0003,100.0,518.67,642.56,1582.96,1400.97,14.62,21.61,553.85,2388.0,9040.8,1.3,47.24,522.47,2388.03,8131.07,8.4076,0.03,391,2388,100.0,38.97,23.3106
1,9,0.0008,0.0001,100.0,518.67,642.12,1590.98,1394.8,14.62,21.61,553.69,2388.05,9046.46,1.3,47.29,521.79,2388.05,8125.69,8.3728,0.03,392,2388,100.0,39.05,23.4066
1,10,-0.0033,0.0001,100.0,518.67,641.71,1591.24,1400.46,14.62,21.61,553.59,2388.05,9051.7,1.3,47.03,521.79,2388.06,8129.38,8.4286,0.03,393,2388,100.0,38.95,23.4694
1,11,0.0018,-0.0003,100.0,518.67,642.28,1581.75,1400.64,14.62,21.61,554.54,2388.05,9049.61,1.3,47.15,521.4,2388.01,8140.58,8.434,0.03,392,2388,100.0,38.94,23.4787
1,12,0.0016,0.0002,100.0,518.67,642.06,1583.41,1400.15,14.62,21.61,554.52,2388.09,9049.37,1.3,47.18,521.8,2388.02,8134.25,8.3938,0.03,391,2388,100.0,39.06,23.366
1,13,-0.0019,0.0004,100.0,518.67,643.07,1582.19,1400.83,14.62,21.61,553.44,2388.12,9046.82,1.3,47.38,521.85,2388.08,8128.1,8.4152,0.03,393,2388,100.0,38.93,23.2757
1,14,0.0009,-0.0,100.0,518.67,642.35,1592.95,1399.16,14.62,21.61,554.48,2388.09,9047.37,1.3,47.44,521.67,2388.0,8134.43,8.3964,0.03,393,2388,100.0,39.18,23.3826
1,15,-0.0018,-0.0003,100.0,518.67,642.43,1583.82,1402.13,14.62,21.61,553.64,2388.11,9052.22,1.3,47.3,522.5,2388.08,8127.56,8.4199,0.03,391,2388,100.0,38.99,23.35
1,16,0.0006,0.0005,100.0,518.67,642.13,1587.98,1404.5,14.62,21.61,553.94,2388.05,9049.34,1.3,47.24,521.49,2388.07,8136.11,8.3936,0.03,392,2388,100.0,38.97,23.455
1,17,0.0002,0.0002,100.0,518.67,642.58,1584.96,1399.95,14.62,21.61,553.8,2388.06,9054.92,1.3,47.12,521.89,2388.04,8137.27,8.4542,0.03,392,2388,100.0,38.81,23.3319
1,18,-0.0031,-0.0001,100.0,518.67,642.62,1591.04,1396.12,14.62,21.61,554.2,2388.05,9049.55,1.3,47.21,521.76,2388.07,8132.73,8.4028,0.03,392,2388,100.0,38.89,23.3987
1,19,0.0032,-0.0003,100.0,518.67,641.79,1587.56,1400.35,14.62,21.61,554.18,2388.04,9053.99,1.3,47.4,521.89,2388.03,8129.13,8.4321,0.03,391,2388,100.0,38.8,23.3464
1,20,-0.0037,0.0001,100.0,518.67,643.04,1581.11,1405.23,14.62,21.61,554.81,2388.05,9045.9,1.3,47.22,522.07,2388.02,8129.71,8.421,0.03,392,2388,100.0,39.03,23.422
1,21,-0.0012,0.0001,100.0,518.67,642.37,1586.07,1398.13,14.62,21.61,554.08,2388.11,9048.15,1.3,47.15,522.42,2388.08,8134.02,8.4049,0.03,392,2388,100.0,39.09,23.3101
1,22,0.0002,0.0,100.0,518.67,642.77,1592.93,1400.57,14.62,21.61,553.63,2388.04,9061.21,1.3,47.24,522.0,2388.03,8130.41,8.4034,0.03,392,2388,100.0,38.92,23.3792
1,23,0.0034,-0.0003,100.0,518.67,642.14,1588.19,1394.75,14.62,21.61,553.98,2388.05,9046.28,1.3,47.25,521.52,2388.05,8127.9,8.424,0.03,392,2388,100.0,38.94,23.4562
1,24,-0.001,0.0003,100.0,518.67,642.38,1590.83,1398.81,14.62,21.61,553.49,2388.12,9043.76,1.3,47.44,522.13,2388.03,8133.88,8.3891,0.03,392,2388,100.0,39.0,23.3696
1,25,0.0023,-0.0004,100.0,518.67,642.77,1594.1,1399.39,14.62,21.61,554.0,2388.02,9054.16,1.3,47.36,522.56,2388.02,8136.61,8.3917,0.03,393,2388,100.0,38.95,23.4288
1,26,0.0,0.0002,100.0,518.67,642.16,1589.08,1396.07,14.62,21.61,554.11,2388.07,9047.11,1.3,47.26,522.28,2388.06,8131.15,8.426,0.03,394,2388,100.0,38.86,23.4149
1,27,-0.0012,-0.0004,100.0,518.67,642.44,1590.47,1401.84,14.62,21.61,554.07,2388.02,9047.96,1.3,47.37,522.0,2388.13,8134.6,8.4046,0.03,393,2388,100.0,38.99,23.4472
1,28,-0.0024,0.0005,100.0,518.67,642.35,1582.84,1399.13,14.62,21.61,554.68,2388.12,9049.84,1.3,47.41,522.57,2388.08,8127.3,8.4323,0.03,390,2388,100.0,39.01,23.2841
1,29,0.0012,-0.0001,100.0,518.67,641.91,1584.83,1400.99,14.62,21.61,554.25,2388.05,9050.47,1.3,47.24,522.41,2388.06,8133.06,8.4189,0.03,393,2388,100.0,38.93,23.3597
1,30,-0.0022,0.0,100.0,518.67,642.2,1593.52,1396.08,14.62,21.61,554.37,2388.07,9045.62,1.3,47.4,522.19,2388.0,8137.86,8.4065,0.03,390,2388,100.0,39.05,23.411
1,31,0.0014,0.0005,100.0,518.67,642.02,1584.18,1396.9,14.62,21.61,554.13,2388.08,9058.78,1.3,47.41,521.95,2388.06,8125.28,8.4104,0.03,392,2388,100.0,38.94,23.3353
1,32,0.0005,-0.0003,100.0,518.67,642.33,1591.38,1400.36,14.62,21.61,554.96,2388.04,9050.97,1.3,47.25,521.92,2388.07,8129.7,8.4148,0.03,392,2388,100.0,39.02,23.4999
1,33,-0.0042,-0.0004,100.0,518.67,642.71,1588.4,1402.43,14.62,21.61,554.61,2388.04,9047.13,1.3,47.28,521.91,2388.08,8134.42,8.3753,0.03,392,2388,100.0,38.83,23.3506
1,34,0.0015,-0.0001,100.0,518.67,642.54,1581.47,1400.48,14.62,21.61,554.3,2388.03,9046.46,1.3,47.47,521.7,2388.09,8126.61,8.4349,0.03,392,2388,100.0,38.81,23.3092
1,35,0.0003,0.0002,100.0,518.67,642.44,1590.0,1403.0,14.62,21.61,554.3,2388.04,9045.76,1.3,47.31,521.75,2388.01,8140.17,8.443,0.03,391,2388,100.0,39.13,23.4164
1,36,-0.0004,-0.0002,100.0,518.67,642.54,1581.72,1405.54,14.62,21.61,554.53,2388.01,9044.56,1.3,47.25,522.32,2388.04,8132.48,8.4246,0.03,392,2388,100.0,38.86,23.4308
1,37,-0.0004,-0.0,100.0,518.67,641.99,1579.11,1398.9,14.62,21.61,554.63,2388.07,9055.44,1.3,47.29,522.29,2388.04,8131.95,8.4142,0.03,392,2388,100.0,38.99,23.4352
1,38,-0.0018,-0.0002,100.0,518.67,641.93,1589.6,1399.5,14.62,21.61,554.7,2388.08,9055.27,1.3,47.27,522.42,2388.08,8136.61,8.4158,0.03,392,2388,100.0,39.06,23.4768
1,39,-0.003,-0.0001,100.0,518.67,642.01,1583.21,1400.69,14.62,21.61,553.97,2388.02,9051.76,1.3,47.12,522.23,2388.05,8131.81,8.414,0.03,392,2388,100.0,38.7,23.3699
1,40,-0.0,-0.0004,100.0,518.67,642.24,1582.08,1401.77,14.62,21.61,554.57,2388.06,9052.98,1.3,47.33,521.84,2388.01,8131.03,8.3784,0.03,392,2388,100.0,38.84,23.3769
1,41,0.0033,0.0004,100.0,518.67,642.4,1591.31,1403.21,14.62,21.61,553.72,2388.06,9048.99,1.3,47.09,522.07,2388.03,8138.08,8.437,0.03,392,2388,100.0,39.13,23.4444
1,42,0.0005,-0.0004,100.0,518.67,642.12,1584.66,1401.38,14.62,21.61,553.94,2388.08,9057.06,1.3,47.49,522.23,2388.05,8130.88,8.4137,0.03,392,2388,100.0,39.0,23.375
1,43,-0.0027,0.0005,100.0,518.67,642.24,1591.52,1406.05,14.62,21.61,553.68,2388.03,9057.88,1.3,47.32,522.74,2388.09,8127.22,8.4068,0.03,392,2388,100.0,38.99,23.3148
1,44,-0.0001,0.0002,100.0,518.67,641.93,1586.94,1401.2,14.62,21.61,554.15,2388.04,9046.87,1.3,47.45,522.3,2388.0,8131.45,8.4201,0.03,392,2388,100.0,39.06,23.4753
1,45,-0.0013,-0.0,100.0,518.67,642.53,1582.42,1399.16,14.62,21.61,553.83,2388.08,9060.32,1.3,47.45,521.73,2388.05,8128.31,8.4099,0.03,393,2388,100.0,38.79,23.3943
1,46,0.0003,0.0001,100.0,518.67,642.43,1588.29,1401.27,14.62,21.61,553.76,2388.06,9060.38,1.3,47.2,522.02,2388.08,8128.71,8.3977,0.03,393,2388,100.0,38.93,23.3745
1,47,0.0,0.0005,100.0,518.67,642.21,1580.32,1402.89,14.62,21.61,554.38,2388.06,9052.04,1.3,47.22,521.84,2388.05,8126.21,8.3973,0.03,392,2388,100.0,38.99,23.4873
1,48,0.0019,0.0001,100.0,518.67,641.89,1588.51,1399.16,14.62,21.61,554.02,2388.08,9045.26,1.3,47.4,521.91,2388.06,8129.99,8.4376,0.03,392,2388,100.0,38.94,23.365
1,49,-0.0014,0.0005,100.0,518.67,642.23,1584.35,1397.76,14.62,21.61,554.23,2388.07,9050.64,1.3,47.22,521.37,2388.04,8135.48,8.4151,0.03,392,2388,100.0,39.06,23.4498
1,50,-0.0032,-0.0001,100.0,518.67,642.77,1588.49,1403.62,14.62,21.61,553.92,2388.06,9048.6,1.3,47.47,522.33,2388.09,8127.3,8.4116,0.03,392,2388,100.0,38.85,23.4106
1,51,-0.001,0.0003,100.0,518.67,642.81,1585.54,1400.42,14.62,21.61,553.73,2388.02,9047.09,1.3,47.12,521.91,2388.05,8134.36,8.4504,0.03,393,2388,100.0,38.94,23.3651
1,52,0.0018,-0.0001,100.0,518.67,642.76,1583.77,1395.57,14.62,21.61,553.04,2388.04,9056.01,1.3,47.07,522.1,2388.07,8132.82,8.4539,0.03,391,2388,100.0,39.0,23.3388
1,53,0.0021,-0.0001,100.0,518.67,642.61,1579.82,1402.26,14.62,21.61,554.16,2388.05,9051.15,1.3,47.29,521.96,2388.06,8134.38,8.4418,0.03,392,2388,100.0,38.9,23.3775
1,54,-0.0002,0.0005,100.0,518.67,642.42,1592.59,1401.2,14.62,21.61,553.95,2388.04,9056.29,1.3,47.38,522.44,2388.06,8129.95,8.4189,0.03,392,2388,100.0,38.96,23.2348
1,55,0.0009,-0.0,100.0,518.67,642.41,1584.95,1401.58,14.62,21.61,554.45,2388.04,9048.94,1.3,47.4,522.11,2388.02,8134.1,8.4071,0.03,392,2388,100.0,39.06,23.3567
1,56,0.0007,-0.0002,100.0,518.67,642.49,1586.33,1400.76,14.62,21.61,553.98,2388.01,9042.42,1.3,47.26,522.48,2388.04,8135.4,8.4022,0.03,391,2388,100.0,38.68,23.3408
1,57,-0.0033,0.0,100.0,518.67,642.13,1583.67,1402.79,14.62,21.61,553.42,2388.05,9050.8,1.3,47.29,521.62,2388.08,8135.48,8.4263,0.03,392,2388,100.0,38.84,23.3567
1,58,-0.0014,0.0001,100.0,518.67,641.9,1590.46,1397.99,14.62,21.61,554.14,2388.09,9050.33,1.3,47.26,522.21,2388.04,8132.08,8.4319,0.03,390,2388,100.0,38.93,23.2893
1,59,-0.0006,0.0002,100.0,518.67,642.33,1596.72,1403.51,14.62,21.61,554.62,2388.07,9050.06,1.3,47.26,521.32,2388.02,8128.81,8.4476,0.03,392,2388,100.0,38.92,23.4444
1,60,-0.001,-0.0002,100.0,518.67,642.34,1582.75,1403.07,14.62,21.61,554.0,2388.06,9051.69,1.3,47.41,522.49,2388.03,8132.89,8.3878,0.03,393,2388,100.0,38.89,23.387
1,61,0.0004,0.0005,100.0,518.67,642.1,1583.55,1405.52,14.62,21.61,554.09,2388.11,9050.58,1.3,47.31,522.34,2388.09,8131.66,8.4264,0.03,391,2388,100.0,38.89,23.3638
1,62,0.0004,0.0001,100.0,518.67,642.17,1581.59,1399.54,14.62,21.61,554.45,2388.1,9053.62,1.3,47.28,522.19,2388.1,8132.28,8.4071,0.03,391,2388,100.0,39.03,23.2707
1,63,0.0015,0.0002,100.0,518.67,642.6,1592.14,1395.38,14.62,21.61,553.48,2388.06,9049.96,1.3,47.51,521.56,2388.01,8130.73,8.4357,0.03,394,2388,100.0,38.77,23.3436
1,64,0.0017,0.0002,100.0,518.67,642.23,1584.51,1400.11,14.62,21.61,553.88,2388.1,9043.67,1.3,47.45,521.82,2388.04,8128.15,8.4066,0.03,391,2388,100.0,38.93,23.384
1,65,-0.0,0.0005,100.0,518.67,642.28,1584.72,1403.24,14.62,21.61,553.97,2388.03,9044.01,1.3,47.56,521.54,2388.13,8132.94,8.4406,0.03,392,2388,100.0,38.9,23.3752
1,66,-0.0007,-0.0004,100.0,518.67,642.5,1588.5,1399.52,14.62,21.61,554.0,2388.06,9059.45,1.3,47.14,521.76,2388.05,8128.32,8.3911,0.03,391,2388,100.0,38.95,23.3152
1,67,0.0016,-0.0004,100.0,518.67,642.33,1590.22,1403.02,14.62,21.61,554.31,2388.1,9050.24,1.3,47.39,522.64,2388.08,8134.07,8.3925,0.03,393,2388,100.0,38.97,23.291
1,68,-0.0018,0.0,100.0,518.67,642.51,1582.06,1404.42,14.62,21.61,554.04,2388.1,9051.78,1.3,47.36,521.72,2388.07,8132.39,8.4242,0.03,392,2388,100.0,38.95,23.3174
1,69,-0.0022,0.0005,100.0,518.67,642.44,1590.7,1401.24,14.62,21.61,554.65,2388.07,9050.59,1.3,47.41,522.22,2388.1,8129.13,8.4292,0.03,392,2388,100.0,39.0,23.3742
1,70,-0.0005,0.0002,100.0,518.67,642.22,1584.02,1402.78,14.62,21.61,554.01,2388.11,9053.43,1.3,47.41,521.93,2388.12,8130.36,8.4279,0.03,392,2388,100.0,38.86,23.4513
1,71,0.0016,-0.0003,100.0,518.67,642.21,1580.41,1403.09,14.62,21.61,554.06,2388.03,9046.09,1.3,47.3,521.72,2388.09,8134.28,8.423,0.03,391,2388,100.0,38.8,23.3881
1,72,-0.0017,0.0001,100.0,518.67,642.41,1579.25,1406.81,14.62,21.61,553.76,2388.07,9054.42,1.3,47.27,521.97,2388.09,8133.95,8.3951,0.03,391,2388,100.0,38.84,23.3085
1,73,-0.0012,-0.0002,100.0,518.67,642.29,1592.04,1397.93,14.62,21.61,553.88,2388.03,9049.64,1.3,47.29,522.04,2388.1,8129.85,8.404,0.03,391,2388,100.0,39.03,23.3975
1,74,0.0027,0.0001,100.0,518.67,642.96,1584.65,1401.48,14.62,21.61,554.03,2388.07,9045.85,1.3,47.58,522.25,2387.97,8132.67,8.4135,0.03,392,2388,100.0,38.8,23.382
1,75,0.0009,-0.0004,100.0,518.67,641.96,1582.32,1394.82,14.62,21.61,553.6,2388.07,9042.32,1.3,47.22,521.77,2388.11,8130.13,8.4621,0.03,392,2388,100.0,38.89,23.3521
1,76,-0.0015,0.0002,100.0,518.67,642.21,1589.21,1398.94,14.62,21.61,553.66,2388.02,9056.55,1.3,47.44,521.58,2388.03,8136.44,8.3996,0.03,390,2388,100.0,39.02,23.4428
1,77,0.0022,0.0004,100.0,518.67,642.55,1586.3,1400.97,14.62,21.61,554.61,2388.06,9046.44,1.3,47.41,521.6,2388.08,8135.25,8.453,0.03,393,2388,100.0,38.99,23.275
1,78,0.004,0.0002,100.0,518.67,641.99,1580.76,1404.1,14.62,21.61,553.47,2388.08,9042.37,1.3,47.4,522.28,2388.16,8133.91,8.3793,0.03,392,2388,100.0,38.88,23.3486
1,79,0.0022,-0.0002,100.0,518.67,642.12,1582.46,1403.93,14.62,21.61,553.77,2388.04,9047.86,1.3,47.35,521.85,2388.13,8135.4,8.4132,0.03,394,2388,100.0,38.9,23.3121
1,80,-0.0002,-0.0004,100.0,518.67,641.94,1591.96,1393.58,14.62,21.61,553.91,2388.06,9043.67,1.3,47.64,521.52,2388.1,8134.66,8.4235,0.03,392,2388,100.0,38.89,23.3613
1,81,-0.0018,-0.0004,100.0,518.67,642.73,1584.82,1402.04,14.62,21.61,553.88,2388.1,9045.31,1.3,47.43,521.66,2388.05,8128.87,8.4247,0.03,392,2388,100.0,38.77,23.373
1,82,-0.0012,0.0001,100.0,518.67,642.04,1589.07,1399.17,14.62,21.61,554.18,2388.1,9048.22,1.3,47.25,521.95,2388.03,8134.04,8.3986,0.03,393,2388,100.0,38.89,23.2713
1,83,0.0004,0.0005,100.0,518.67,642.66,1588.05,1406.38,14.62,21.61,553.49,2388.08,9049.08,1.3,47.22,521.93,2388.05,8131.32,8.4128,0.03,391,2388,100.0,38.8,23.3274
1,84,0.0005,0.0002,100.0,518.67,642.64,1585.52,1406.6,14.62,21.61,553.91,2388.05,9050.47,1.3,47.38,521.54,2388.06,8131.54,8.4139,0.03,392,2388,100.0,38.73,23.2653
1,85,0.0025,0.0003,100.0,518.67,642.28,1590.12,1405.96,14.62,21.61,554.4,2388.01,9056.08,1.3,47.36,522.3,2388.05,8135.31,8.4499,0.03,392,2388,100.0,39.01,23.284
1,86,-0.0012,0.0004,100.0,518.67,641.84,1588.8,1403.56,14.62,21.61,553.69,2388.1,9047.26,1.3,47.38,521.82,2388.09,8130.06,8.4173,0.03,394,2388,100.0,38.94,23.3945
1,87,0.0,-0.0004,100.0,518.67,642.33,1586.69,1413.1,14.62,21.61,554.1,2388.14,9050.52,1.3,47.34,521.43,2388.06,8130.41,8.4326,0.03,391,2388,100.0,38.88,23.3402
1,88,0.0029,0.0003,100.0,518.67,641.96,1581.29,1406.09,14.62,21.61,554.48,2388.07,9046.73,1.3,47.46,522.2,2388.04,8131.47,8.4586,0.03,392,2388,100.0,38.9,23.3086
1,89,0.0008,-0.0001,100.0,518.67,642.24,1584.73,1402.22,14.62,21.61,553.91,2388.05,9055.24,1.3,47.46,521.55,2388.08,8135.15,8.4489,0.03,392,2388,100.0,38.95,23.3288
1,90,0.0017,-0.0001,100.0,518.67,642.67,1584.38,1412.93,14.62,21.61,552.88,2388.1,9051.27,1.3,47.32,521.49,2388.09,8129.72,8.3961,0.03,391,2388,100.0,38.98,23.4712
1,91,0.0025,-0.0004,100.0,518.67,641.98,1584.84,1404.76,14.62,21.61,553.54,2388.04,9050.72,1.3,47.32,521.55,2388.1,8134.4,8.3949,0.03,394,2388,100.0,39.11,23.3842
1,92,0.001,-0.0002,100.0,518.67,642.89,1590.03,1400.77,14.62,21.61,553.81,2388.14,9048.36,1.3,47.45,521.91,2388.05,8131.39,8.3982,0.03,392,2388,100.0,38.99,23.3522
1,93,0.0032,0.0002,100.0,518.67,642.85,1593.74,1408.48,14.62,21.61,554.07,2388.07,9047.87,1.3,47.46,521.43,2388.08,8133.15,8.421,0.03,392,2388,100.0,38.86,23.2477
1,94,-0.0021,0.0002,100.0,518.67,642.45,1583.27,1404.94,14.62,21.61,553.86,2388.15,9045.83,1.3,47.48,521.61,2388.07,8132.4,8.4524,0.03,393,2388,100.0,38.85,23.3758
1,95,0.0019,0.0003,100.0,518.67,642.86,1577.6,1410.1,14.62,21.61,553.91,2388.02,9048.85,1.3,47.38,521.92,2388.02,8131.63,8.4575,0.03,394,2388,100.0,38.76,23.3269
1,96,-0.0034,0.0001,100.0,518.67,642.19,1584.07,1395.16,14.62,21.61,553.34,2388.07,9048.71,1.3,47.39,521.66,2388.06,8130.69,8.4311,0.03,392,2388,100.0,38.88,23.3255
1,97,0.0035,-0.0003,100.0,518.67,642.07,1595.77,1407.81,14.62,21.61,553.4,2388.09,9046.1,1.3,47.46,521.67,2388.06,8128.74,8.4105,0.03,392,2388,100.0,39.01,23.2963
1,98,0.0006,0.0004,100.0,518.67,642.0,1591.11,1404.56,14.62,21.61,552.75,2388.06,9045.49,1.3,47.37,522.31,2388.06,8127.89,8.4012,0.03,391,2388,100.0,38.96,23.2554
1,99,-0.0005,-0.0,100.0,518.67,642.46,1592.73,1406.13,14.62,21.61,553.76,2388.08,9045.14,1.3,47.4,521.42,2388.1,8131.77,8.4481,0.03,393,2388,100.0,38.82,23.2323
1,100,-0.0021,-0.0003,100.0,518.67,642.22,1589.63,1411.35,14.62,21.61,554.22,2388.07,9045.72,1.3,47.64,521.55,2388.08,8132.49,8.4241,0.03,392,2388,100.0,38.93,23.409
1,101,0.0012,0.0003,100.0,518.67,642.75,1584.18,1403.41,14.62,21.61,553.37,2388.06,9052.3,1.3,47.62,521.89,2388.08,8125.97,8.4353,0.03,391,2388,100.0,38.75,23.4149
1,102,0.0017,0.0005,100.0,518.67,642.85,1589.11,1403.42,14.62,21.61,553.42,2388.15,9051.36,1.3,47.49,521.38,2388.05,8130.4,8.4561,0.03,393,2388,100.0,38.94,23.3653
1,103,-0.0013,0.0001,100.0,518.67,642.21,1581.27,1403.21,14.62,21.61,553.64,2388.09,9053.28,1.3,47.57,521.41,2388.1,8124.4,8.4263,0.03,392,2388,100.0,38.69,23.4289
1,104,-0.0001,0.0001,100.0,518.67,642.29,1590.63,1406.25,14.62,21.61,553.66,2388.08,9044.73,1.3,47.34,522.38,2388.09,8131.89,8.4021,0.03,392,2388,100.0,38.96,23.3393
1,105,0.0024,0.0004,100.0,518.67,642.01,1588.28,1403.22,14.62,21.61,553.11,2388.09,9048.36,1.3,47.31,521.81,2388.08,8134.01,8.4326,0.03,393,2388,100.0,38.77,23.3857
1,106,0.0,0.0001,100.0,518.67,642.68,1589.05,1404.45,14.62,21.61,553.6,2388.08,9049.82,1.3,47.44,521.51,2388.09,8126.38,8.4664,0.03,392,2388,100.0,39.08,23.4148
1,107,-0.0012,-0.0001,100.0,518.67,642.53,1595.13,1407.73,14.62,21.61,553.74,2388.07,9048.68,1.3,47.35,521.75,2388.07,8132.4,8.4241,0.03,396,2388,100.0,39.01,23.4086
1,108,0.0008,0.0001,100.0,518.67,643.49,1585.91,1399.47,14.62,21.61,554.43,2388.14,9047.03,1.3,47.61,521.52,2388.03,8131.52,8.4133,0.03,393,2388,100.0,38.75,23.3032
1,109,-0.0011,-0.0003,100.0,518.67,642.49,1586.45,1409.1,14.62,21.61,553.59,2388.1,9051.13,1.3,47.58,521.62,2388.11,8130.97,8.3757,0.03,394,2388,100.0,39.05,23.3561
1,110,-0.0,0.0004,100.0,518.67,642.55,1590.01,1401.27,14.62,21.61,554.08,2388.13,9051.4,1.3,47.55,522.01,2388.12,8127.16,8.4638,0.03,393,2388,100.0,39.06,23.2951
1,111,0.0008,0.0004,100.0,518.67,642.67,1584.38,1408.11,14.62,21.61,553.49,2388.12,9051.64,1.3,47.62,521.53,2388.14,8132.4,8.4447,0.03,392,2388,100.0,38.92,23.2135
1,112,0.0005,0.0003,100.0,518.67,642.66,1586.46,1401.84,14.62,21.61,553.19,2388.06,9051.28,1.3,47.22,521.9,2388.08,8131.52,8.4445,0.03,394,2388,100.0,38.84,23.3207
1,113,0.0007,0.0001,100.0,518.67,642.68,1590.85,1406.59,14.62,21.61,552.91,2388.1,9053.15,1.3,47.46,521.75,2388.16,8129.32,8.458,0.03,393,2388,100.0,38.9,23.3101
1,114,0.0003,0.0004,100.0,518.67,642.31,1588.42,1402.97,14.62,21.61,554.29,2388.07,9046.58,1.3,47.58,521.68,2388.15,8132.36,8.429,0.03,394,2388,100.0,38.89,23.3754
1,115,-0.0017,0.0005,100.0,518.67,642.66,1594.84,1406.6,14.62,21.61,554.13,2388.11,9050.37,1.3,47.43,521.36,2388.12,8127.6,8.4345,0.03,393,2388,100.0,38.93,23.3022
1,116,-0.002,-0.0003,100.0,518.67,642.64,1580.31,1401.99,14.62,21.61,554.4,2388.08,9049.71,1.3,47.43,521.6,2388.05,8134.46,8.4059,0.03,394,2388,100.0,39.03,23.3512
1,117,0.0005,0.0004,100.0,518.67,642.38,1589.77,1409.35,14.62,21.61,554.59,2388.1,9049.61,1.3,47.52,521.22,2388.1,8126.12,8.4256,0.03,391,2388,100.0,38.73,23.1766
1,118,-0.0006,-0.0004,100.0,518.67,642.34,1585.67,1409.34,14.62,21.61,554.25,2388.1,9051.12,1.3,47.55,521.31,2388.12,8135.21,8.4197,0.03,393,2388,100.0,38.88,23.2966
1,119,0.0013,0.0005,100.0,518.67,642.67,1596.8,1404.46,14.62,21.61,553.77,2388.1,9045.89,1.3,47.55,521.46,2388.09,8123.85,8.4194,0.03,394,2388,100.0,39.01,23.3188
1,120,-0.0024,0.0005,100.0,518.67,642.81,1593.78,1407.68,14.62,21.61,553.66,2388.1,9048.72,1.3,47.6,521.34,2388.1,8125.57,8.4029,0.03,393,2388,100.0,38.81,23.3061
1,121,-0.0033,0.0004,100.0,518.67,642.63,1593.56,1411.9,14.62,21.61,553.7,2388.07,9040.97,1.3,47.44,521.3,2388.04,8133.94,8.4263,0.03,394,2388,100.0,38.63,23.422
1,122,0.0026,-0.0001,100.0,518.67,643.3,1593.68,1413.97,14.62,21.61,553.43,2388.15,9042.39,1.3,47.6,520.92,2388.12,8131.81,8.4256,0.03,393,2388,100.0,38.86,23.2793
1,123,0.0016,-0.0002,100.0,518.67,643.39,1586.66,1403.04,14.62,21.61,552.64,2388.12,9049.44,1.3,47.41,521.6,2388.17,8129.72,8.4396,0.03,392,2388,100.0,38.9,23.292
1,124,0.0025,0.0002,100.0,518.67,642.48,1587.14,1402.28,14.62,21.61,552.26,2388.13,9053.03,1.3,47.55,521.4,2388.13,8133.82,8.4416,0.03,393,2388,100.0,38.8,23.2341
1,125,-0.0004,0.0005,100.0,518.67,642.96,1585.47,1406.42,14.62,21.61,552.44,2388.13,9046.16,1.3,47.63,521.57,2388.11,8126.33,8.4079,0.03,394,2388,100.0,38.68,23.3039
1,126,0.0016,0.0001,100.0,518.67,642.49,1582.64,1418.5,14.62,21.61,553.72,2388.05,9049.11,1.3,47.49,521.35,2388.08,8130.94,8.4378,0.03,392,2388,100.0,38.85,23.2289
1,127,-0.001,0.0002,100.0,518.67,642.99,1586.9,1399.49,14.62,21.61,553.81,2388.09,9047.9,1.3,47.63,521.34,2388.1,8133.0,8.4626,0.03,393,2388,100.0,38.91,23.2772
1,128,-0.0006,0.0003,100.0,518.67,642.47,1593.87,1407.06,14.62,21.61,552.74,2388.13,9056.59,1.3,47.62,521.96,2388.16,8132.08,8.4413,0.03,393,2388,100.0,38.85,23.2641
1,129,-0.0033,0.0003,100.0,518.67,642.41,1591.33,1408.42,14.62,21.61,552.42,2388.09,9046.08,1.3,47.61,522.02,2388.13,8127.33,8.4681,0.03,393,2388,100.0,38.84,23.2656
1,130,-0.0007,0.0002,100.0,518.67,642.7,1585.9,1412.25,14.62,21.61,552.66,2388.13,9042.97,1.3,47.46,521.49,2388.07,8125.29,8.3938,0.03,394,2388,100.0,38.71,23.3461
1,131,0.0002,-0.0001,100.0,518.67,643.01,1585.78,1413.25,14.62,21.61,553.7,2388.11,9045.1,1.3,47.7,521.45,2388.13,8126.38,8.4328,0.03,391,2388,100.0,38.73,23.3435
1,132,0.0032,-0.0001,100.0,518.67,643.19,1596.06,1405.76,14.62,21.61,553.16,2388.17,9044.04,1.3,47.56,521.64,2388.16,8128.92,8.4227,0.03,393,2388,100.0,38.53,23.3186
1,133,0.0032,-0.0002,100.0,518.67,642.45,1592.64,1410.11,14.62,21.61,553.82,2388.11,9050.95,1.3,47.57,521.23,2388.09,8130.93,8.4604,0.03,394,2388,100.0,38.95,23.2521
1,134,-0.0014,0.0,100.0,518.67,642.85,1583.62,1402.67,14.62,21.61,553.2,2388.11,9046.16,1.3,47.75,521.52,2388.13,8131.3,8.4293,0.03,393,2388,100.0,38.68,23.2833
1,135,-0.0017,0.0001,100.0,518.67,642.45,1585.55,1406.83,14.62,21.61,553.09,2388.14,9050.65,1.3,47.34,520.99,2388.12,8129.34,8.4242,0.03,392,2388,100.0,38.85,23.2744
1,136,0.003,-0.0001,100.0,518.67,642.84,1584.72,1404.39,14.62,21.61,554.18,2388.06,9040.89,1.3,47.43,521.54,2388.11,8130.43,8.4469,0.03,393,2388,100.0,38.76,23.1699
1,137,-0.0011,0.0,100.0,518.67,642.43,1594.69,1405.15,14.62,21.61,553.39,2388.14,9040.55,1.3,47.89,521.63,2388.12,8128.81,8.449,0.03,394,2388,100.0,38.87,23.2593
1,138,-0.0011,0.0001,100.0,518.67,642.79,1589.82,1413.34,14.62,21.61,552.91,2388.11,9049.64,1.3,47.4,521.57,2388.18,8129.67,8.4208,0.03,392,2388,100.0,39.0,23.3664
1,139,-0.0014,0.0005,100.0,518.67,643.11,1592.28,1412.6,14.62,21.61,553.25,2388.06,9044.81,1.3,47.67,521.03,2388.15,8124.97,8.4621,0.03,394,2388,100.0,38.88,23.3422
1,140,-0.0006,-0.0001,100.0,518.67,643.05,1590.89,1408.36,14.62,21.61,552.15,2388.17,9055.85,1.3,47.51,521.27,2388.05,8130.27,8.4397,0.03,393,2388,100.0,38.82,23.3704
1,141,-0.0023,0.0005,100.0,518.67,642.39,1590.02,1415.25,14.62,21.61,553.45,2388.13,9050.86,1.3,47.49,521.06,2388.16,8120.93,8.4641,0.03,394,2388,100.0,39.02,23.2382
1,142,0.0026,0.0002,100.0,518.67,642.51,1595.29,1413.42,14.62,21.61,553.11,2388.1,9046.61,1.3,47.59,520.44,2388.18,8124.87,8.4291,0.03,392,2388,100.0,38.71,23.2816
1,143,-0.0005,-0.0003,100.0,518.67,642.77,1593.1,1404.21,14.62,21.61,553.62,2388.13,9050.63,1.3,47.52,520.98,2388.11,8126.81,8.4419,0.03,393,2388,100.0,38.79,23.2305
1,144,0.0025,-0.0004,100.0,518.67,643.09,1591.89,1405.76,14.62,21.61,553.77,2388.17,9049.33,1.3,47.57,521.11,2388.17,8125.47,8.4601,0.03,393,2388,100.0,38.75,23.2249
1,145,-0.0004,-0.0001,100.0,518.67,642.95,1594.92,1409.63,14.62,21.61,553.03,2388.13,9046.92,1.3,47.54,521.13,2388.15,8130.91,8.4644,0.03,395,2388,100.0,38.67,23.149
1,146,0.0002,-0.0003,100.0,518.67,642.72,1586.75,1408.82,14.62,21.61,552.6,2388.12,9045.99,1.3,47.63,521.13,2388.12,8129.19,8.4312,0.03,392,2388,100.0,38.69,23.3233
1,147,0.0047,0.0001,100.0,518.67,642.25,1594.85,1409.96,14.62,21.61,553.09,2388.14,9041.24,1.3,47.8,520.92,2388.12,8126.13,8.4428,0.03,393,2388,100.0,38.77,23.2684
1,148,0.001,-0.0004,100.0,518.67,643.02,1590.03,1411.89,14.62,21.61,552.84,2388.16,9040.93,1.3,47.49,521.08,2388.15,8124.48,8.4276,0.03,392,2388,100.0,38.77,23.2498
1,149,0.0025,0.0004,100.0,518.67,642.9,1592.78,1410.7,14.62,21.61,552.54,2388.17,9057.24,1.3,47.83,521.13,2388.15,8124.34,8.4731,0.03,394,2388,100.0,38.77,23.2565
1,150,0.001,-0.0003,100.0,518.67,643.06,1589.01,1409.22,14.62,21.61,553.57,2388.12,9044.76,1.3,47.6,520.5,2388.21,8122.99,8.4726,0.03,394,2388,100.0,38.68,23.2082
1,151,-0.0019,-0.0001,100.0,518.67,642.82,1592.39,1411.94,14.62,21.61,552.41,2388.14,9048.12,1.3,47.58,520.94,2388.22,8127.21,8.4612,0.03,394,2388,100.0,38.56,23.2277
1,152,0.0009,-0.0001,100.0,518.67,642.67,1598.6,1420.83,14.62,21.61,552.62,2388.18,9043.9,1.3,47.72,520.39,2388.19,8119.0,8.4572,0.03,395,2388,100.0,38.77,23.2369
1,153,0.0011,-0.0004,100.0,518.67,642.99,1589.17,1414.56,14.62,21.61,552.68,2388.14,9049.43,1.3,47.74,520.69,2388.17,8124.14,8.4435,0.03,393,2388,100.0,38.78,23.1719
1,154,-0.0012,0.0,100.0,518.67,642.81,1597.03,1416.07,14.62,21.61,552.57,2388.14,9049.08,1.3,47.73,520.72,2388.18,8129.24,8.4794,0.03,394,2388,100.0,38.82,23.2366
1,155,-0.0033,0.0002,100.0,518.67,642.83,1590.4,1414.89,14.62,21.61,552.89,2388.16,9049.56,1.3,47.61,521.23,2388.17,8120.41,8.4729,0.03,394,2388,100.0,38.68,23.2749
1,156,-0.002,0.0003,100.0,518.67,643.04,1585.61,1421.23,14.62,21.61,553.24,2388.26,9044.21,1.3,47.58,520.75,2388.16,8128.48,8.4432,0.03,395,2388,100.0,38.77,23.2791
1,157,-0.0018,0.0002,100.0,518.67,642.2,1598.04,1412.47,14.62,21.61,552.32,2388.14,9053.12,1.3,47.72,520.94,2388.17,8125.07,8.4328,0.03,392,2388,100.0,38.67,23.2354
1,158,-0.0023,0.0001,100.0,518.67,642.88,1596.82,1410.09,14.62,21.61,553.19,2388.2,9049.22,1.3,47.68,520.88,2388.22,8126.33,8.4368,0.03,394,2388,100.0,38.75,23.2894
1,159,-0.0006,0.0001,100.0,518.67,642.89,1589.54,1420.37,14.62,21.61,552.18,2388.13,9048.06,1.3,47.76,520.65,2388.23,8127.61,8.4403,0.03,394,2388,100.0,38.76,23.253
1,160,-0.0006,-0.0004,100.0,518.67,643.45,1590.65,1418.08,14.62,21.61,551.87,2388.21,9045.42,1.3,47.84,520.47,2388.22,8122.68,8.4433,0.03,396,2388,100.0,38.52,23.2817
1,161,0.0008,0.0001,100.0,518.67,643.0,1594.2,1417.31,14.62,21.61,552.8,2388.18,9048.06,1.3,47.77,520.47,2388.18,8126.97,8.4405,0.03,394,2388,100.0,38.66,23.2962
1,162,-0.0005,0.0004,100.0,518.67,643.15,1592.22,1423.48,14.62,21.61,552.68,2388.15,9044.45,1.3,47.79,520.44,2388.2,8123.77,8.5015,0.03,394,2388,100.0,38.78,23.1538
1,163,0.0003,-0.0004,100.0,518.67,642.85,1600.54,1421.09,14.62,21.61,552.41,2388.2,9049.24,1.3,47.89,520.3,2388.2,8124.06,8.5129,0.03,393,2388,100.0,38.65,23.1419
1,164,0.0005,-0.0002,100.0,518.67,643.17,1598.96,1416.76,14.62,21.61,551.9,2388.17,9048.92,1.3,47.7,520.63,2388.28,8124.63,8.4803,0.03,394,2388,100.0,38.62,23.1761
1,165,0.001,0.0004,100.0,518.67,642.76,1597.03,1408.09,14.62,21.61,552.79,2388.19,9039.09,1.3,47.89,520.69,2388.24,8126.53,8.4922,0.03,393,2388,100.0,38.59,23.2129
1,166,-0.0022,-0.0003,100.0,518.67,643.34,1596.72,1422.37,14.62,21.61,552.13,2388.22,9043.11,1.3,47.86,520.02,2388.22,8119.14,8.4663,0.03,395,2388,100.0,38.62,23.145
1,167,0.0012,0.0003,100.0,518.67,643.02,1593.83,1414.72,14.62,21.61,552.57,2388.23,9042.05,1.3,47.85,520.49,2388.18,8122.41,8.4632,0.03,394,2388,100.0,38.77,23.3011
1,168,-0.0043,0.0002,100.0,518.67,642.68,1591.19,1415.7,14.62,21.61,552.09,2388.22,9036.35,1.3,47.84,520.78,2388.19,8124.44,8.4925,0.03,393,2388,100.0,38.76,23.277
1,169,-0.0017,0.0004,100.0,518.67,643.2,1590.16,1418.05,14.62,21.61,552.71,2388.25,9055.18,1.3,47.88,520.44,2388.18,8125.3,8.4767,0.03,394,2388,100.0,38.58,23.187
1,170,-0.0017,-0.0002,100.0,518.67,642.92,1592.71,1417.41,14.62,21.61,552.02,2388.21,9044.03,1.3,47.86,520.23,2388.26,8121.76,8.49,0.03,395,2388,100.0,38.66,23.1615
1,171,0.0004,-0.0003,100.0,518.67,643.26,1592.06,1414.99,14.62,21.61,552.71,2388.2,9042.12,1.3,48.03,519.85,2388.22,8124.87,8.4922,0.03,395,2388,100.0,38.68,23.2444
1,172,-0.0014,-0.0003,100.0,518.67,643.33,1591.71,1413.73,14.62,21.61,551.69,2388.24,9039.1,1.3,48.07,520.54,2388.26,8120.08,8.4595,0.03,393,2388,100.0,38.65,23.1585
1,173,-0.0032,0.0002,100.0,518.67,642.97,1590.69,1425.27,14.62,21.61,552.13,2388.22,9048.82,1.3,47.9,520.11,2388.23,8121.64,8.5091,0.03,395,2388,100.0,38.59,23.1789
1,174,-0.0001,-0.0002,100.0,518.67,642.64,1599.81,1422.58,14.62,21.61,552.32,2388.22,9041.25,1.3,48.0,520.22,2388.21,8119.17,8.4476,0.03,393,2388,100.0,38.57,23.0357
1,175,0.0001,0.0002,100.0,518.67,643.61,1603.29,1422.52,14.62,21.61,551.64,2388.23,9042.66,1.3,47.86,520.38,2388.22,8125.76,8.489,0.03,394,2388,100.0,38.58,23.1573
1,176,-0.002,-0.0003,100.0,518.67,642.86,1592.27,1422.73,14.62,21.61,551.91,2388.23,9045.74,1.3,47.84,519.8,2388.2,8123.8,8.4853,0.03,394,2388,100.0,38.72,23.2491
1,177,-0.0038,-0.0003,100.0,518.67,643.79,1602.02,1423.99,14.62,21.61,551.93,2388.25,9046.2,1.3,48.03,520.24,2388.23,8120.11,8.4779,0.03,396,2388,100.0,38.63,23.1673
1,178,-0.0001,0.0002,100.0,518.67,643.38,1605.33,1424.65,14.62,21.61,552.18,2388.23,9046.17,1.3,48.0,520.2,2388.2,8116.56,8.477,0.03,395,2388,100.0,38.65,23.177
1,179,0.0023,-0.0003,100.0,518.67,642.86,1592.56,1429.45,14.62,21.61,551.57,2388.26,9044.23,1.3,48.02,520.38,2388.18,8116.84,8.4947,0.03,395,2388,100.0,38.77,23.1888
1,180,-0.0024,0.0,100.0,518.67,643.58,1599.87,1417.14,14.62,21.61,552.91,2388.21,9039.33,1.3,47.85,519.84,2388.28,8122.57,8.4737,0.03,395,2388,100.0,38.86,23.007
1,181,-0.0006,0.0005,100.0,518.67,643.44,1596.71,1420.64,14.62,21.61,551.83,2388.23,9038.29,1.3,48.1,520.43,2388.23,8114.79,8.472,0.03,397,2388,100.0,38.34,23.1652
1,182,-0.001,0.0003,100.0,518.67,644.21,1602.08,1426.62,14.62,21.61,551.9,2388.26,9041.23,1.3,47.98,520.46,2388.25,8119.67,8.5158,0.03,397,2388,100.0,38.43,23.1787
1,183,0.0001,0.0001,100.0,518.67,643.24,1597.23,1419.03,14.62,21.61,551.38,2388.21,9040.94,1.3,48.03,520.05,2388.23,8117.8,8.5041,0.03,396,2388,100.0,38.56,23.1302
1,184,0.0004,0.0003,100.0,518.67,644.07,1605.44,1432.52,14.62,21.61,551.0,2388.24,9047.91,1.3,48.07,519.77,2388.28,8115.61,8.5133,0.03,395,2388,100.0,38.43,23.0146
1,185,0.0008,0.0001,100.0,518.67,643.8,1603.46,1424.4,14.62,21.61,551.64,2388.29,9043.71,1.3,48.15,519.82,2388.27,8113.69,8.4984,0.03,395,2388,100.0,38.51,23.07
1,186,0.0027,-0.0003,100.0,518.67,643.51,1595.16,1426.3,14.62,21.61,552.57,2388.21,9051.37,1.3,48.12,520.08,2388.25,8123.45,8.5227,0.03,397,2388,100.0,38.47,23.0564
1,187,-0.0047,-0.0,100.0,518.67,643.32,1592.1,1427.27,14.62,21.61,551.08,2388.29,9037.71,1.3,48.23,519.53,2388.28,8115.67,8.5218,0.03,396,2388,100.0,38.42,23.0822
1,188,-0.0067,0.0003,100.0,518.67,643.75,1602.38,1422.78,14.62,21.61,551.94,2388.31,9037.91,1.3,48.0,519.79,2388.23,8117.69,8.5207,0.03,396,2388,100.0,38.51,22.9588
1,189,-0.0006,0.0002,100.0,518.67,644.18,1596.17,1428.01,14.62,21.61,550.7,2388.27,9044.55,1.3,48.08,519.58,2388.33,8117.51,8.5183,0.03,395,2388,100.0,38.48,23.1127
1,190,-0.0027,0.0001,100.0,518.67,643.64,1599.22,1425.95,14.62,21.61,551.29,2388.29,9040.58,1.3,48.33,520.04,2388.35,8112.58,8.5223,0.03,398,2388,100.0,38.49,23.0675
1,191,-0.0,-0.0004,100.0,518.67,643.34,1602.36,1425.77,14.62,21.61,550.92,2388.28,9042.76,1.3,48.15,519.57,2388.3,8114.61,8.5174,0.03,394,2388,100.0,38.45,23.1295
1,192,0.0009,-0.0,100.0,518.67,643.54,1601.41,1427.2,14.62,21.61,551.25,2388.32,9033.22,1.3,48.25,520.08,2388.32,8110.93,8.5113,0.03,396,2388,100.0,38.48,22.9649
2,1,-0.0018,0.0006,100.0,518.67,641.89,1583.84,1391.28,14.62,21.6,554.53,2388.01,9054.72,1.3,46.93,522.33,2388.06,8137.72,8.3905,0.03,391,2388,100.0,38.94,23.4585
2,2,0.0043,-0.0003,100.0,518.67,641.82,1587.05,1393.13,14.62,21.61,554.77,2387.98,9051.31,1.3,47.24,522.7,2387.98,8131.09,8.4167,0.03,392,2388,100.0,39.06,23.4085
2,3,0.0018,0.0003,100.0,518.67,641.55,1588.32,1398.96,14.62,21.6,555.14,2388.04,9054.24,1.3,47.22,522.58,2387.99,8140.58,8.3802,0.03,391,2388,100.0,39.11,23.425
2,4,0.0035,-0.0004,100.0,518.67,641.68,1584.15,1396.08,14.62,21.61,554.25,2387.98,9058.01,1.3,47.1,522.49,2387.93,8140.44,8.4018,0.03,391,2388,100.0,39.13,23.5027
2,5,0.0005,0.0004,100.0,518.67,641.73,1579.03,1402.52,14.62,21.6,555.12,2388.03,9058.15,1.3,47.25,522.27,2387.94,8136.67,8.3867,0.03,390,2388,100.0,39.18,23.4234
2,6,-0.001,0.0004,100.0,518.67,641.3,1577.5,1396.76,14.62,21.61,554.98,2388.04,9054.07,1.3,47.05,522.8,2387.99,8133.65,8.38,0.03,392,2388,100.0,39.15,23.427
2,7,0.0001,-0.0002,100.0,518.67,642.03,1587.49,1400.65,14.62,21.61,554.84,2388.05,9052.67,1.3,47.1,522.14,2388.04,8136.33,8.3941,0.03,391,2388,100.0,39.1,23.4718
2,8,0.0015,-0.0004,100.0,518.67,642.55,1590.41,1395.39,14.62,21.61,554.65,2388.01,9055.82,1.3,47.2,522.77,2387.96,8137.92,8.3861,0.03,391,2388,100.0,39.11,23.4381
2,9,0.0017,-0.0004,100.0,518.67,641.98,1581.99,1395.01,14.62,21.6,554.69,2388.02,9051.67,1.3,47.14,522.4,2387.98,8145.29,8.3868,0.03,390,2388,100.0,39.06,23.4875
2,10,-0.0045,0.0002,100.0,518.67,641.99,1586.37,1394.86,14.62,21.6,554.63,2387.99,9058.88,1.3,47.21,521.99,2387.97,8138.64,8.3982,0.03,391,2388,100.0,39.2,23.6005
2,11,0.0006,0.0004,100.0,518.67,642.26,1589.21,1401.29,14.62,21.61,554.7,2388.01,9053.21,1.3,47.21,522.2,2388.03,8135.85,8.4188,0.03,392,2388,100.0,39.23,23.3888
2,12,0.0002,0.0006,100.0,518.67,641.64,1579.99,1401.9,14.62,21.61,554.57,2387.98,9047.89,1.3,47.13,521.94,2387.97,8136.49,8.3925,0.03,392,2388,100.0,39.12,23.4201
2,13,0.0007,0.0005,100.0,518.67,641.78,1586.77,1401.53,14.62,21.61,554.69,2387.94,9053.63,1.3,47.03,522.33,2387.99,8140.61,8.3742,0.03,391,2388,100.0,38.88,23.4317
2,14,-0.0024,-0.0004,100.0,518.67,641.66,1584.04,1395.46,14.62,21.61,554.47,2388.01,9047.3,1.3,47.12,523.07,2387.98,8140.09,8.3887,0.03,391,2388,100.0,38.93,23.4074
2,15,-0.0012,-0.0003,100.0,518.67,642.21,1579.84,1402.11,14.62,21.61,554.17,2388.02,9049.82,1.3,47.17,521.96,2388.02,8137.72,8.3704,0.03,393,2388,100.0,38.94,23.4311
2,16,-0.001,0.0003,100.0,518.67,641.81,1581.99,1393.46,14.62,21.61,554.53,2387.99,9051.79,1.3,47.24,522.49,2387.95,8133.45,8.3805,0.03,392,2388,100.0,39.01,23.4462
2,17,0.0003,-0.0001,100.0,518.67,642.43,1583.58,1390.27,14.62,21.61,553.62,2388.04,9052.05,1.3,47.13,522.71,2388.08,8134.78,8.3714,0.03,391,2388,100.0,39.04,23.5245
2,18,0.0014,0.0001,100.0,518.67,641.95,1588.43,1400.25,14.62,21.61,554.83,2388.0,9051.35,1.3,47.22,522.92,2388.0,8133.2,8.4053,0.03,391,2388,100.0,39.0,23.4203
2,19,0.0025,0.0001,100.0,518.67,641.75,1576.84,1401.77,14.62,21.61,555.25,2388.02,9055.07,1.3,47.14,522.38,2387.98,8137.51,8.4035,0.03,392,2388,100.0,39.1,23.4102
2,20,0.0042,-0.0004,100.0,518.67,642.34,1582.94,1394.38,14.62,21.61,554.64,2388.0,9050.27,1.3,47.14,522.54,2387.94,8139.83,8.3698,0.03,391,2388,100.0,39.02,23.3821
2,21,-0.0023,0.0001,100.0,518.67,642.05,1579.51,1392.28,14.62,21.61,554.72,2388.03,9055.29,1.3,47.04,522.58,2388.01,8136.57,8.3954,0.03,391,2388,100.0,39.24,23.5014
2,22,0.0024,0.0006,100.0,518.67,642.16,1580.18,1397.67,14.62,21.61,554.35,2387.96,9053.31,1.3,47.17,521.73,2388.04,8140.79,8.3792,0.03,391,2388,100.0,38.98,23.4241
2,23,-0.0013,0.0003,100.0,518.67,642.37,1580.89,1387.5,14.62,21.61,554.69,2387.96,9051.43,1.3,47.21,522.26,2388.07,8131.57,8.3937,0.03,393,2388,100.0,39.1,23.2867
2,24,-0.0019,-0.0,100.0,518.67,641.99,1580.97,1398.67,14.62,21.61,553.5,2387.98,9052.35,1.3,47.15,522.25,2387.97,8136.16,8.3866,0.03,391,2388,100.0,39.18,23.3981
2,25,0.0063,0.0001,100.0,518.67,641.81,1585.38,1396.62,14.62,21.61,554.14,2388.0,9055.28,1.3,47.19,522.31,2388.03,8136.97,8.3959,0.03,391,2388,100.0,38.99,23.4883
2,26,-0.0011,0.0003,100.0,518.67,641.87,1575.38,1392.3,14.62,21.61,554.03,2387.98,9050.81,1.3,47.12,522.8,2388.0,8137.27,8.3472,0.03,391,2388,100.0,38.96,23.4691
2,27,0.0006,0.0005,100.0,518.67,642.12,1585.44,1402.31,14.62,21.61,555.16,2388.03,9058.01,1.3,47.03,522.11,2388.06,8137.73,8.4077,0.03,392,2388,100.0,38.96,23.4275
2,28,0.0037,0.0005,100.0,518.67,642.04,1581.6,1397.45,14.62,21.61,554.77,2387.99,9053.78,1.3,46.99,522.68,2387.93,8136.55,8.3734,0.03,390,2388,100.0,38.95,23.4395
2,29,-0.0032,-0.0003,100.0,518.67,642.08,1583.78,1398.08,14.62,21.61,554.75,2388.0,9055.84,1.3,47.11,522.26,2388.02,8140.77,8.37,0.03,390,2388,100.0,38.97,23.4249
2,30,0.0012,0.0,100.0,518.67,641.78,1590.32,1395.07,14.62,21.61,554.62,2387.98,9050.8,1.3,47.2,522.43,2388.0,8136.63,8.419,0.03,391,2388,100.0,39.1,23.3985
2,31,-0.0009,0.0005,100.0,518.67,641.97,1579.86,1390.94,14.62,21.61,554.8,2388.0,9049.93,1.3,47.05,522.17,2388.04,8131.62,8.4393,0.03,391,2388,100.0,39.17,23.4154
2,32,0.0013,-0.0001,100.0,518.67,641.58,1584.52,1391.11,14.62,21.61,554.56,2387.98,9045.87,1.3,47.12,522.54,2387.98,8138.76,8.3783,0.03,390,2388,100.0,38.97,23.4006
2,33,-0.0032,0.0004,100.0,518.67,641.79,1585.17,1396.15,14.62,21.61,553.62,2388.01,9051.18,1.3,47.09,522.26,2387.99,8133.62,8.4102,0.03,392,2388,100.0,39.01,23.4434
2,34,0.0042,0.0003,100.0,518.67,642.12,1584.08,1394.24,14.62,21.61,555.09,2388.0,9059.29,1.3,47.22,522.64,2387.96,8139.8,8.4188,0.03,390,2388,100.0,38.87,23.4571
2,35,0.002,0.0002,100.0,518.67,641.37,1575.73,1392.55,14.62,21.61,554.73,2388.02,9057.34,1.3,47.25,522.0,2388.0,8142.08,8.4164,0.03,394,2388,100.0,39.06,23.5283
2,36,0.0013,0.0004,100.0,518.67,641.27,1581.56,1397.13,14.62,21.61,554.59,2388.02,9055.79,1.3,47.21,522.32,2388.0,8142.06,8.3709,0.03,391,2388,100.0,39.12,23.3881
2,37,0.005,0.0005,100.0,518.67,642.1,1585.63,1396.29,14.62,21.61,555.01,2388.04,9058.16,1.3,47.16,522.69,2388.02,8136.08,8.3609,0.03,391,2388,100.0,39.08,23.4047
2,38,0.0013,0.0005,100.0,518.67,642.22,1585.15,1397.75,14.62,21.61,554.21,2388.0,9055.35,1.3,47.22,522.13,2388.05,8134.91,8.4069,0.03,390,2388,100.0,39.09,23.4191
2,39,-0.0018,0.0005,100.0,518.67,642.0,1585.69,1391.49,14.62,21.61,554.05,2388.0,9061.16,1.3,47.2,522.79,2388.05,8138.78,8.3755,0.03,391,2388,100.0,39.02,23.4489
2,40,0.0005,0.0005,100.0,518.67,642.02,1582.69,1398.38,14.62,21.61,554.07,2388.03,9046.96,1.3,47.22,522.3,2388.01,8137.16,8.401,0.03,391,2388,100.0,38.84,23.4402
2,41,0.0015,0.0006,100.0,518.67,642.41,1578.97,1398.74,14.62,21.61,554.34,2388.04,9053.6,1.3,47.26,522.22,2388.01,8140.84,8.3856,0.03,392,2388,100.0,38.94,23.3071
2,42,0.0016,0.0005,100.0,518.67,642.27,1579.21,1392.13,14.62,21.61,553.98,2387.97,9046.36,1.3,47.14,522.87,2388.0,8135.3,8.3449,0.03,392,2388,100.0,39.08,23.4631
2,43,0.0027,0.0,100.0,518.67,642.02,1580.59,1391.6,14.62,21.61,554.14,2388.04,9053.65,1.3,47.08,522.9,2388.02,8135.14,8.4144,0.03,392,2388,100.0,38.92,23.4966
2,44,0.0003,0.0003,100.0,518.67,642.01,1584.33,1398.69,14.62,21.61,554.16,2388.04,9057.05,1.3,47.22,522.77,2388.06,8137.23,8.4087,0.03,392,2388,100.0,39.03,23.4546
2,45,-0.0014,-0.0002,100.0,518.67,642.05,1586.41,1397.6,14.62,21.61,554.2,2388.05,9060.38,1.3,47.17,522.27,2388.0,8141.93,8.3847,0.03,390,2388,100.0,38.99,23.4284
2,46,0.0002,-0.0003,100.0,518.67,642.15,1575.45,1392.6,14.62,21.61,554.54,2388.0,9053.33,1.3,47.19,522.08,2388.05,8140.52,8.3994,0.03,390,2388,100.0,38.93,23.5041
2,47,0.0021,0.0003,100.0,518.67,642.4,1583.85,1396.46,14.62,21.61,554.96,2388.04,9046.52,1.3,47.03,522.73,2388.0,8136.97,8.3756,0.03,391,2388,100.0,38.89,23.3447
2,48,0.0006,-0.0001,100.0,518.67,642.09,1586.71,1397.95,14.62,21.61,554.67,2387.99,9057.73,1.3,47.18,522.41,2387.98,8134.97,8.3821,0.03,392,2388,100.0,39.23,23.4336
2,49,-0.0006,0.0005,100.0,518.67,642.85,1583.86,1396.5,14.62,21.61,554.04,2388.04,9049.11,1.3,47.18,522.83,2387.99,8135.93,8.4024,0.03,390,2388,100.0,39.17,23.4871
2,50,-0.0002,-0.0004,100.0,518.67,642.02,1577.86,1399.78,14.62,21.61,554.73,2388.0,9051.65,1.3,47.16,522.16,2388.05,8138.46,8.4042,0.03,391,2388,100.0,39.1,23.353
2,51,0.0008,0.0003,100.0,518.67,642.03,1585.34,1393.06,14.62,21.61,555.02,2388.02,9055.92,1.3,47.03,522.34,2388.01,8137.89,8.3731,0.03,392,2388,100.0,38.9,23.3239
2,52,-0.001,-0.0001,100.0,518.67,641.52,1588.48,1401.66,14.62,21.6,554.76,2388.0,9056.25,1.3,47.09,522.58,2388.01,8134.22,8.4064,0.03,392,2388,100.0,39.08,23.3668
2,53,-0.0023,-0.0001,100.0,518.67,642.0,1584.9,1397.09,14.62,21.61,554.33,2388.05,9051.78,1.3,46.98,522.73,2388.01,8137.95,8.411,0.03,391,2388,100.0,38.95,23.5307
2,54,0.0004,-0.0003,100.0,518.67,641.58,1583.46,1405.33,14.62,21.61,554.42,2388.01,9046.85,1.3,47.1,522.48,2387.99,8141.65,8.4057,0.03,392,2388,100.0,39.13,23.3626
2,55,-0.0035,-0.0004,100.0,518.67,642.33,1585.59,1387.16,14.62,21.6,554.54,2388.02,9044.62,1.3,47.18,522.7,2388.02,8134.65,8.4077,0.03,392,2388,100.0,39.11,23.3779
2,56,-0.0035,0.0002,100.0,518.67,641.84,1587.04,1388.97,14.62,21.61,554.72,2388.02,9052.27,1.3,47.03,522.1,2388.01,8139.72,8.393,0.03,391,2388,100.0,39.1,23.3796
2,57,-0.0003,-0.0001,100.0,518.67,642.5,1584.13,1389.62,14.62,21.61,553.87,2388.05,9052.86,1.3,47.17,521.98,2387.96,8136.88,8.4008,0.03,391,2388,100.0,39.23,23.4544
2,58,-0.0,-0.0002,100.0,518.67,642.3,1582.93,1389.91,14.62,21.61,554.46,2388.03,9047.75,1.3,47.3,522.24,2387.98,8134.92,8.3731,0.03,391,2388,100.0,39.15,23.3861
2,59,0.0032,-0.0,100.0,518.67,642.48,1584.24,1397.95,14.62,21.61,554.6,2388.08,9053.2,1.3,47.17,522.78,2388.0,8136.9,8.4036,0.03,391,2388,100.0,39.04,23.4347
2,60,0.0014,-0.0002,100.0,518.67,642.09,1584.57,1396.84,14.62,21.61,554.06,2388.04,9057.57,1.3,47.12,521.93,2388.02,8141.27,8.4003,0.03,393,2388,100.0,39.11,23.3928
2,61,-0.0044,0.0001,100.0,518.67,642.41,1585.45,1399.71,14.62,21.61,555.08,2388.03,9057.02,1.3,47.09,522.69,2387.99,8135.88,8.4006,0.03,391,2388,100.0,39.04,23.2745
2,62,-0.0017,-0.0001,100.0,518.67,641.81,1577.87,1401.66,14.62,21.61,554.52,2388.03,9048.8,1.3,47.27,521.78,2387.98,8135.86,8.4193,0.03,391,2388,100.0,39.23,23.4442
2,63,-0.0014,0.0005,100.0,518.67,641.91,1575.83,1395.05,14.62,21.61,554.63,2388.0,9061.57,1.3,47.17,522.15,2388.01,8134.72,8.3867,0.03,392,2388,100.0,38.98,23.325
2,64,-0.0,0.0001,100.0,518.67,641.66,1581.65,1401.46,14.62,21.61,554.93,2388.02,9048.35,1.3,47.11,522.18,2388.05,8136.88,8.4144,0.03,391,2388,100.0,39.07,23.398
2,65,0.0008,0.0,100.0,518.67,641.7,1582.59,1395.4,14.62,21.6,554.28,2388.0,9057.07,1.3,47.34,522.52,2387.98,8135.72,8.4128,0.03,391,2388,100.0,38.92,23.3455
2,66,0.0005,-0.0002,100.0,518.67,642.26,1584.6,1394.01,14.62,21.61,554.11,2388.06,9054.62,1.3,47.17,522.65,2387.98,8138.89,8.4121,0.03,392,2388,100.0,39.0,23.426
2,67,-0.0036,-0.0001,100.0,518.67,642.17,1587.63,1395.44,14.62,21.61,554.99,2388.1,9048.97,1.3,46.96,522.58,2388.0,8138.81,8.3761,0.03,393,2388,100.0,39.02,23.3933
2,68,0.0008,0.0001,100.0,518.67,642.5,1577.16,1399.27,14.62,21.61,554.07,2387.97,9054.61,1.3,47.16,522.2,2388.0,8137.75,8.4141,0.03,392,2388,100.0,38.97,23.4076
2,69,-0.0004,0.0,100.0,518.67,642.73,1586.47,1399.73,14.62,21.61,554.35,2388.01,9049.25,1.3,47.33,522.21,2387.97,8136.47,8.4116,0.03,392,2388,100.0,39.09,23.3783
2,70,0.0005,-0.0002,100.0,518.67,641.76,1593.24,1397.3,14.62,21.61,554.47,2388.05,9049.78,1.3,47.26,522.17,2387.98,8134.06,8.4118,0.03,392,2388,100.0,39.06,23.3894
2,71,-0.0004,0.0002,100.0,518.67,642.39,1586.68,1403.09,14.62,21.61,555.01,2388.0,9053.44,1.3,47.24,522.02,2387.94,8131.12,8.3993,0.03,392,2388,100.0,38.92,23.317
2,72,-0.0007,-0.0001,100.0,518.67,642.48,1583.11,1393.85,14.62,21.61,554.54,2388.03,9057.61,1.3,47.19,522.4,2388.02,8136.69,8.4012,0.03,392,2388,100.0,39.12,23.4393
2,73,-0.0004,-0.0001,100.0,518.67,641.73,1586.57,1400.98,14.62,21.61,554.41,2388.01,9057.35,1.3,47.15,522.95,2388.02,8142.06,8.3896,0.03,390,2388,100.0,38.94,23.4567
2,74,-0.0013,0.0001,100.0,518.67,642.39,1584.04,1396.13,14.62,21.6,555.36,2388.01,9060.56,1.3,47.25,521.97,2388.03,8138.8,8.3932,0.03,391,2388,100.0,39.07,23.4015
2,75,0.0025,0.0004,100.0,518.67,641.64,1578.27,1390.64,14.62,21.6,555.45,2387.95,9053.52,1.3,47.09,522.54,2388.07,8133.37,8.3944,0.03,392,2388,100.0,38.99,23.421
2,76,-0.0037,0.0001,100.0,518.67,642.01,1586.91,1399.66,14.62,21.61,554.05,2388.05,9052.13,1.3,46.99,522.08,2388.07,8136.29,8.3629,0.03,392,2388,100.0,38.88,23.4591
2,77,0.0003,0.0,100.0,518.67,641.97,1588.54,1395.38,14.62,21.61,554.06,2388.02,9052.12,1.3,46.95,522.36,2388.02,8138.64,8.4399,0.03,392,2388,100.0,39.01,23.4969
2,78,0.0004,-0.0001,100.0,518.67,642.44,1587.2,1394.24,14.62,21.61,554.83,2387.99,9058.82,1.3,47.12,522.57,2387.98,8135.85,8.4018,0.03,391,2388,100.0,38.96,23.5367
2,79,0.0021,0.0004,100.0,518.67,641.62,1585.59,1398.51,14.62,21.61,554.19,2388.0,9057.44,1.3,47.23,522.26,2388.09,8135.02,8.3931,0.03,390,2388,100.0,39.15,23.2873
2,80,0.0027,-0.0,100.0,518.67,641.37,1588.33,1394.0,14.62,21.61,554.94,2387.99,9056.41,1.3,47.2,523.26,2388.03,8138.12,8.3889,0.03,391,2388,100.0,38.95,23.4198
2,81,0.0006,-0.0001,100.0,518.67,641.72,1578.31,1390.12,14.62,21.61,555.25,2388.02,9053.0,1.3,47.25,522.62,2388.07,8135.81,8.4162,0.03,391,2388,100.0,39.08,23.4685
2,82,0.0035,-0.0001,100.0,518.67,641.86,1587.24,1402.78,14.62,21.61,554.17,2388.01,9055.28,1.3,47.19,522.3,2388.0,8135.13,8.3428,0.03,391,2388,100.0,39.17,23.4491
2,83,0.0,-0.0004,100.0,518.67,641.73,1585.18,1398.81,14.62,21.61,554.18,2388.07,9047.88,1.3,47.13,523.13,2388.04,8135.08,8.3997,0.03,390,2388,100.0,39.0,23.4056
2,84,-0.0037,-0.0004,100.0,518.67,642.41,1586.46,1402.26,14.62,21.61,554.86,2388.06,9050.39,1.3,47.29,522.75,2387.92,8138.11,8.394,0.03,392,2388,100.0,38.95,23.4055
2,85,0.0002,0.0004,100.0,518.67,641.73,1588.31,1398.33,14.62,21.6,554.5,2387.97,9049.41,1.3,47.19,522.63,2387.96,8137.66,8.3954,0.03,391,2388,100.0,39.13,23.4072
2,86,0.0004,-0.0,100.0,518.67,641.85,1579.31,1399.12,14.62,21.61,554.51,2388.02,9050.83,1.3,47.27,522.26,2388.01,8138.02,8.3958,0.03,391,2388,100.0,38.87,23.4982
2,87,0.0019,-0.0002,100.0,518.67,642.36,1582.64,1399.51,14.62,21.61,554.77,2387.95,9056.36,1.3,47.26,522.59,2387.96,8140.14,8.3952,0.03,393,2388,100.0,39.1,23.2916
2,88,0.0007,-0.0002,100.0,518.67,642.23,1587.88,1398.17,14.62,21.6,554.71,2388.01,9056.67,1.3,47.04,522.62,2388.0,8139.82,8.3851,0.03,391,2388,100.0,39.06,23.4173
2,89,0.0017,0.0005,100.0,518.67,641.95,1584.62,1394.07,14.62,21.61,554.18,2388.0,9054.7,1.3,47.18,522.42,2388.08,8135.49,8.4143,0.03,393,2388,100.0,39.18,23.4148
2,90,0.0019,-0.0003,100.0,518.67,642.06,1580.77,1405.34,14.62,21.61,554.1,2387.98,9053.58,1.3,47.21,522.04,2388.0,8138.51,8.3922,0.03,390,2388,100.0,38.9,23.4878
2,91,-0.0007,-0.0002,100.0,518.67,642.09,1583.57,1399.47,14.62,21.61,553.79,2388.02,9045.94,1.3,47.15,522.48,2388.05,8134.67,8.4026,0.03,391,2388,100.0,39.1,23.3972
2,92,-0.0006,0.0005,100.0,518.67,642.36,1584.87,1399.17,14.62,21.6,554.28,2388.02,9050.92,1.3,47.13,522.45,2388.0,8137.35,8.3919,0.03,392,2388,100.0,38.81,23.2772
2,93,0.0019,-0.0004,100.0,518.67,642.21,1591.68,1392.48,14.62,21.61,553.92,2388.05,9049.14,1.3,47.24,522.52,2388.0,8137.98,8.4005,0.03,391,2388,100.0,38.94,23.3075
2,94,0.0,0.0005,100.0,518.67,642.1,1585.62,1395.39,14.62,21.61,554.53,2388.03,9054.99,1.3,47.38,522.74,2387.99,8141.01,8.4075,0.03,392,2388,100.0,39.15,23.4165
2,95,-0.0022,0.0002,100.0,518.67,642.56,1579.26,1402.79,14.62,21.61,553.99,2388.05,9048.27,1.3,47.06,522.37,2388.02,8131.72,8.3773,0.03,392,2388,100.0,38.98,23.4318
2,96,-0.0026,0.0006,100.0,518.67,642.42,1576.94,1399.59,14.62,21.61,554.4,2387.97,9059.0,1.3,47.07,521.66,2388.06,8137.78,8.3698,0.03,392,2388,100.0,38.92,23.3285
2,97,0.0008,0.0001,100.0,518.67,642.04,1586.12,1400.5,14.62,21.61,554.42,2388.02,9056.26,1.3,47.19,522.22,2388.06,8135.99,8.4202,0.03,391,2388,100.0,39.06,23.3578
2,98,-0.0001,0.0003,100.0,518.67,641.73,1587.84,1401.08,14.62,21.61,554.57,2388.04,9056.94,1.3,47.21,522.92,2387.98,8140.08,8.4115,0.03,391,2388,100.0,39.08,23.5011
2,99,-0.0034,-0.0004,100.0,518.67,642.04,1585.48,1400.97,14.62,21.61,554.43,2388.05,9054.46,1.3,47.13,522.5,2388.0,8138.18,8.4179,0.03,393,2388,100.0,39.15,23.3414
2,100,0.0076,-0.0001,100.0,518.67,642.04,1586.01,1402.72,14.62,21.61,554.48,2388.0,9056.18,1.3,47.21,522.01,2388.05,8135.5,8.4107,0.03,390,2388,100.0,38.85,23.331
2,101,0.0031,-0.0,100.0,518.67,641.96,1582.66,1397.81,14.62,21.61,555.07,2387.98,9051.47,1.3,47.37,522.4,2388.01,8140.13,8.3835,0.03,392,2388,100.0,38.93,23.4257
2,102,0.0016,0.0001,100.0,518.67,642.44,1590.24,1407.05,14.62,21.6,554.44,2388.03,9052.38,1.3,47.19,522.05,2388.04,8136.45,8.4052,0.03,391,2388,100.0,38.92,23.3453
2,103,-0.0022,0.0002,100.0,518.67,642.05,1587.75,1392.16,14.62,21.61,554.44,2388.11,9050.8,1.3,47.23,522.36,2388.02,8144.59,8.4148,0.03,392,2388,100.0,39.12,23.4403
2,104,-0.0034,0.0002,100.0,518.67,642.41,1582.04,1397.31,14.62,21.61,554.91,2388.0,9055.21,1.3,47.26,522.18,2388.07,8142.03,8.4037,0.03,390,2388,100.0,39.03,23.4053
2,105,-0.005,0.0004,100.0,518.67,641.94,1585.65,1397.45,14.62,21.61,554.81,2388.02,9058.39,1.3,47.32,522.11,2388.05,8140.65,8.4056,0.03,392,2388,100.0,39.0,23.3467
2,106,0.0002,-0.0004,100.0,518.67,641.87,1584.61,1402.62,14.62,21.61,553.96,2388.06,9061.94,1.3,47.32,522.11,2387.97,8133.6,8.3727,0.03,393,2388,100.0,39.09,23.4154
2,107,0.0011,-0.0001,100.0,518.67,642.52,1581.7,1402.93,14.62,21.61,554.21,2387.96,9058.97,1.3,47.16,522.34,2388.05,8136.62,8.3723,0.03,393,2388,100.0,39.13,23.5191
2,108,0.0014,0.0004,100.0,518.67,642.24,1578.45,1396.25,14.62,21.61,554.29,2388.03,9056.31,1.3,47.23,522.27,2388.04,8136.72,8.3978,0.03,391,2388,100.0,38.75,23.4441
2,109,0.0014,0.0,100.0,518.67,642.12,1590.41,1392.9,14.62,21.61,553.72,2388.12,9053.21,1.3,47.28,522.0,2387.99,8145.36,8.4061,0.03,391,2388,100.0,39.1,23.3497
2,110,-0.0013,-0.0002,100.0,518.67,642.29,1583.3,1398.47,14.62,21.61,554.5,2388.07,9053.81,1.3,47.31,522.27,2388.02,8140.04,8.3723,0.03,391,2388,100.0,39.06,23.3997
2,111,0.0039,0.0,100.0,518.67,642.24,1576.85,1393.76,14.62,21.61,554.42,2387.99,9062.68,1.3,47.18,522.32,2387.99,8137.95,8.4437,0.03,392,2388,100.0,39.16,23.4703
2,112,-0.0023,-0.0002,100.0,518.67,642.49,1588.35,1397.2,14.62,21.61,554.33,2388.01,9063.33,1.3,47.37,522.23,2388.0,8138.79,8.4025,0.03,392,2388,100.0,39.06,23.3444
2,113,-0.003,0.0,100.0,518.67,641.95,1584.21,1404.74,14.62,21.61,554.07,2388.01,9049.1,1.3,47.23,522.1,2387.99,8141.12,8.3994,0.03,391,2388,100.0,39.12,23.5029
2,114,-0.0005,-0.0002,100.0,518.67,642.13,1576.56,1397.05,14.62,21.61,555.1,2388.01,9055.66,1.3,47.19,522.13,2388.02,8138.67,8.4119,0.03,391,2388,100.0,39.06,23.3784
2,115,-0.0041,-0.0001,100.0,518.67,642.16,1583.27,1401.33,14.62,21.61,554.37,2388.01,9055.06,1.3,47.14,522.1,2388.03,8138.48,8.395,0.03,390,2388,100.0,38.89,23.313
2,116,-0.001,0.0004,100.0,518.67,642.38,1577.87,1398.39,14.62,21.61,554.45,2387.97,9053.87,1.3,47.01,522.48,2388.02,8145.28,8.3895,0.03,391,2388,100.0,38.96,23.4542
2,117,-0.0031,-0.0,100.0,518.67,641.97,1583.84,1395.4,14.62,21.61,554.6,2388.02,9056.45,1.3,47.23,522.39,2388.03,8139.95,8.4365,0.03,392,2388,100.0,39.05,23.432
2,118,-0.0013,0.0004,100.0,518.67,641.95,1580.49,1400.99,14.62,21.61,553.96,2388.01,9055.61,1.3,47.11,522.23,2388.05,8141.01,8.3735,0.03,392,2388,100.0,39.04,23.2912
2,119,0.0,-0.0002,100.0,518.67,642.67,1585.06,1401.87,14.62,21.61,554.32,2388.0,9054.52,1.3,47.24,522.21,2388.0,8141.97,8.4236,0.03,392,2388,100.0,38.74,23.3731
2,120,-0.0001,0.0004,100.0,518.67,642.01,1589.61,1394.39,14.62,21.61,554.42,2388.05,9056.54,1.3,47.22,521.62,2388.01,8136.11,8.3666,0.03,391,2388,100.0,39.18,23.4077
2,121,0.0027,0.0003,100.0,518.67,642.04,1580.19,1391.52,14.62,21.61,554.51,2387.96,9053.67,1.3,47.28,522.31,2387.97,8140.79,8.4134,0.03,392,2388,100.0,39.09,23.3381
2,122,0.0011,0.0003,100.0,518.67,642.08,1585.52,1405.27,14.62,21.61,553.82,2388.01,9051.03,1.3,47.23,521.96,2387.97,8136.04,8.3783,0.03,392,2388,100.0,38.88,23.3284
2,123,-0.001,-0.0004,100.0,518.67,642.11,1588.59,1403.23,14.62,21.61,554.31,2388.04,9056.3,1.3,47.21,522.14,2388.03,8134.83,8.3887,0.03,391,2388,100.0,38.86,23.4492
2,124,-0.0002,0.0004,100.0,518.67,642.37,1583.12,1399.26,14.62,21.61,554.58,2388.04,9053.57,1.3,47.06,522.64,2387.99,8135.96,8.4049,0.03,392,2388,100.0,39.03,23.3364
2,125,-0.0015,0.0001,100.0,518.67,642.71,1586.32,1397.94,14.62,21.61,554.81,2388.01,9060.56,1.3,47.31,522.23,2387.98,8142.91,8.4012,0.03,391,2388,100.0,39.09,23.3785
2,126,0.0006,0.0005,100.0,518.67,642.07,1587.45,1403.41,14.62,21.61,554.03,2387.96,9057.08,1.3,47.28,521.95,2387.99,8136.69,8.4243,0.03,392,2388,100.0,38.91,23.3592
2,127,-0.0002,-0.0004,100.0,518.67,642.26,1586.65,1400.81,14.62,21.61,554.08,2387.99,9056.25,1.3,47.21,522.2,2388.08,8134.49,8.4476,0.03,391,2388,100.0,39.08,23.34
2,128,-0.0008,0.0,100.0,518.67,641.54,1592.2,1397.34,14.62,21.6,554.16,2388.01,9054.43,1.3,47.2,522.36,2388.05,8142.32,8.4098,0.03,392,2388,100.0,39.05,23.3966
2,129,0.0007,0.0004,100.0,518.67,641.66,1590.59,1400.25,14.62,21.6,554.6,2388.07,9052.79,1.3,47.23,522.19,2387.99,8139.65,8.3986,0.03,392,2388,100.0,38.96,23.4331
2,130,0.0035,-0.0003,100.0,518.67,642.06,1584.83,1409.98,14.62,21.61,554.42,2387.99,9060.71,1.3,47.26,522.4,2388.05,8137.8,8.4145,0.03,391,2388,100.0,38.92,23.3645
2,131,-0.0001,0.0001,100.0,518.67,641.96,1587.61,1394.26,14.62,21.61,554.88,2388.01,9055.73,1.3,47.36,522.37,2387.98,8141.5,8.4074,0.03,392,2388,100.0,39.02,23.4016
2,132,0.0002,0.0006,100.0,518.67,642.01,1586.66,1398.78,14.62,21.61,554.4,2388.13,9059.84,1.3,47.12,522.25,2388.03,8140.33,8.4102,0.03,390,2388,100.0,38.91,23.313
2,133,-0.0016,-0.0004,100.0,518.67,642.84,1581.22,1393.87,14.62,21.61,554.21,2388.04,9060.79,1.3,47.18,521.71,2388.05,8140.53,8.4054,0.03,392,2388,100.0,38.89,23.2668
2,134,0.0026,0.0001,100.0,518.67,642.76,1586.44,1406.2,14.62,21.6,553.88,2388.02,9061.2,1.3,47.17,521.95,2388.02,8142.84,8.381,0.03,390,2388,100.0,38.95,23.3367
2,135,0.0009,-0.0002,100.0,518.67,642.02,1580.12,1404.56,14.62,21.61,554.52,2388.01,9051.53,1.3,47.34,522.13,2388.03,8129.68,8.4108,0.03,392,2388,100.0,38.91,23.3992
2,136,0.001,-0.0003,100.0,518.67,642.06,1582.91,1402.67,14.62,21.61,554.5,2388.05,9056.59,1.3,47.09,521.86,2387.99,8142.13,8.3889,0.03,389,2388,100.0,39.0,23.4236
2,137,0.0044,-0.0004,100.0,518.67,642.46,1585.36,1406.79,14.62,21.61,554.42,2388.01,9057.59,1.3,47.39,522.21,2388.0,8135.55,8.369,0.03,391,2388,100.0,38.98,23.3517
2,138,0.0012,0.0004,100.0,518.67,642.34,1585.19,1398.95,14.62,21.61,555.03,2387.99,9063.57,1.3,47.16,521.73,2388.04,8137.5,8.4125,0.03,392,2388,100.0,38.82,23.4346
2,139,-0.0003,0.0005,100.0,518.67,642.63,1590.88,1400.87,14.62,21.61,554.24,2388.06,9057.55,1.3,47.3,522.61,2388.03,8139.9,8.3919,0.03,391,2388,100.0,38.94,23.4316
2,140,0.0014,-0.0001,100.0,518.67,642.29,1593.7,1403.14,14.62,21.61,554.86,2388.09,9051.91,1.3,47.32,522.49,2387.95,8139.78,8.4243,0.03,392,2388,100.0,39.01,23.474
2,141,0.0019,0.0003,100.0,518.67,642.07,1585.09,1403.25,14.62,21.61,554.7,2388.05,9057.75,1.3,47.43,522.5,2388.05,8137.35,8.4254,0.03,393,2388,100.0,39.02,23.4038
2,142,-0.0007,0.0004,100.0,518.67,641.91,1586.41,1401.27,14.62,21.61,554.18,2388.08,9060.33,1.3,47.3,522.18,2388.04,8134.04,8.3936,0.03,391,2388,100.0,39.0,23.4716
2,143,0.0001,0.0004,100.0,518.67,642.31,1588.88,1400.49,14.62,21.61,554.05,2388.03,9057.74,1.3,47.3,521.73,2388.05,8138.17,8.423,0.03,393,2388,100.0,38.82,23.4197
2,144,-0.0005,0.0002,100.0,518.67,642.02,1584.35,1401.21,14.62,21.61,553.96,2388.03,9060.12,1.3,47.32,522.11,2388.01,8141.03,8.3836,0.03,392,2388,100.0,39.19,23.3494
2,145,-0.0021,0.0001,100.0,518.67,642.01,1582.72,1403.53,14.62,21.61,554.1,2387.97,9059.1,1.3,47.33,521.93,2388.08,8146.37,8.3967,0.03,393,2388,100.0,38.83,23.5167
2,146,0.0043,-0.0001,100.0,518.67,642.52,1590.06,1405.09,14.62,21.61,554.25,2388.05,9051.0,1.3,47.3,522.0,2388.04,8140.25,8.4074,0.03,391,2388,100.0,38.97,23.4017
2,147,0.0004,-0.0001,100.0,518.67,642.27,1588.78,1394.58,14.62,21.61,554.16,2388.05,9055.27,1.3,47.48,521.91,2388.06,8134.58,8.3896,0.03,393,2388,100.0,38.89,23.3356
2,148,0.0018,0.0004,100.0,518.67,642.65,1584.5,1398.3,14.62,21.61,554.32,2388.02,9055.59,1.3,47.31,522.57,2388.06,8140.37,8.4128,0.03,393,2388,100.0,39.13,23.3971
2,149,-0.002,-0.0003,100.0,518.67,642.03,1587.88,1404.41,14.62,21.61,553.84,2388.04,9057.81,1.3,47.31,521.87,2388.0,8138.62,8.387,0.03,391,2388,100.0,38.89,23.4024
2,150,-0.0021,0.0004,100.0,518.67,642.62,1585.43,1393.74,14.62,21.61,554.13,2388.01,9056.95,1.3,47.15,522.22,2388.02,8138.55,8.4175,0.03,391,2388,100.0,39.03,23.2996
2,151,0.0051,-0.0004,100.0,518.67,642.54,1590.21,1398.31,14.62,21.61,553.66,2387.98,9055.31,1.3,47.33,522.28,2388.04,8143.3,8.4173,0.03,390,2388,100.0,38.92,23.3831
2,152,-0.0004,0.0003,100.0,518.67,642.38,1583.49,1400.9,14.62,21.61,553.86,2388.06,9052.6,1.3,47.25,522.06,2388.07,8136.96,8.4123,0.03,391,2388,100.0,38.86,23.3666
2,153,0.0043,0.0002,100.0,518.67,641.96,1594.33,1397.52,14.62,21.61,553.78,2388.09,9058.68,1.3,47.29,521.82,2388.07,8134.54,8.4262,0.03,392,2388,100.0,38.71,23.3222
2,154,0.0012,0.0001,100.0,518.67,642.34,1591.3,1413.28,14.62,21.6,554.45,2388.01,9055.03,1.3,47.23,522.21,2388.02,8137.22,8.4161,0.03,391,2388,100.0,38.89,23.4216
2,155,-0.0022,-0.0003,100.0,518.67,642.17,1580.93,1397.45,14.62,21.61,553.84,2388.06,9054.82,1.3,47.23,521.91,2388.07,8146.25,8.4029,0.03,392,2388,100.0,38.99,23.3634
2,156,-0.0045,0.0004,100.0,518.67,642.15,1578.73,1399.13,14.62,21.61,554.7,2388.04,9057.22,1.3,47.31,522.14,2388.07,8139.57,8.4075,0.03,391,2388,100.0,39.07,23.3474
2,157,-0.0014,-0.0004,100.0,518.67,642.04,1588.7,1400.63,14.62,21.61,553.71,2388.07,9065.16,1.3,47.45,522.25,2388.06,8143.04,8.4137,0.03,394,2388,100.0,38.97,23.2225
2,158,0.0014,0.0001,100.0,518.67,641.99,1586.95,1404.68,14.62,21.61,554.67,2388.02,9057.68,1.3,47.45,522.32,2388.03,8140.57,8.4324,0.03,392,2388,100.0,39.03,23.422
2,159,-0.0018,-0.0003,100.0,518.67,641.81,1593.89,1399.71,14.62,21.61,553.7,2388.04,9058.8,1.3,47.26,522.2,2388.0,8138.61,8.4138,0.03,393,2388,100.0,38.89,23.3979
2,160,0.0033,-0.0003,100.0,518.67,642.53,1585.65,1409.72,14.62,21.61,554.65,2388.07,9059.7,1.3,47.46,521.96,2388.05,8144.03,8.4012,0.03,393,2388,100.0,38.92,23.4119
2,161,-0.0031,0.0003,100.0,518.67,642.08,1586.65,1396.32,14.62,21.61,554.18,2388.05,9057.22,1.3,47.19,521.96,2388.04,8140.21,8.4601,0.03,393,2388,100.0,38.83,23.4036
2,162,0.0028,0.0003,100.0,518.67,641.71,1588.83,1401.23,14.62,21.61,553.95,2388.06,9062.65,1.3,47.42,522.09,2388.01,8134.78,8.3739,0.03,392,2388,100.0,39.05,23.4045
2,163,0.0007,0.0004,100.0,518.67,642.88,1589.56,1396.2,14.62,21.61,553.96,2388.08,9059.47,1.3,47.29,521.55,2388.05,8142.54,8.3904,0.03,392,2388,100.0,38.94,23.4442
2,164,0.0043,0.0003,100.0,518.67,642.82,1588.23,1405.5,14.62,21.61,554.31,2387.99,9055.65,1.3,47.32,521.74,2388.04,8138.6,8.4304,0.03,391,2388,100.0,38.97,23.4381
2,165,-0.0043,0.0004,100.0,518.67,642.17,1588.55,1402.96,14.62,21.61,553.71,2388.03,9060.97,1.3,47.39,522.28,2387.97,8134.48,8.4068,0.03,392,2388,100.0,38.93,23.4707
2,166,-0.0068,0.0002,100.0,518.67,641.79,1589.09,1394.26,14.62,21.61,553.71,2388.03,9060.46,1.3,47.43,521.96,2388.01,8142.11,8.4111,0.03,392,2388,100.0,38.87,23.4352
2,167,0.0005,-0.0001,100.0,518.67,642.25,1588.74,1395.35,14.62,21.61,553.62,2388.01,9056.24,1.3,47.39,522.11,2388.03,8148.57,8.4261,0.03,393,2388,100.0,38.84,23.3977
2,168,-0.0026,-0.0003,100.0,518.67,642.55,1593.95,1404.01,14.62,21.61,554.32,2388.04,9055.88,1.3,47.3,521.89,2388.04,8135.51,8.4329,0.03,391,2388,100.0,38.84,23.3787
2,169,-0.0004,0.0003,100.0,518.67,642.26,1581.85,1406.06,14.62,21.61,553.06,2388.06,9059.37,1.3,47.33,521.77,2388.09,8141.96,8.4214,0.03,391,2388,100.0,38.93,23.3766
2,170,0.0025,0.0004,100.0,518.67,642.14,1577.26,1405.93,14.62,21.61,553.84,2388.03,9065.67,1.3,47.35,522.36,2388.07,8140.59,8.4079,0.03,394,2388,100.0,38.88,23.3532
2,171,0.0012,0.0005,100.0,518.67,642.21,1587.94,1410.34,14.62,21.61,553.84,2388.03,9060.51,1.3,47.34,521.89,2388.02,8143.29,8.4027,0.03,392,2388,100.0,38.91,23.287
2,172,-0.0041,0.0004,100.0,518.67,642.07,1589.42,1398.26,14.62,21.61,553.69,2388.06,9055.7,1.3,47.25,521.42,2388.09,8134.03,8.4109,0.03,392,2388,100.0,39.09,23.3496
2,173,0.0003,-0.0002,100.0,518.67,642.66,1589.0,1403.22,14.62,21.61,554.64,2388.04,9058.55,1.3,47.27,521.4,2388.05,8140.73,8.4288,0.03,392,2388,100.0,38.92,23.3576
2,174,-0.0009,-0.0003,100.0,518.67,642.34,1588.01,1403.24,14.62,21.61,553.76,2388.08,9066.4,1.3,47.31,521.85,2388.04,8144.79,8.3994,0.03,394,2388,100.0,39.02,23.3513
2,175,-0.0005,0.0005,100.0,518.67,642.46,1584.58,1398.37,14.62,21.61,554.01,2388.02,9067.91,1.3,47.45,522.2,2388.08,8140.85,8.417,0.03,393,2388,100.0,38.88,23.3065
2,176,-0.001,-0.0004,100.0,518.67,642.32,1585.73,1405.47,14.62,21.61,554.15,2388.04,9058.59,1.3,47.22,521.54,2388.07,8147.04,8.4189,0.03,392,2388,100.0,39.08,23.4372
2,177,0.0004,-0.0001,100.0,518.67,642.35,1586.88,1400.31,14.62,21.61,554.59,2388.06,9057.99,1.3,47.42,521.95,2388.04,8139.0,8.4153,0.03,393,2388,100.0,38.74,23.3538
2,178,0.0031,0.0003,100.0,518.67,642.43,1590.29,1404.39,14.62,21.61,553.83,2388.04,9056.85,1.3,47.56,521.97,2388.07,8146.93,8.3914,0.03,391,2388,100.0,38.85,23.353
2,179,-0.0024,-0.0001,100.0,518.67,642.33,1584.55,1399.3,14.62,21.61,553.86,2388.03,9060.98,1.3,47.37,522.48,2388.03,8140.62,8.4462,0.03,394,2388,100.0,38.91,23.3329
2,180,-0.0011,0.0,100.0,518.67,642.5,1593.51,1402.27,14.62,21.61,554.21,2388.11,9058.3,1.3,47.52,521.76,2388.05,8139.98,8.4404,0.03,392,2388,100.0,39.04,23.3712
2,181,0.0003,-0.0002,100.0,518.67,642.01,1585.87,1399.24,14.62,21.61,554.29,2388.03,9057.86,1.3,47.27,522.19,2388.01,8134.52,8.4148,0.03,393,2388,100.0,38.92,23.3777
2,182,-0.0,-0.0002,100.0,518.67,642.39,1586.42,1406.61,14.62,21.61,553.63,2388.03,9069.4,1.3,47.52,522.39,2388.09,8143.47,8.4072,0.03,392,2388,100.0,39.04,23.2931
2,183,-0.0015,-0.0002,100.0,518.67,642.6,1584.95,1406.15,14.62,21.61,554.35,2388.08,9064.12,1.3,47.24,521.84,2388.06,8142.25,8.4225,0.03,392,2388,100.0,38.85,23.3851
2,184,0.0037,0.0,100.0,518.67,642.43,1585.66,1408.13,14.62,21.61,554.99,2388.04,9067.28,1.3,47.47,521.86,2388.06,8142.27,8.3996,0.03,394,2388,100.0,38.85,23.4003
2,185,-0.002,0.0004,100.0,518.67,642.66,1581.09,1407.11,14.62,21.61,554.53,2388.02,9059.27,1.3,47.23,522.22,2388.05,8143.76,8.42,0.03,392,2388,100.0,38.94,23.2801
2,186,-0.0004,0.0002,100.0,518.67,642.8,1582.46,1404.35,14.62,21.61,554.42,2388.05,9063.38,1.3,47.47,521.82,2388.16,8145.64,8.4131,0.03,393,2388,100.0,38.75,23.3416
2,187,0.0019,0.0002,100.0,518.67,642.69,1588.88,1407.54,14.62,21.61,553.32,2388.08,9060.97,1.3,47.51,521.09,2388.05,8136.8,8.4101,0.03,392,2388,100.0,38.93,23.3926
2,188,0.0024,0.0002,100.0,518.67,642.64,1582.97,1402.72,14.62,21.61,554.26,2388.07,9062.7,1.3,47.37,522.34,2388.04,8139.36,8.4124,0.03,392,2388,100.0,38.82,23.306
2,189,0.0003,0.0002,100.0,518.67,642.81,1583.54,1403.09,14.62,21.61,554.03,2388.03,9069.79,1.3,47.42,521.7,2388.04,8141.68,8.4253,0.03,393,2388,100.0,39.02,23.2923
2,190,0.0013,0.0004,100.0,518.67,642.48,1592.5,1405.73,14.62,21.61,554.4,2388.06,9059.23,1.3,47.2,521.73,2388.03,8139.4,8.4128,0.03,393,2388,100.0,39.04,23.2623
2,191,-0.0009,0.0004,100.0,518.67,642.23,1584.59,1407.64,14.62,21.61,553.42,2388.04,9064.99,1.3,47.4,521.92,2388.05,8142.41,8.4694,0.03,393,2388,100.0,38.93,23.3507
2,192,0.0003,0.0002,100.0,518.67,642.18,1589.95,1404.07,14.62,21.6,553.09,2388.03,9071.88,1.3,47.49,521.7,2388.09,8141.81,8.4309,0.03,392,2388,100.0,38.87,23.3049
2,193,-0.0021,-0.0003,100.0,518.67,642.13,1588.28,1399.59,14.62,21.61,553.54,2388.09,9063.55,1.3,47.3,521.16,2388.08,8144.36,8.4143,0.03,393,2388,100.0,38.73,23.2606
2,194,-0.0003,-0.0003,100.0,518.67,643.1,1592.38,1404.64,14.62,21.61,553.86,2388.05,9065.99,1.3,47.69,522.17,2388.1,8142.38,8.4304,0.03,393,2388,100.0,38.9,23.3282
2,195,-0.0026,0.0004,100.0,518.67,643.24,1591.55,1410.18,14.62,21.61,553.22,2388.01,9060.17,1.3,47.32,521.92,2388.07,8147.43,8.4224,0.03,393,2388,100.0,39.09,23.3326
2,196,0.0003,0.0004,100.0,518.67,642.64,1591.39,1408.59,14.62,21.61,554.31,2388.15,9054.2,1.3,47.43,522.02,2388.06,8139.28,8.4614,0.03,393,2388,100.0,39.04,23.3682
2,197,0.0018,0.0005,100.0,518.67,642.55,1588.64,1403.29,14.62,21.61,554.07,2388.07,9061.28,1.3,47.36,521.47,2388.06,8148.8,8.4387,0.03,390,2388,100.0,38.79,23.3426
2,198,-0.0051,0.0003,100.0,518.67,643.21,1596.17,1402.91,14.62,21.61,553.94,2388.05,9059.21,1.3,47.14,521.5,2388.05,8146.21,8.441,0.03,392,2388,100.0,38.9,23.2813
2,199,0.0026,0.0001,100.0,518.67,642.44,1587.17,1409.39,14.62,21.61,554.06,2388.09,9061.54,1.3,47.49,521.22,2388.08,8144.69,8.429,0.03,394,2388,100.0,39.08,23.2433
2,200,-0.0017,0.0,100.0,518.67,642.74,1589.73,1406.28,14.62,21.61,553.13,2388.08,9065.78,1.3,47.44,521.69,2388.07,8144.69,8.4143,0.03,394,2388,100.0,38.95,23.4101
2,201,0.0021,0.0002,100.0,518.67,642.31,1595.57,1400.92,14.62,21.61,554.25,2388.04,9062.65,1.3,47.44,521.88,2388.1,8144.5,8.4458,0.03,392,2388,100.0,38.93,23.3551
2,202,-0.0001,0.0003,100.0,518.67,642.56,1589.47,1408.72,14.62,21.61,554.14,2388.14,9070.71,1.3,47.45,522.01,2388.03,8148.95,8.4287,0.03,392,2388,100.0,38.68,23.1814
2,203,0.0048,0.0001,100.0,518.67,641.95,1593.02,1410.33,14.62,21.61,553.2,2388.05,9070.42,1.3,47.58,521.41,2388.12,8137.27,8.4197,0.03,393,2388,100.0,38.7,23.1596
2,204,0.0012,0.0003,100.0,518.67,642.46,1591.84,1404.01,14.62,21.61,553.94,2388.02,9064.87,1.3,47.43,521.33,2388.06,8145.46,8.4779,0.03,393,2388,100.0,38.93,23.3788
2,205,-0.0021,0.0003,100.0,518.67,642.65,1586.59,1409.11,14.62,21.61,552.83,2388.07,9065.07,1.3,47.42,521.48,2388.09,8144.24,8.4298,0.03,393,2388,100.0,39.01,23.3266
2,206,-0.0004,-0.0003,100.0,518.67,642.51,1588.18,1411.14,14.62,21.61,553.86,2388.03,9059.13,1.3,47.24,521.37,2388.08,8145.04,8.4086,0.03,391,2388,100.0,38.8,23.3974
2,207,-0.0003,-0.0004,100.0,518.67,642.73,1591.04,1402.94,14.62,21.61,553.06,2388.05,9067.79,1.3,47.39,521.55,2388.04,8146.73,8.4175,0.03,392,2388,100.0,38.87,23.308
2,208,0.0004,0.0004,100.0,518.67,642.6,1590.29,1407.93,14.62,21.61,553.09,2388.05,9061.96,1.3,47.51,521.64,2388.11,8140.99,8.458,0.03,394,2388,100.0,38.75,23.2931
2,209,0.004,0.0002,100.0,518.67,642.27,1590.92,1409.2,14.62,21.61,553.66,2388.09,9065.23,1.3,47.43,520.72,2388.11,8147.1,8.4281,0.03,391,2388,100.0,38.97,23.3362
2,210,-0.005,0.0001,100.0,518.67,642.88,1583.56,1396.99,14.62,21.61,553.5,2388.1,9064.68,1.3,47.51,521.77,2388.08,8141.12,8.4317,0.03,393,2388,100.0,38.92,23.2484
2,211,-0.0017,-0.0002,100.0,518.67,642.8,1584.65,1409.23,14.62,21.61,552.47,2388.08,9066.43,1.3,47.48,521.67,2388.08,8143.14,8.452,0.03,392,2388,100.0,38.86,23.2252
2,212,0.0005,-0.0004,100.0,518.67,642.54,1586.71,1406.43,14.62,21.61,553.32,2388.13,9068.2,1.3,47.51,521.74,2388.16,8148.07,8.461,0.03,391,2388,100.0,39.03,23.2138
2,213,-0.0039,-0.0,100.0,518.67,642.39,1594.64,1407.38,14.62,21.61,554.04,2388.09,9066.07,1.3,47.56,521.65,2388.05,8144.0,8.4354,0.03,392,2388,100.0,38.73,23.3246
2,214,0.0017,-0.0002,100.0,518.67,642.39,1588.17,1402.21,14.62,21.61,553.86,2388.09,9062.68,1.3,47.49,521.81,2388.13,8148.16,8.4428,0.03,390,2388,100.0,38.82,23.2857
2,215,-0.0004,0.0005,100.0,518.67,642.97,1591.44,1411.63,14.62,21.61,553.75,2388.09,9071.14,1.3,47.57,521.02,2388.09,8141.9,8.4192,0.03,395,2388,100.0,38.72,23.117
2,216,-0.0021,0.0005,100.0,518.67,642.46,1583.46,1408.68,14.62,21.61,553.01,2388.08,9063.95,1.3,47.53,522.19,2388.06,8144.7,8.452,0.03,393,2388,100.0,38.97,23.3221
2,217,0.0023,0.0005,100.0,518.67,643.3,1585.11,1407.97,14.62,21.61,553.22,2388.1,9061.1,1.3,47.51,521.29,2388.08,8148.52,8.4982,0.03,392,2388,100.0,38.94,23.2658
2,218,0.0033,-0.0002,100.0,518.67,642.91,1592.69,1412.7,14.62,21.61,553.09,2388.12,9070.12,1.3,47.56,521.7,2388.02,8146.85,8.4763,0.03,394,2388,100.0,38.87,23.2734
2,219,0.0029,0.0001,100.0,518.67,642.88,1592.52,1412.91,14.62,21.61,553.28,2388.02,9074.41,1.3,47.71,521.74,2388.12,8147.72,8.46,0.03,393,2388,100.0,38.78,23.371
2,220,-0.0036,-0.0002,100.0,518.67,642.87,1600.76,1406.68,14.62,21.61,552.92,2388.09,9068.44,1.3,47.54,520.77,2388.11,8148.15,8.4123,0.03,392,2388,100.0,38.86,23.3541
2,221,0.0032,-0.0001,100.0,518.67,643.09,1586.57,1408.21,14.62,21.61,553.77,2388.12,9072.45,1.3,47.47,521.46,2388.11,8145.66,8.4446,0.03,394,2388,100.0,38.99,23.3309
2,222,0.001,0.0001,100.0,518.67,643.16,1590.78,1411.66,14.62,21.61,553.56,2388.1,9068.24,1.3,47.52,521.46,2388.1,8144.87,8.4414,0.03,393,2388,100.0,38.75,23.3147
2,223,-0.0002,0.0003,100.0,518.67,643.06,1596.47,1406.28,14.62,21.61,553.91,2388.06,9068.95,1.3,47.62,520.84,2388.12,8152.25,8.4348,0.03,393,2388,100.0,38.84,23.2077
2,224,-0.001,0.0001,100.0,518.67,642.86,1592.47,1414.63,14.62,21.61,553.17,2388.13,9070.23,1.3,47.74,521.16,2388.12,8148.63,8.4495,0.03,394,2388,100.0,38.79,23.2336
2,225,0.0014,-0.0,100.0,518.67,642.68,1590.59,1409.87,14.62,21.61,553.96,2388.12,9069.7,1.3,47.67,521.33,2388.15,8150.97,8.4357,0.03,393,2388,100.0,38.75,23.209
2,226,-0.0018,0.0002,100.0,518.67,643.23,1601.02,1408.9,14.62,21.61,553.45,2388.05,9063.54,1.3,47.46,521.59,2388.11,8143.41,8.4744,0.03,394,2388,100.0,38.83,23.3575
2,227,0.0014,0.0004,100.0,518.67,642.8,1587.46,1410.4,14.62,21.61,553.73,2388.11,9070.71,1.3,47.66,521.28,2388.09,8148.82,8.4472,0.03,393,2388,100.0,38.8,23.2895
2,228,-0.0017,0.0001,100.0,518.67,642.67,1592.83,1406.88,14.62,21.61,553.35,2388.11,9069.67,1.3,47.46,521.18,2388.1,8152.87,8.4493,0.03,394,2388,100.0,38.72,23.2553
2,229,0.0008,-0.0001,100.0,518.67,642.32,1593.83,1407.69,14.62,21.61,553.0,2388.13,9071.15,1.3,47.65,521.66,2388.11,8144.84,8.4447,0.03,393,2388,100.0,38.82,23.1824
2,230,-0.0002,0.0004,100.0,518.67,642.68,1593.67,1412.71,14.62,21.61,553.43,2388.09,9077.18,1.3,47.69,520.94,2388.09,8148.9,8.4482,0.03,394,2388,100.0,38.71,23.2213
2,231,-0.0004,-0.0001,100.0,518.67,642.99,1593.78,1404.68,14.62,21.61,552.61,2388.13,9071.48,1.3,47.64,521.73,2388.11,8144.02,8.462,0.03,394,2388,100.0,38.81,23.2847
2,232,0.0027,0.0004,100.0,518.67,642.98,1590.33,1411.66,14.62,21.61,553.53,2388.11,9070.67,1.3,47.56,520.9,2388.07,8151.93,8.4395,0.03,394,2388,100.0,38.7,23.2459
2,233,-0.0023,-0.0004,100.0,518.67,642.96,1599.65,1413.34,14.62,21.61,553.49,2388.07,9070.71,1.3,47.66,521.63,2388.11,8146.92,8.448,0.03,392,2388,100.0,38.63,23.3894
2,234,-0.0022,-0.0002,100.0,518.67,643.49,1588.68,1412.07,14.62,21.61,553.31,2388.12,9070.14,1.3,47.58,521.42,2388.1,8150.84,8.4341,0.03,394,2388,100.0,38.87,23.2635
2,235,0.0019,0.0002,100.0,518.67,642.63,1594.54,1406.42,14.62,21.61,552.42,2388.12,9073.86,1.3,47.85,521.66,2388.12,8149.47,8.4699,0.03,394,2388,100.0,38.82,23.2137
2,236,-0.0044,0.0003,100.0,518.67,643.01,1598.16,1410.66,14.62,21.61,553.52,2388.15,9068.9,1.3,47.63,521.17,2388.11,8147.85,8.4679,0.03,394,2388,100.0,38.63,23.275
2,237,0.0027,0.0004,100.0,518.67,643.14,1593.05,1419.76,14.62,21.61,552.78,2388.11,9069.61,1.3,47.65,520.7,2388.12,8152.81,8.4742,0.03,394,2388,100.0,38.57,23.2618
2,238,-0.0018,-0.0,100.0,518.67,643.13,1599.64,1413.73,14.62,21.61,552.98,2388.11,9072.97,1.3,47.52,521.34,2388.12,8152.62,8.4681,0.03,394,2388,100.0,38.67,23.1829
2,239,0.0026,-0.0003,100.0,518.67,642.73,1598.37,1417.49,14.62,21.61,553.05,2388.13,9072.08,1.3,47.83,520.66,2388.12,8143.53,8.4318,0.03,394,2388,100.0,38.68,23.2728
2,240,-0.0017,-0.0002,100.0,518.67,642.61,1599.71,1406.54,14.62,21.61,553.18,2388.11,9077.79,1.3,47.66,521.18,2388.11,8152.44,8.482,0.03,393,2388,100.0,38.76,23.314
2,241,-0.0026,0.0001,100.0,518.67,643.14,1598.65,1418.33,14.62,21.61,552.36,2388.16,9075.94,1.3,47.7,521.1,2388.13,8151.05,8.4423,0.03,396,2388,100.0,38.8,23.1703
2,242,-0.0008,0.0004,100.0,518.67,643.77,1593.7,1408.71,14.62,21.61,553.07,2388.13,9078.67,1.3,47.54,521.6,2388.08,8155.17,8.4377,0.03,393,2388,100.0,38.78,23.2157
2,243,0.0042,-0.0002,100.0,518.67,643.04,1593.98,1411.41,14.62,21.61,552.71,2388.09,9078.11,1.3,47.55,521.05,2388.06,8152.43,8.4661,0.03,395,2388,100.0,38.57,23.2729
2,244,-0.0013,0.0005,100.0,518.67,642.88,1595.99,1413.04,14.62,21.61,552.68,2388.13,9072.86,1.3,47.71,520.6,2388.14,8156.27,8.4785,0.03,393,2388,100.0,38.57,23.3427
2,245,-0.0016,0.0005,100.0,518.67,642.7,1590.93,1418.05,14.62,21.61,552.75,2388.15,9081.05,1.3,47.75,521.03,2388.12,8152.57,8.4748,0.03,395,2388,100.0,38.73,23.2067
2,246,0.0001,0.0003,100.0,518.67,642.85,1589.74,1420.2,14.62,21.61,552.57,2388.12,9075.07,1.3,47.72,521.27,2388.11,8149.52,8.4702,0.03,396,2388,100.0,38.66,23.27
2,247,-0.0013,-0.0002,100.0,518.67,642.88,1601.2,1413.56,14.62,21.61,552.46,2388.1,9074.98,1.3,47.7,520.61,2388.14,8149.5,8.4745,0.03,394,2388,100.0,38.58,23.2229
2,248,0.0048,0.0001,100.0,518.67,643.06,1599.41,1417.22,14.62,21.61,552.52,2388.08,9088.08,1.3,47.75,520.49,2388.12,8156.5,8.5015,0.03,392,2388,100.0,38.8,23.19
2,249,0.0013,-0.0004,100.0,518.67,643.79,1599.77,1419.19,14.62,21.61,551.56,2388.17,9076.61,1.3,47.66,520.7,2388.13,8153.91,8.4615,0.03,395,2388,100.0,38.88,23.2251
2,250,-0.0029,0.0004,100.0,518.67,643.15,1598.28,1415.35,14.62,21.61,553.0,2388.16,9076.4,1.3,47.79,520.37,2388.07,8153.25,8.4495,0.03,394,2388,100.0,38.71,23.1868
2,251,-0.0017,-0.0003,100.0,518.67,642.47,1598.68,1418.61,14.62,21.61,552.01,2388.16,9077.39,1.3,47.92,520.99,2388.1,8149.06,8.467,0.03,394,2388,100.0,38.54,23.2506
2,252,-0.004,0.0004,100.0,518.67,642.83,1596.89,1422.69,14.62,21.61,552.51,2388.11,9077.59,1.3,47.7,519.98,2388.14,8155.19,8.4779,0.03,394,2388,100.0,38.5,23.2033
2,253,0.0009,-0.0002,100.0,518.67,643.01,1596.43,1416.12,14.62,21.61,553.07,2388.14,9084.1,1.3,47.69,520.7,2388.12,8159.27,8.4662,0.03,394,2388,100.0,38.72,23.17
2,254,-0.0009,0.0005,100.0,518.67,643.31,1593.88,1423.55,14.62,21.61,551.99,2388.15,9084.75,1.3,47.95,520.83,2388.15,8157.22,8.4604,0.03,393,2388,100.0,38.78,23.1766
2,255,0.0012,0.0006,100.0,518.67,643.48,1598.25,1412.73,14.62,21.61,553.26,2388.15,9082.41,1.3,47.67,520.85,2388.12,8156.91,8.4829,0.03,395,2388,100.0,38.67,23.2282
2,256,-0.0044,0.0004,100.0,518.67,642.92,1598.83,1421.46,14.62,21.61,552.68,2388.12,9083.63,1.3,47.77,520.67,2388.12,8153.87,8.5297,0.03,395,2388,100.0,38.62,23.2518
2,257,0.0,-0.0002,100.0,518.67,643.06,1593.17,1426.94,14.62,21.61,552.19,2388.14,9086.82,1.3,48.02,520.95,2388.14,8158.12,8.4847,0.03,395,2388,100.0,38.64,23.2133
2,258,0.0007,-0.0,100.0,518.67,642.93,1599.77,1421.07,14.62,21.61,552.71,2388.11,9082.16,1.3,47.66,520.79,2388.18,8156.39,8.4796,0.03,394,2388,100.0,38.49,23.1194
2,259,0.0006,-0.0003,100.0,518.67,642.78,1597.65,1416.63,14.62,21.61,552.58,2388.12,9088.69,1.3,47.91,520.52,2388.13,8153.52,8.5312,0.03,395,2388,100.0,38.48,23.1053
2,260,0.0027,0.0001,100.0,518.67,642.94,1593.51,1419.41,14.62,21.61,552.02,2388.17,9078.61,1.3,47.94,520.54,2388.04,8158.73,8.4766,0.03,392,2388,100.0,38.44,23.153
2,261,-0.0009,0.0003,100.0,518.67,643.69,1594.0,1419.92,14.62,21.61,552.31,2388.09,9086.97,1.3,48.03,519.98,2388.13,8157.24,8.4775,0.03,393,2388,100.0,38.58,23.1426
2,262,0.0068,-0.0002,100.0,518.67,643.05,1588.3,1418.2,14.62,21.61,553.01,2388.14,9079.59,1.3,47.82,520.68,2388.12,8157.1,8.467,0.03,395,2388,100.0,38.4,23.1573
2,263,-0.0023,0.0001,100.0,518.67,643.16,1592.32,1422.82,14.62,21.61,552.81,2388.2,9079.99,1.3,47.91,521.04,2388.14,8159.57,8.5205,0.03,395,2388,100.0,38.81,23.1446
2,264,-0.0017,0.0005,100.0,518.67,643.47,1610.1,1424.48,14.62,21.61,552.17,2388.18,9086.82,1.3,48.07,520.47,2388.15,8154.78,8.522,0.03,395,2388,100.0,38.67,23.2342
2,265,-0.0035,0.0004,100.0,518.67,643.03,1593.48,1420.27,14.62,21.61,552.45,2388.18,9085.7,1.3,47.66,520.27,2388.12,8160.3,8.5185,0.03,395,2388,100.0,38.66,23.0402
2,266,0.002,-0.0001,100.0,518.67,643.14,1591.54,1422.54,14.62,21.61,551.84,2388.1,9083.55,1.3,47.84,520.52,2388.16,8158.06,8.461,0.03,397,2388,100.0,38.51,23.1815
2,267,-0.0,0.0003,100.0,518.67,642.96,1602.23,1422.12,14.62,21.61,552.61,2388.11,9091.67,1.3,47.8,520.2,2388.15,8161.44,8.4596,0.03,395,2388,100.0,38.49,23.1591
2,268,0.0006,-0.0,100.0,518.67,643.1,1602.53,1419.61,14.62,21.61,552.1,2388.16,9085.07,1.3,47.96,520.93,2388.15,8161.33,8.5129,0.03,395,2388,100.0,38.55,23.1937
2,269,-0.0002,-0.0002,100.0,518.67,643.11,1594.52,1419.23,14.62,21.61,551.28,2388.2,9086.7,1.3,48.09,519.74,2388.14,8159.05,8.5043,0.03,395,2388,100.0,38.71,22.9897
2,270,0.0005,-0.0002,100.0,518.67,643.12,1604.32,1424.27,14.62,21.61,551.75,2388.2,9083.41,1.3,48.04,520.35,2388.12,8158.1,8.5204,0.03,395,2388,100.0,38.59,23.1713
2,271,0.0001,0.0002,100.0,518.67,643.87,1607.43,1425.06,14.62,21.61,551.73,2388.22,9088.84,1.3,48.14,519.97,2388.21,8158.97,8.5014,0.03,395,2388,100.0,38.49,22.9721
2,272,-0.0004,0.0001,100.0,518.67,643.27,1600.02,1426.7,14.62,21.61,552.44,2388.22,9085.04,1.3,47.96,520.56,2388.2,8155.61,8.5126,0.03,395,2388,100.0,38.48,23.1781
2,273,-0.0036,-0.0003,100.0,518.67,643.71,1598.88,1418.55,14.62,21.61,552.47,2388.15,9094.09,1.3,47.88,519.72,2388.2,8163.69,8.5098,0.03,394,2388,100.0,38.53,23.1182
2,274,-0.0,0.0004,100.0,518.67,643.18,1598.98,1427.83,14.62,21.61,551.25,2388.2,9089.3,1.3,48.07,519.73,2388.18,8161.62,8.488,0.03,396,2388,100.0,38.27,23.1046
2,275,0.001,0.0001,100.0,518.67,643.67,1595.3,1421.8,14.62,21.61,551.86,2388.21,9094.94,1.3,48.02,520.0,2388.17,8157.59,8.5136,0.03,396,2388,100.0,38.67,23.198
2,276,-0.0018,0.0004,100.0,518.67,643.82,1605.46,1429.66,14.62,21.61,551.43,2388.16,9087.19,1.3,47.98,520.09,2388.17,8163.22,8.5177,0.03,396,2388,100.0,38.41,23.0895
2,277,0.0017,-0.0004,100.0,518.67,643.91,1601.47,1424.78,14.62,21.61,552.45,2388.22,9092.92,1.3,48.03,519.93,2388.17,8171.9,8.5206,0.03,395,2388,100.0,38.68,23.0609
2,278,-0.0,-0.0003,100.0,518.67,643.44,1597.61,1423.67,14.62,21.61,551.49,2388.19,9096.47,1.3,47.99,519.72,2388.24,8160.69,8.5285,0.03,396,2388,100.0,38.49,23.0702
2,279,0.0006,0.0005,100.0,518.67,643.64,1594.8,1426.95,14.62,21.61,551.16,2388.19,9096.6,1.3,48.13,519.66,2388.26,8164.77,8.5237,0.03,395,2388,100.0,38.51,23.046
2,280,-0.0061,-0.0,100.0,518.67,643.63,1594.21,1422.89,14.62,21.61,551.84,2388.24,9101.42,1.3,48.12,519.91,2388.21,8163.77,8.4889,0.03,396,2388,100.0,38.56,23.1462
2,281,-0.0009,-0.0003,100.0,518.67,643.6,1598.25,1424.36,14.62,21.61,551.44,2388.18,9089.18,1.3,48.17,519.48,2388.15,8167.57,8.5377,0.03,398,2388,100.0,38.52,23.0385
2,282,0.0012,-0.0,100.0,518.67,643.94,1598.56,1426.87,14.62,21.61,552.29,2388.23,9092.2,1.3,48.27,520.05,2388.18,8168.43,8.5149,0.03,397,2388,100.0,38.44,23.094
2,283,0.0046,0.0002,100.0,518.67,643.78,1602.03,1429.67,14.62,21.61,551.46,2388.16,9084.13,1.3,48.21,520.07,2388.2,8174.85,8.5199,0.03,398,2388,100.0,38.42,23.0358
2,284,-0.0006,0.0001,100.0,518.67,643.91,1601.35,1430.04,14.62,21.61,551.96,2388.22,9089.87,1.3,48.18,519.95,2388.21,8166.83,8.5291,0.03,395,2388,100.0,38.23,23.1196
2,285,-0.0007,0.0004,100.0,518.67,643.67,1596.84,1431.17,14.62,21.61,550.85,2388.2,9098.67,1.3,48.27,519.91,2388.22,8164.83,8.5242,0.03,396,2388,100.0,38.39,23.1155
2,286,-0.001,-0.0003,100.0,518.67,643.44,1603.63,1429.57,14.62,21.61,551.61,2388.18,9102.01,1.3,48.14,519.51,2388.22,8169.97,8.4932,0.03,395,2388,100.0,38.33,23.0169
2,287,-0.0005,0.0006,100.0,518.67,643.85,1608.5,1430.84,14.62,21.61,551.66,2388.2,9109.36,1.3,48.12,519.81,2388.21,8175.57,8.5365,0.03,398,2388,100.0,38.43,23.0848
12,1,0.0017,0.0003,100.0,518.67,642.39,1586.1,1402.11,14.62,21.61,554.1,2388.06,9052.13,1.3,47.54,520.94,2388.09,8130.76,8.4214,0.03,394,2388,100.0,38.78,23.2348
12,2,-0.0004,0.0004,100.0,518.67,642.43,1592.56,1406.54,14.62,21.61,553.17,2388.11,9042.55,1.3,47.5,521.81,2388.12,8125.37,8.4005,0.03,393,2388,100.0,38.95,23.3202
12,3,-0.0005,-0.0,100.0,518.67,642.35,1587.14,1403.33,14.62,21.61,553.6,2388.1,9033.93,1.3,47.44,521.48,2388.11,8128.94,8.4089,0.03,393,2388,100.0,38.79,23.2922
12,4,-0.002,0.0004,100.0,518.67,642.5,1594.4,1409.25,14.62,21.61,552.67,2388.11,9046.28,1.3,47.54,521.43,2388.18,8124.09,8.438,0.03,392,2388,100.0,38.84,23.4524
12,5,0.0064,-0.0002,100.0,518.67,642.81,1584.77,1410.35,14.62,21.61,553.07,2388.06,9045.8,1.3,47.68,521.47,2388.11,8126.65,8.4478,0.03,393,2388,100.0,39.04,23.3366
12,6,0.0018,-0.0002,100.0,518.67,642.64,1586.47,1409.04,14.62,21.61,553.98,2388.09,9051.29,1.3,47.56,521.61,2388.09,8132.42,8.43,0.03,393,2388,100.0,38.86,23.2776
12,7,0.0005,-0.0003,100.0,518.67,642.54,1585.61,1411.32,14.62,21.61,553.46,2388.09,9048.64,1.3,47.62,521.57,2388.1,8129.4,8.4406,0.03,392,2388,100.0,38.8,23.1772
12,8,-0.003,0.0002,100.0,518.67,642.37,1590.47,1410.7,14.62,21.61,553.08,2388.12,9049.68,1.3,47.42,521.67,2388.12,8131.46,8.4247,0.03,391,2388,100.0,38.76,23.3676
12,9,0.001,-0.0001,100.0,518.67,641.95,1585.75,1399.4,14.62,21.61,553.66,2388.06,9048.35,1.3,47.34,521.28,2388.14,8124.76,8.4223,0.03,393,2388,100.0,38.81,23.3485
12,10,-0.0007,-0.0003,100.0,518.67,642.37,1592.2,1402.29,14.62,21.61,553.36,2388.12,9048.97,1.3,47.6,521.14,2388.07,8127.45,8.4531,0.03,392,2388,100.0,38.8,23.2907
12,11,-0.001,0.0003,100.0,518.67,642.47,1592.71,1412.44,14.62,21.61,554.14,2388.16,9051.27,1.3,47.69,520.8,2388.07,8125.32,8.4125,0.03,394,2388,100.0,38.82,23.4365
12,12,-0.0026,-0.0001,100.0,518.67,643.0,1581.29,1407.38,14.62,21.61,553.55,2388.18,9045.24,1.3,47.57,521.06,2388.15,8128.57,8.4162,0.03,394,2388,100.0,38.87,23.3298
12,13,-0.0018,0.0003,100.0,518.67,643.31,1592.33,1405.14,14.62,21.61,553.8,2388.12,9046.7,1.3,47.49,521.54,2388.12,8125.86,8.4265,0.03,393,2388,100.0,38.86,23.2345
12,14,-0.0014,-0.0004,100.0,518.67,642.94,1589.91,1408.12,14.62,21.61,553.06,2388.09,9048.72,1.3,47.35,521.11,2388.11,8129.95,8.4531,0.03,393,2388,100.0,38.82,23.3559
12,15,0.0013,-0.0001,100.0,518.67,642.22,1592.95,1404.86,14.62,21.61,554.61,2388.18,9050.76,1.3,47.59,521.63,2388.1,8126.32,8.4178,0.03,393,2388,100.0,38.99,23.1797
12,16,-0.0021,0.0002,100.0,518.67,642.41,1585.13,1403.71,14.62,21.61,553.97,2388.07,9046.65,1.3,47.58,521.41,2388.15,8130.86,8.4331,0.03,394,2388,100.0,38.67,23.3922
12,17,-0.0008,-0.0004,100.0,518.67,642.62,1590.64,1409.69,14.62,21.61,553.95,2388.11,9045.23,1.3,47.49,521.49,2388.13,8125.47,8.4058,0.03,393,2388,100.0,38.94,23.3341
12,18,-0.0049,-0.0002,100.0,518.67,642.27,1588.16,1412.6,14.62,21.61,553.81,2388.13,9044.59,1.3,47.52,521.2,2388.13,8128.62,8.4239,0.03,391,2388,100.0,38.78,23.327
12,19,0.0007,0.0005,100.0,518.67,642.68,1596.79,1408.97,14.62,21.61,553.24,2388.1,9046.96,1.3,47.55,521.24,2388.14,8128.48,8.4224,0.03,393,2388,100.0,38.9,23.2769
12,20,0.0002,-0.0001,100.0,518.67,642.89,1586.86,1407.65,14.62,21.61,553.67,2388.13,9046.24,1.3,47.43,521.67,2388.08,8131.33,8.4372,0.03,394,2388,100.0,39.04,23.2657
12,21,0.0016,-0.0004,100.0,518.67,642.86,1594.72,1404.49,14.62,21.61,553.76,2388.13,9049.54,1.3,47.55,521.72,2388.07,8132.32,8.4298,0.03,392,2388,100.0,38.96,23.3372
12,22,0.0006,-0.0003,100.0,518.67,642.81,1588.36,1409.01,14.62,21.61,554.01,2388.17,9038.25,1.3,47.54,521.84,2388.09,8123.59,8.4275,0.03,391,2388,100.0,38.87,23.253
12,23,0.0012,-0.0003,100.0,518.67,642.64,1593.21,1403.92,14.62,21.61,553.35,2388.08,9045.89,1.3,47.17,521.56,2388.05,8122.02,8.4223,0.03,392,2388,100.0,39.04,23.2086
12,24,0.0016,0.0003,100.0,518.67,642.74,1588.51,1407.22,14.62,21.61,553.65,2388.09,9054.16,1.3,47.48,521.38,2388.1,8126.25,8.4551,0.03,391,2388,100.0,38.84,23.3228
12,25,-0.0017,0.0005,100.0,518.67,642.37,1589.24,1409.74,14.62,21.61,553.19,2388.14,9047.34,1.3,47.31,521.55,2388.12,8125.17,8.4276,0.03,392,2388,100.0,38.74,23.2553
12,26,0.0001,0.0002,100.0,518.67,642.76,1581.49,1410.57,14.62,21.61,553.19,2388.13,9051.64,1.3,47.59,521.54,2388.13,8122.4,8.4273,0.03,394,2388,100.0,38.84,23.3767
12,27,0.0004,0.0005,100.0,518.67,642.41,1582.28,1410.61,14.62,21.61,553.87,2388.12,9047.26,1.3,47.51,521.32,2388.1,8129.15,8.449,0.03,393,2388,100.0,39.02,23.3578
12,28,-0.0007,0.0005,100.0,518.67,642.12,1590.92,1409.23,14.62,21.61,554.27,2388.1,9056.44,1.3,47.58,521.61,2388.1,8124.24,8.4467,0.03,393,2388,100.0,38.96,23.283
12,29,0.0034,-0.0,100.0,518.67,642.79,1583.54,1409.43,14.62,21.61,553.21,2388.11,9047.45,1.3,47.6,521.29,2388.13,8125.26,8.4204,0.03,393,2388,100.0,38.63,23.2957
12,30,-0.0016,-0.0003,100.0,518.67,642.86,1594.49,1400.58,14.62,21.61,553.52,2388.15,9048.31,1.3,47.4,521.62,2388.12,8133.57,8.4577,0.03,393,2388,100.0,38.9,23.2759
12,31,-0.0004,-0.0001,100.0,518.67,642.62,1585.54,1404.71,14.62,21.61,553.64,2388.09,9043.46,1.3,47.59,521.44,2388.14,8125.29,8.4193,0.03,392,2388,100.0,38.72,23.2314
12,32,0.0015,-0.0001,100.0,518.67,642.79,1596.75,1408.2,14.62,21.61,552.8,2388.06,9048.38,1.3,47.52,521.3,2388.1,8125.44,8.4478,0.03,393,2388,100.0,38.7,23.1458
12,33,-0.0009,-0.0,100.0,518.67,642.41,1589.35,1406.3,14.62,21.61,553.1,2388.06,9044.7,1.3,47.51,521.33,2388.08,8123.56,8.4577,0.03,393,2388,100.0,38.94,23.3029
12,34,0.0015,-0.0004,100.0,518.67,642.57,1591.88,1409.24,14.62,21.61,553.1,2388.1,9036.32,1.3,47.64,521.64,2388.14,8124.01,8.4652,0.03,394,2388,100.0,38.6,23.3334
12,35,0.0021,0.0,100.0,518.67,642.79,1588.11,1407.2,14.62,21.61,553.78,2388.14,9048.56,1.3,47.46,521.68,2388.17,8131.01,8.4219,0.03,392,2388,100.0,38.79,23.2092
12,36,0.003,-0.0004,100.0,518.67,642.91,1592.47,1400.78,14.62,21.61,553.33,2388.15,9045.66,1.3,47.49,521.59,2388.16,8131.97,8.4437,0.03,392,2388,100.0,38.8,23.1813
12,37,0.0013,0.0003,100.0,518.67,642.41,1592.1,1410.24,14.62,21.61,553.22,2388.09,9042.92,1.3,47.62,521.66,2388.11,8123.24,8.461,0.03,393,2388,100.0,38.78,23.2468
12,38,-0.0001,0.0005,100.0,518.67,642.73,1595.43,1405.1,14.62,21.61,553.41,2388.09,9048.6,1.3,47.45,521.18,2388.06,8126.77,8.4427,0.03,394,2388,100.0,38.91,23.3641
12,39,-0.0002,0.0001,100.0,518.67,642.3,1590.38,1412.85,14.62,21.61,552.59,2388.1,9044.67,1.3,47.39,521.82,2388.13,8126.49,8.4596,0.03,393,2388,100.0,38.8,23.3236
12,40,-0.0014,-0.0001,100.0,518.67,642.16,1587.52,1411.14,14.62,21.61,553.14,2388.15,9043.68,1.3,47.63,521.37,2388.18,8127.63,8.4713,0.03,394,2388,100.0,38.89,23.3179
12,41,-0.0016,0.0004,100.0,518.67,642.17,1588.32,1412.07,14.62,21.61,553.12,2388.09,9044.54,1.3,47.52,521.75,2388.14,8124.92,8.4289,0.03,393,2388,100.0,38.82,23.2325
12,42,-0.0042,0.0005,100.0,518.67,642.97,1594.0,1407.56,14.62,21.61,553.09,2388.09,9044.59,1.3,47.33,521.09,2388.1,8126.9,8.4573,0.03,394,2388,100.0,38.92,23.2672
12,43,-0.0009,-0.0001,100.0,518.67,642.35,1590.12,1412.04,14.62,21.61,553.17,2388.12,9042.53,1.3,47.5,521.67,2388.16,8130.51,8.4322,0.03,393,2388,100.0,38.81,23.2876
12,44,-0.0031,-0.0,100.0,518.67,642.5,1591.36,1405.39,14.62,21.61,552.98,2388.09,9042.02,1.3,47.36,521.47,2388.08,8130.19,8.4792,0.03,392,2388,100.0,38.98,23.2084
12,45,-0.0018,0.0001,100.0,518.67,642.76,1598.73,1409.85,14.62,21.61,553.38,2388.13,9052.92,1.3,47.64,521.07,2388.13,8124.06,8.4452,0.03,395,2388,100.0,38.84,23.2244
12,46,-0.0003,-0.0003,100.0,518.67,642.39,1595.76,1407.58,14.62,21.61,553.34,2388.14,9047.42,1.3,47.52,521.51,2388.14,8129.9,8.4562,0.03,392,2388,100.0,38.96,23.2746
12,47,0.001,-0.0004,100.0,518.67,642.27,1588.92,1406.25,14.62,21.61,553.29,2388.12,9046.58,1.3,47.4,521.62,2388.11,8127.5,8.4674,0.03,392,2388,100.0,38.7,23.2926
12,48,0.0001,-0.0,100.0,518.67,642.47,1588.91,1412.42,14.62,21.61,553.53,2388.13,9041.32,1.3,47.59,522.13,2388.13,8120.26,8.4539,0.03,393,2388,100.0,38.79,23.3173
12,49,0.0013,0.0003,100.0,518.67,642.84,1587.07,1400.39,14.62,21.61,553.4,2388.14,9044.57,1.3,47.51,521.8,2388.16,8125.06,8.453,0.03,394,2388,100.0,38.78,23.3632
12,50,0.0009,0.0004,100.0,518.67,642.19,1591.98,1409.02,14.62,21.61,554.09,2388.15,9045.83,1.3,47.45,521.52,2388.14,8121.78,8.4323,0.03,391,2388,100.0,39.0,23.3382
12,51,-0.0025,0.0004,100.0,518.67,643.1,1587.83,1413.22,14.62,21.61,553.77,2388.14,9046.08,1.3,47.49,521.4,2388.13,8121.37,8.4547,0.03,392,2388,100.0,38.83,23.3548
12,52,0.0014,-0.0,100.0,518.67,642.6,1583.57,1408.59,14.62,21.61,553.85,2388.12,9045.76,1.3,47.36,521.26,2388.1,8122.98,8.4275,0.03,394,2388,100.0,38.96,23.3101
12,53,0.0019,-0.0004,100.0,518.67,642.66,1592.1,1404.21,14.62,21.61,552.16,2388.16,9044.63,1.3,47.55,521.59,2388.18,8124.69,8.4391,0.03,393,2388,100.0,38.62,23.2922
12,54,0.0063,-0.0,100.0,518.67,642.59,1588.31,1411.94,14.62,21.61,554.08,2388.13,9059.27,1.3,47.49,521.4,2388.15,8127.99,8.446,0.03,394,2388,100.0,38.88,23.4037
12,55,-0.0005,0.0002,100.0,518.67,642.8,1594.84,1414.35,14.62,21.61,553.39,2388.15,9045.65,1.3,47.8,521.48,2388.11,8127.05,8.4466,0.03,392,2388,100.0,38.72,23.3149
12,56,-0.0001,0.0004,100.0,518.67,642.47,1588.91,1408.46,14.62,21.61,552.87,2388.12,9047.98,1.3,47.55,521.49,2388.15,8134.34,8.4174,0.03,394,2388,100.0,38.86,23.3335
12,57,0.0027,0.0001,100.0,518.67,643.42,1596.13,1407.61,14.62,21.61,553.22,2388.12,9045.76,1.3,47.59,520.99,2388.12,8132.63,8.4594,0.03,394,2388,100.0,38.91,23.2622
12,58,0.0011,0.0005,100.0,518.67,642.18,1592.85,1406.46,14.62,21.61,553.62,2388.07,9046.5,1.3,47.6,521.79,2388.13,8126.91,8.4689,0.03,393,2388,100.0,38.8,23.2417
12,59,-0.0032,0.0003,100.0,518.67,643.05,1595.21,1402.56,14.62,21.61,552.63,2388.16,9049.77,1.3,47.45,521.31,2388.11,8120.52,8.4334,0.03,393,2388,100.0,38.82,23.3714
12,60,-0.0017,-0.0004,100.0,518.67,642.25,1596.61,1413.02,14.62,21.61,553.21,2388.14,9052.12,1.3,47.72,521.49,2388.12,8129.47,8.4115,0.03,394,2388,100.0,38.75,23.3122
12,61,-0.0017,-0.0004,100.0,518.67,642.85,1589.81,1406.41,14.62,21.61,552.96,2388.11,9039.47,1.3,47.65,520.76,2388.15,8127.47,8.4192,0.03,394,2388,100.0,38.69,23.3281
12,62,-0.004,-0.0003,100.0,518.67,642.21,1590.03,1409.63,14.62,21.61,552.86,2388.16,9048.09,1.3,47.57,521.38,2388.14,8127.77,8.4393,0.03,392,2388,100.0,38.68,23.3127
12,63,-0.001,0.0001,100.0,518.67,642.57,1592.3,1409.09,14.62,21.61,553.21,2388.17,9044.16,1.3,47.54,521.54,2388.16,8127.36,8.4358,0.03,392,2388,100.0,38.83,23.312
12,64,0.0025,-0.0001,100.0,518.67,642.72,1592.81,1411.9,14.62,21.61,553.6,2388.17,9053.41,1.3,47.42,521.79,2388.16,8125.3,8.4087,0.03,393,2388,100.0,38.79,23.3106
12,65,0.0023,-0.0002,100.0,518.67,642.97,1596.75,1414.56,14.62,21.61,553.78,2388.12,9046.88,1.3,47.59,521.9,2388.09,8131.83,8.4337,0.03,392,2388,100.0,38.83,23.2463
12,66,-0.0021,-0.0,100.0,518.67,642.61,1589.21,1406.22,14.62,21.61,553.39,2388.16,9045.86,1.3,47.64,521.41,2388.07,8121.95,8.4691,0.03,394,2388,100.0,38.8,23.222
12,67,0.0027,-0.0001,100.0,518.67,642.81,1586.58,1406.37,14.62,21.61,553.17,2388.14,9049.52,1.3,47.58,521.19,2388.14,8132.69,8.4348,0.03,392,2388,100.0,38.63,23.2567
12,68,0.002,-0.0004,100.0,518.67,642.62,1590.13,1411.87,14.62,21.61,552.82,2388.21,9047.7,1.3,47.52,521.51,2388.12,8124.68,8.4531,0.03,392,2388,100.0,38.9,23.2913
12,69,-0.0002,0.0002,100.0,518.67,642.78,1588.31,1420.36,14.62,21.61,553.19,2388.12,9043.71,1.3,47.52,520.98,2388.11,8125.23,8.4554,0.03,394,2388,100.0,38.88,23.2297
12,70,0.0034,0.0001,100.0,518.67,642.93,1588.41,1406.66,14.62,21.61,553.53,2388.14,9046.07,1.3,47.58,521.52,2388.16,8129.31,8.4116,0.03,392,2388,100.0,38.82,23.3584
12,71,0.002,0.0001,100.0,518.67,642.3,1587.35,1405.68,14.62,21.61,553.75,2388.08,9051.01,1.3,47.53,521.34,2388.15,8131.16,8.4173,0.03,394,2388,100.0,38.75,23.4068
12,72,0.0024,-0.0002,100.0,518.67,642.41,1590.65,1414.47,14.62,21.61,553.17,2388.12,9056.26,1.3,47.52,520.84,2388.17,8126.94,8.4585,0.03,394,2388,100.0,38.72,23.2232
12,73,0.0027,-0.0002,100.0,518.67,642.62,1591.9,1405.42,14.62,21.61,553.24,2388.13,9051.4,1.3,47.66,522.18,2388.15,8123.25,8.4597,0.03,395,2388,100.0,38.78,23.328
12,74,-0.0021,0.0,100.0,518.67,642.62,1584.62,1406.39,14.62,21.61,553.31,2388.15,9047.56,1.3,47.79,521.47,2388.14,8125.93,8.4208,0.03,393,2388,100.0,38.84,23.3163
12,75,-0.0005,-0.0002,100.0,518.67,642.64,1588.03,1406.82,14.62,21.61,553.07,2388.14,9043.55,1.3,47.66,520.75,2388.07,8127.52,8.4235,0.03,394,2388,100.0,38.72,23.2164
12,76,0.0024,0.0002,100.0,518.67,642.56,1588.67,1405.95,14.62,21.61,553.32,2388.15,9051.14,1.3,47.69,521.27,2388.11,8123.71,8.4552,0.03,395,2388,100.0,38.75,23.2364
12,77,0.0007,-0.0003,100.0,518.67,643.27,1591.27,1406.28,14.62,21.61,554.03,2388.11,9045.54,1.3,47.41,521.33,2388.08,8123.64,8.4669,0.03,391,2388,100.0,38.81,23.2573
12,78,-0.0005,0.0001,100.0,518.67,643.25,1591.94,1413.68,14.62,21.61,553.33,2388.1,9044.5,1.3,47.65,521.46,2388.15,8127.91,8.4515,0.03,392,2388,100.0,38.86,23.3066
12,79,0.0012,-0.0002,100.0,518.67,642.64,1590.61,1408.29,14.62,21.61,552.69,2388.16,9046.43,1.3,47.47,520.79,2388.13,8124.03,8.4181,0.03,393,2388,100.0,38.87,23.2958
12,80,0.0012,0.0004,100.0,518.67,643.14,1586.51,1415.59,14.62,21.61,553.56,2388.16,9040.82,1.3,47.39,521.12,2388.13,8122.86,8.4599,0.03,392,2388,100.0,38.73,23.3178
12,81,-0.002,0.0003,100.0,518.67,643.02,1584.68,1412.22,14.62,21.61,553.27,2388.13,9054.63,1.3,47.66,521.53,2388.15,8127.68,8.4732,0.03,393,2388,100.0,38.74,23.284
12,82,0.0053,0.0005,100.0,518.67,643.25,1589.34,1404.4,14.62,21.61,553.66,2388.14,9049.13,1.3,47.47,520.85,2388.2,8125.46,8.449,0.03,392,2388,100.0,38.81,23.3187
12,83,-0.0018,0.0001,100.0,518.67,642.02,1594.89,1408.9,14.62,21.61,552.5,2388.19,9035.95,1.3,47.69,520.65,2388.11,8122.64,8.4449,0.03,392,2388,100.0,38.98,23.2296
12,84,0.0016,0.0004,100.0,518.67,642.47,1594.14,1407.82,14.62,21.61,552.3,2388.09,9051.21,1.3,47.58,521.19,2388.13,8124.38,8.4478,0.03,394,2388,100.0,38.73,23.1737
12,85,-0.0009,-0.0002,100.0,518.67,642.6,1585.73,1413.71,14.62,21.61,553.42,2388.13,9045.67,1.3,47.81,521.4,2388.12,8124.29,8.4884,0.03,393,2388,100.0,38.8,23.3388
12,86,0.0072,0.0002,100.0,518.67,642.37,1591.1,1415.28,14.62,21.61,552.38,2388.12,9046.37,1.3,47.55,520.79,2388.18,8124.05,8.455,0.03,393,2388,100.0,38.88,23.2544
12,87,0.0011,-0.0001,100.0,518.67,642.98,1586.54,1403.94,14.62,21.61,552.21,2388.09,9046.31,1.3,47.43,521.32,2388.15,8123.21,8.4327,0.03,394,2388,100.0,38.84,23.301
12,88,0.0017,-0.0004,100.0,518.67,642.96,1592.5,1407.16,14.62,21.61,553.42,2388.18,9043.53,1.3,47.67,521.34,2388.17,8127.67,8.4723,0.03,392,2388,100.0,38.69,23.2846
12,89,-0.0039,0.0005,100.0,518.67,642.46,1590.54,1414.97,14.62,21.61,552.86,2388.12,9045.73,1.3,47.48,520.65,2388.12,8127.79,8.4149,0.03,391,2388,100.0,38.9,23.292
12,90,0.0004,0.0005,100.0,518.67,642.65,1591.09,1410.93,14.62,21.61,553.61,2388.16,9047.9,1.3,47.75,521.46,2388.15,8123.78,8.4813,0.03,394,2388,100.0,38.81,23.2101
12,91,0.0005,-0.0002,100.0,518.67,643.09,1591.52,1412.95,14.62,21.61,553.74,2388.11,9045.83,1.3,47.5,521.12,2388.15,8125.98,8.4604,0.03,393,2388,100.0,38.6,23.1479
12,92,0.0021,0.0001,100.0,518.67,643.14,1593.57,1405.97,14.62,21.61,552.31,2388.17,9045.81,1.3,47.87,520.6,2388.12,8132.41,8.4352,0.03,393,2388,100.0,38.6,23.2152
12,93,0.0009,-0.0003,100.0,518.67,643.15,1587.64,1414.14,14.62,21.61,553.53,2388.16,9050.01,1.3,47.83,521.57,2388.13,8123.55,8.4402,0.03,393,2388,100.0,38.76,23.2344
12,94,-0.0041,0.0,100.0,518.67,642.48,1596.66,1409.75,14.62,21.61,552.98,2388.16,9039.46,1.3,47.65,521.53,2388.18,8128.75,8.4628,0.03,394,2388,100.0,38.85,23.2269
12,95,0.0006,0.0003,100.0,518.67,642.9,1590.23,1408.66,14.62,21.61,552.31,2388.11,9042.87,1.3,47.73,521.45,2388.16,8127.39,8.4852,0.03,394,2388,100.0,38.83,23.2761
12,96,-0.0021,-0.0004,100.0,518.67,642.54,1584.94,1412.03,14.62,21.61,552.85,2388.14,9050.54,1.3,47.7,521.06,2388.18,8124.55,8.4466,0.03,392,2388,100.0,38.82,23.1321
12,97,0.0017,0.0004,100.0,518.67,643.01,1592.11,1409.96,14.62,21.61,552.77,2388.18,9046.68,1.3,47.59,521.21,2388.16,8124.95,8.4595,0.03,394,2388,100.0,38.72,23.3156
12,98,-0.0007,0.0,100.0,518.67,642.89,1590.63,1407.46,14.62,21.61,553.0,2388.15,9038.1,1.3,47.49,521.48,2388.09,8132.61,8.4301,0.03,395,2388,100.0,38.92,23.239
12,99,0.0027,-0.0001,100.0,518.67,642.65,1592.47,1414.0,14.62,21.61,552.84,2388.12,9046.59,1.3,47.67,521.24,2388.14,8129.29,8.4132,0.03,393,2388,100.0,38.64,23.2527
12,100,-0.0032,0.0005,100.0,518.67,642.93,1592.94,1409.98,14.62,21.61,553.38,2388.14,9050.24,1.3,47.65,521.07,2388.13,8122.41,8.448,0.03,392,2388,100.0,38.76,23.3091
12,101,0.0014,0.0002,100.0,518.67,641.86,1592.94,1405.95,14.62,21.61,552.88,2388.15,9047.32,1.3,47.66,521.56,2388.09,8129.8,8.4421,0.03,393,2388,100.0,38.91,23.2826
12,102,0.0016,-0.0003,100.0,518.67,643.08,1596.33,1416.0,14.62,21.61,553.38,2388.11,9046.83,1.3,47.69,520.93,2388.13,8122.67,8.4379,0.03,393,2388,100.0,38.88,23.2423
12,103,0.0027,-0.0001,100.0,518.67,642.77,1597.71,1413.83,14.62,21.61,552.81,2388.12,9051.41,1.3,47.71,521.2,2388.14,8130.39,8.4985,0.03,393,2388,100.0,38.86,23.2156
12,104,-0.002,-0.0003,100.0,518.67,642.7,1588.44,1411.71,14.62,21.61,553.52,2388.15,9042.83,1.3,47.73,521.05,2388.14,8122.38,8.4867,0.03,393,2388,100.0,38.76,23.177
12,105,-0.0005,0.0003,100.0,518.67,642.89,1597.38,1412.6,14.62,21.61,553.2,2388.2,9041.94,1.3,47.68,520.6,2388.12,8124.19,8.4639,0.03,394,2388,100.0,38.79,23.1808
12,106,0.0018,-0.0004,100.0,518.67,643.09,1597.25,1409.57,14.62,21.61,552.82,2388.15,9041.48,1.3,47.5,520.94,2388.17,8128.52,8.4269,0.03,393,2388,100.0,38.99,23.3442
12,107,-0.0006,0.0001,100.0,518.67,642.94,1594.02,1417.46,14.62,21.61,553.32,2388.18,9051.61,1.3,47.59,520.62,2388.19,8130.83,8.4534,0.03,394,2388,100.0,38.79,23.2876
12,108,0.0012,0.0001,100.0,518.67,642.91,1594.45,1408.39,14.62,21.61,552.79,2388.13,9046.87,1.3,47.74,521.2,2388.14,8126.8,8.4474,0.03,395,2388,100.0,38.7,23.1949
12,109,-0.0015,0.0004,100.0,518.67,642.94,1595.94,1419.38,14.62,21.61,552.71,2388.19,9054.21,1.3,47.7,521.76,2388.11,8124.52,8.4799,0.03,395,2388,100.0,38.66,23.2645
12,110,0.0013,-0.0002,100.0,518.67,642.84,1592.11,1412.7,14.62,21.61,553.39,2388.17,9051.24,1.3,47.7,521.69,2388.14,8128.89,8.4621,0.03,392,2388,100.0,38.59,23.1781
12,111,-0.0018,-0.0003,100.0,518.67,643.07,1589.65,1411.45,14.62,21.61,553.44,2388.17,9060.73,1.3,47.59,520.45,2388.15,8130.39,8.45,0.03,394,2388,100.0,38.59,23.2852
12,112,0.0004,0.0003,100.0,518.67,642.74,1595.7,1409.29,14.62,21.61,553.11,2388.17,9048.04,1.3,47.74,520.55,2388.17,8127.24,8.4565,0.03,395,2388,100.0,38.62,23.3082
12,113,0.001,0.0005,100.0,518.67,642.79,1595.31,1409.84,14.62,21.61,553.07,2388.18,9055.17,1.3,47.69,521.06,2388.17,8121.59,8.4496,0.03,394,2388,100.0,38.74,23.2764
12,114,-0.002,0.0005,100.0,518.67,642.86,1598.13,1419.34,14.62,21.61,552.76,2388.19,9045.08,1.3,47.5,520.59,2388.13,8124.98,8.4382,0.03,392,2388,100.0,38.79,23.1929
12,115,-0.0007,-0.0001,100.0,518.67,642.75,1588.68,1416.2,14.62,21.61,553.31,2388.17,9046.25,1.3,47.73,520.83,2388.15,8122.78,8.4409,0.03,394,2388,100.0,38.67,23.19
12,116,-0.0026,-0.0004,100.0,518.67,643.05,1594.69,1417.6,14.62,21.61,553.33,2388.19,9047.89,1.3,47.66,521.05,2388.2,8123.49,8.4426,0.03,393,2388,100.0,38.62,23.242
12,117,-0.0002,0.0001,100.0,518.67,643.16,1592.66,1413.56,14.62,21.61,552.82,2388.18,9046.91,1.3,47.75,520.63,2388.14,8121.09,8.481,0.03,392,2388,100.0,38.64,23.1807
12,118,0.0011,-0.0003,100.0,518.67,643.7,1585.24,1415.05,14.62,21.61,552.76,2388.18,9050.59,1.3,47.78,521.02,2388.19,8126.15,8.4605,0.03,395,2388,100.0,38.91,23.2145
12,119,0.0025,-0.0001,100.0,518.67,643.28,1594.82,1410.41,14.62,21.61,552.8,2388.23,9050.16,1.3,47.81,521.3,2388.19,8126.45,8.4725,0.03,394,2388,100.0,38.71,23.239
12,120,-0.002,0.0001,100.0,518.67,643.18,1587.28,1412.59,14.62,21.61,551.93,2388.17,9045.56,1.3,47.9,521.01,2388.18,8131.78,8.4773,0.03,393,2388,100.0,38.75,23.3242
12,121,0.0013,-0.0004,100.0,518.67,642.84,1586.95,1414.21,14.62,21.61,553.05,2388.19,9051.54,1.3,47.55,521.15,2388.13,8128.04,8.4551,0.03,394,2388,100.0,38.55,23.2929
12,122,0.0001,0.0004,100.0,518.67,643.26,1590.54,1416.51,14.62,21.61,551.64,2388.19,9040.01,1.3,47.73,520.38,2388.19,8124.48,8.478,0.03,392,2388,100.0,38.78,23.1837
12,123,0.0006,0.0003,100.0,518.67,642.76,1593.18,1412.84,14.62,21.61,552.58,2388.17,9052.98,1.3,47.84,520.49,2388.18,8131.92,8.4807,0.03,394,2388,100.0,38.85,23.2708
12,124,-0.0012,0.0003,100.0,518.67,643.11,1602.74,1420.25,14.62,21.61,552.98,2388.17,9050.51,1.3,47.59,521.09,2388.17,8130.74,8.4259,0.03,393,2388,100.0,38.51,23.292
12,125,0.0,0.0005,100.0,518.67,643.59,1606.24,1414.66,14.62,21.61,552.36,2388.25,9046.11,1.3,47.76,520.91,2388.17,8130.83,8.4549,0.03,394,2388,100.0,38.8,23.2558
12,126,-0.0004,0.0005,100.0,518.67,642.94,1591.82,1418.62,14.62,21.61,552.88,2388.14,9050.58,1.3,47.87,520.93,2388.2,8129.45,8.4351,0.03,394,2388,100.0,38.8,23.2132
12,127,-0.0035,-0.0,100.0,518.67,643.41,1598.83,1413.99,14.62,21.61,552.62,2388.17,9051.97,1.3,47.88,520.21,2388.19,8127.3,8.4668,0.03,395,2388,100.0,38.72,23.2237
12,128,0.0002,0.0002,100.0,518.67,642.93,1592.17,1417.31,14.62,21.61,553.26,2388.13,9045.0,1.3,47.87,520.14,2388.22,8128.25,8.4577,0.03,394,2388,100.0,38.59,23.2346
12,129,-0.0021,0.0,100.0,518.67,643.16,1587.1,1426.19,14.62,21.61,552.39,2388.2,9048.27,1.3,47.97,520.76,2388.23,8131.67,8.4545,0.03,395,2388,100.0,38.59,23.2877
12,130,0.0001,0.0001,100.0,518.67,642.42,1590.42,1427.28,14.62,21.61,552.5,2388.15,9045.59,1.3,47.8,520.5,2388.17,8125.55,8.4619,0.03,395,2388,100.0,38.4,23.2302
12,131,-0.0019,0.0005,100.0,518.67,643.21,1591.13,1428.96,14.62,21.61,552.26,2388.2,9051.53,1.3,47.89,520.66,2388.22,8131.81,8.4761,0.03,395,2388,100.0,38.68,23.2653
12,132,0.0018,0.0004,100.0,518.67,643.34,1591.07,1418.45,14.62,21.61,553.0,2388.18,9049.74,1.3,47.86,520.9,2388.21,8128.53,8.4995,0.03,396,2388,100.0,38.64,23.1266
12,133,0.001,-0.0001,100.0,518.67,642.99,1588.98,1414.33,14.62,21.61,552.04,2388.18,9048.98,1.3,47.77,520.91,2388.21,8125.33,8.5056,0.03,394,2388,100.0,38.83,23.2403
12,134,0.0024,-0.0,100.0,518.67,642.76,1593.3,1419.05,14.62,21.61,552.76,2388.19,9047.52,1.3,47.78,520.65,2388.29,8130.84,8.5003,0.03,394,2388,100.0,38.67,23.283
12,135,0.0012,-0.0002,100.0,518.67,643.15,1606.69,1421.42,14.62,21.61,552.75,2388.15,9051.89,1.3,47.75,520.34,2388.19,8119.8,8.4456,0.03,395,2388,100.0,38.76,23.1279
12,136,0.0013,0.0005,100.0,518.67,643.09,1591.89,1413.03,14.62,21.61,553.06,2388.19,9049.13,1.3,47.91,520.71,2388.2,8120.99,8.4638,0.03,394,2388,100.0,38.52,23.1964
12,137,-0.0036,0.0002,100.0,518.67,642.65,1589.72,1419.0,14.62,21.61,552.48,2388.18,9049.43,1.3,47.99,520.65,2388.2,8125.75,8.4807,0.03,396,2388,100.0,38.67,23.1929
12,138,0.0032,0.0003,100.0,518.67,643.39,1604.19,1417.2,14.62,21.61,552.51,2388.18,9051.42,1.3,47.95,520.42,2388.15,8129.88,8.4864,0.03,393,2388,100.0,38.68,23.1407
12,139,0.0006,0.0002,100.0,518.67,642.87,1597.67,1427.64,14.62,21.61,552.02,2388.23,9042.97,1.3,47.77,520.53,2388.26,8125.19,8.4641,0.03,396,2388,100.0,38.84,23.1714
12,140,0.0009,0.0002,100.0,518.67,643.04,1589.71,1418.94,14.62,21.61,553.26,2388.27,9048.85,1.3,47.77,520.49,2388.22,8122.92,8.4778,0.03,394,2388,100.0,38.63,23.1876
12,141,0.0026,-0.0001,100.0,518.67,643.39,1592.31,1425.51,14.62,21.61,551.84,2388.23,9049.89,1.3,48.05,520.33,2388.24,8126.0,8.4676,0.03,396,2388,100.0,38.62,23.3154
12,142,-0.002,0.0001,100.0,518.67,643.6,1596.32,1422.42,14.62,21.61,552.64,2388.2,9042.52,1.3,47.85,520.25,2388.2,8124.63,8.481,0.03,395,2388,100.0,38.51,23.3021
12,143,0.0039,0.0003,100.0,518.67,642.82,1600.64,1421.68,14.62,21.61,552.03,2388.18,9050.46,1.3,47.86,520.62,2388.18,8122.01,8.4773,0.03,396,2388,100.0,38.49,23.1289
12,144,-0.0019,-0.0004,100.0,518.67,643.65,1590.16,1421.96,14.62,21.61,552.17,2388.21,9052.91,1.3,47.78,519.94,2388.19,8118.74,8.4481,0.03,394,2388,100.0,38.68,23.0626
12,145,0.0001,0.0,100.0,518.67,642.82,1601.68,1416.98,14.62,21.61,551.1,2388.24,9045.06,1.3,47.86,520.66,2388.12,8123.76,8.4908,0.03,392,2388,100.0,38.55,23.0901
12,146,0.0,0.0005,100.0,518.67,642.99,1591.97,1422.97,14.62,21.61,552.92,2388.2,9053.08,1.3,47.7,520.22,2388.22,8131.64,8.4718,0.03,395,2388,100.0,38.51,23.2257
12,147,0.0019,0.0001,100.0,518.67,643.06,1596.79,1419.6,14.62,21.61,551.33,2388.23,9049.13,1.3,47.94,520.82,2388.22,8129.72,8.5152,0.03,395,2388,100.0,38.64,23.1366
12,148,-0.0036,0.0003,100.0,518.67,643.13,1602.11,1422.2,14.62,21.61,551.84,2388.26,9046.34,1.3,47.68,520.33,2388.19,8125.02,8.48,0.03,394,2388,100.0,38.85,23.1506
12,149,-0.0013,0.0001,100.0,518.67,643.54,1595.79,1419.79,14.62,21.61,551.84,2388.25,9046.63,1.3,48.1,520.36,2388.19,8126.26,8.512,0.03,395,2388,100.0,38.45,23.166
12,150,-0.0003,0.0005,100.0,518.67,643.34,1597.62,1426.32,14.62,21.61,552.37,2388.2,9050.58,1.3,47.87,520.3,2388.28,8128.98,8.516,0.03,395,2388,100.0,38.57,23.1088
12,151,-0.0002,0.0004,100.0,518.67,643.61,1594.38,1418.09,14.62,21.61,552.36,2388.21,9044.63,1.3,47.98,519.96,2388.26,8124.27,8.5174,0.03,396,2388,100.0,38.44,23.0561
12,152,0.0017,0.0003,100.0,518.67,643.03,1600.52,1422.8,14.62,21.61,551.86,2388.2,9049.81,1.3,48.08,519.98,2388.22,8124.46,8.5233,0.03,396,2388,100.0,38.57,23.074
12,153,-0.0007,-0.0004,100.0,518.67,643.06,1593.88,1425.5,14.62,21.61,551.2,2388.23,9051.41,1.3,47.93,520.25,2388.21,8130.45,8.5024,0.03,396,2388,100.0,38.55,23.2636
12,154,-0.0014,-0.0,100.0,518.67,643.42,1594.76,1424.54,14.62,21.61,552.03,2388.26,9042.89,1.3,48.12,520.61,2388.27,8127.18,8.4748,0.03,394,2388,100.0,38.74,23.1146
12,155,-0.0018,-0.0003,100.0,518.67,643.75,1598.19,1426.68,14.62,21.61,552.02,2388.21,9048.17,1.3,48.07,519.64,2388.27,8123.27,8.4941,0.03,396,2388,100.0,38.49,23.2194
12,156,0.0022,0.0004,100.0,518.67,643.3,1596.61,1420.52,14.62,21.61,552.47,2388.24,9056.93,1.3,47.94,519.94,2388.25,8129.13,8.4975,0.03,395,2388,100.0,38.32,23.0739
12,157,-0.0019,0.0001,100.0,518.67,642.86,1597.39,1428.13,14.62,21.61,551.91,2388.27,9052.49,1.3,48.01,520.03,2388.21,8129.49,8.4718,0.03,394,2388,100.0,38.37,23.203
12,158,-0.0026,-0.0002,100.0,518.67,643.62,1607.1,1424.96,14.62,21.61,551.95,2388.25,9051.35,1.3,47.95,520.28,2388.25,8127.19,8.4895,0.03,396,2388,100.0,38.57,23.0512
12,159,0.0031,0.0004,100.0,518.67,643.63,1598.16,1430.89,14.62,21.61,551.85,2388.28,9045.15,1.3,48.1,520.13,2388.27,8119.77,8.4929,0.03,395,2388,100.0,38.48,23.175
12,160,-0.0012,-0.0002,100.0,518.67,643.64,1592.61,1429.75,14.62,21.61,551.28,2388.27,9054.75,1.3,48.28,520.05,2388.31,8125.47,8.502,0.03,397,2388,100.0,38.31,23.07
12,161,0.0008,0.0002,100.0,518.67,643.1,1595.35,1428.39,14.62,21.61,552.11,2388.28,9045.91,1.3,48.17,519.72,2388.26,8124.91,8.5164,0.03,396,2388,100.0,38.46,23.1629
12,162,0.0009,0.0003,100.0,518.67,643.45,1602.88,1414.13,14.62,21.61,551.33,2388.21,9050.03,1.3,48.15,519.36,2388.25,8133.48,8.5142,0.03,396,2388,100.0,38.36,23.0593
12,163,0.0008,0.0003,100.0,518.67,643.59,1593.01,1434.05,14.62,21.61,551.09,2388.22,9054.26,1.3,48.08,519.25,2388.3,8127.89,8.5654,0.03,397,2388,100.0,38.57,23.1024
12,164,0.0006,-0.0,100.0,518.67,642.95,1598.33,1419.55,14.62,21.61,551.55,2388.28,9058.39,1.3,48.08,519.61,2388.2,8126.87,8.5203,0.03,397,2388,100.0,38.35,23.0511
12,165,0.0034,0.0001,100.0,518.67,643.76,1597.89,1425.13,14.62,21.61,552.4,2388.28,9051.42,1.3,48.21,520.11,2388.25,8122.72,8.487,0.03,396,2388,100.0,38.42,23.0516
12,166,0.0021,0.0002,100.0,518.67,643.91,1604.39,1427.48,14.62,21.61,551.82,2388.29,9052.79,1.3,48.22,519.88,2388.25,8125.91,8.511,0.03,396,2388,100.0,38.43,23.1312
12,167,-0.0009,0.0003,100.0,518.67,643.78,1600.52,1426.11,14.62,21.61,551.26,2388.28,9053.07,1.3,48.01,519.61,2388.27,8129.63,8.5039,0.03,396,2388,100.0,38.47,23.0371
12,168,0.0007,0.0002,100.0,518.67,643.59,1596.25,1429.19,14.62,21.61,551.27,2388.29,9055.55,1.3,48.18,519.01,2388.27,8125.62,8.5275,0.03,396,2388,100.0,38.52,23.1209
12,169,0.0027,0.0005,100.0,518.67,643.34,1597.46,1429.09,14.62,21.61,551.43,2388.25,9047.75,1.3,48.1,519.32,2388.33,8120.62,8.5321,0.03,396,2388,100.0,38.47,23.0444
12,170,0.0002,-0.0001,100.0,518.67,643.31,1601.76,1434.94,14.62,21.61,551.1,2388.32,9050.4,1.3,48.08,519.55,2388.29,8122.87,8.5213,0.03,395,2388,100.0,38.64,23.0102
18,1,-0.0016,0.0005,100.0,518.67,642.49,1582.95,1401.6,14.62,21.61,554.59,2387.95,9061.3,1.3,47.19,521.41,2387.99,8142.8,8.3861,0.03,393,2388,100.0,39.06,23.4234
18,2,-0.0006,0.0004,100.0,518.67,642.21,1589.39,1397.98,14.62,21.61,554.17,2388.01,9060.63,1.3,47.29,522.5,2388.01,8137.05,8.3788,0.03,391,2388,100.0,39.04,23.5772
18,3,0.0029,0.0002,100.0,518.67,642.4,1590.51,1399.79,14.62,21.61,554.8,2388.04,9068.03,1.3,47.3,521.75,2388.02,8142.88,8.4153,0.03,390,2388,100.0,39.06,23.445
18,4,0.0071,-0.0,100.0,518.67,642.28,1577.34,1393.92,14.62,21.61,553.56,2388.04,9051.6,1.3,47.29,521.63,2388.0,8139.74,8.3789,0.03,391,2388,100.0,39.18,23.352
18,5,0.0003,-0.0001,100.0,518.67,641.48,1585.59,1398.89,14.62,21.61,554.49,2388.03,9055.62,1.3,47.22,522.25,2388.04,8145.87,8.3908,0.03,392,2388,100.0,38.8,23.3086
18,6,0.0011,-0.0002,100.0,518.67,641.86,1579.69,1403.8,14.62,21.61,554.48,2388.03,9055.43,1.3,47.31,522.63,2388.01,8145.33,8.4012,0.03,393,2388,100.0,38.97,23.3929
18,7,-0.0001,0.0005,100.0,518.67,641.58,1584.09,1389.32,14.62,21.61,554.23,2388.01,9053.68,1.3,47.14,522.27,2388.05,8151.27,8.4312,0.03,392,2388,100.0,38.82,23.5667
18,8,0.0017,-0.0004,100.0,518.67,642.2,1580.01,1396.59,14.62,21.6,554.63,2388.03,9060.91,1.3,47.26,522.65,2388.01,8139.75,8.3996,0.03,392,2388,100.0,38.96,23.4563
18,9,0.0044,0.0005,100.0,518.67,641.96,1588.77,1401.73,14.62,21.61,554.35,2388.01,9060.59,1.3,47.19,522.31,2388.01,8138.58,8.4192,0.03,392,2388,100.0,38.98,23.4342
18,10,-0.0034,0.0002,100.0,518.67,642.23,1584.24,1399.28,14.62,21.61,554.08,2388.01,9062.26,1.3,47.29,521.92,2387.96,8136.89,8.3727,0.03,391,2388,100.0,38.73,23.426
18,11,-0.0001,-0.0001,100.0,518.67,642.42,1579.74,1401.23,14.62,21.61,554.04,2388.06,9053.06,1.3,47.37,522.23,2387.98,8146.92,8.415,0.03,392,2388,100.0,39.05,23.3028
18,12,0.0005,-0.0003,100.0,518.67,642.28,1583.42,1397.06,14.62,21.61,553.72,2388.03,9063.68,1.3,47.21,522.25,2387.95,8145.6,8.3509,0.03,393,2388,100.0,39.0,23.4172
18,13,-0.0025,0.0004,100.0,518.67,642.49,1590.54,1399.01,14.62,21.61,554.54,2387.95,9060.16,1.3,47.15,522.16,2388.01,8142.49,8.3868,0.03,391,2388,100.0,38.93,23.3905
18,14,0.0003,-0.0001,100.0,518.67,641.74,1582.73,1395.77,14.62,21.61,554.42,2388.03,9056.56,1.3,47.24,522.19,2388.03,8141.01,8.4477,0.03,392,2388,100.0,39.18,23.4389
18,15,-0.0021,-0.0004,100.0,518.67,642.25,1579.36,1393.54,14.62,21.61,554.83,2387.96,9058.21,1.3,47.18,521.83,2388.02,8148.24,8.3826,0.03,392,2388,100.0,39.08,23.4616
18,16,0.0003,0.0002,100.0,518.67,641.9,1581.77,1402.19,14.62,21.61,554.45,2388.02,9061.22,1.3,47.38,522.01,2388.04,8138.28,8.4036,0.03,392,2388,100.0,39.04,23.3818
18,17,-0.0034,-0.0002,100.0,518.67,641.87,1578.41,1405.99,14.62,21.61,554.0,2387.98,9064.13,1.3,47.3,522.51,2388.0,8142.71,8.3841,0.03,391,2388,100.0,39.12,23.4297
18,18,-0.0005,0.0005,100.0,518.67,642.14,1583.75,1397.2,14.62,21.61,554.01,2387.96,9063.58,1.3,47.26,522.31,2387.99,8144.62,8.3987,0.03,392,2388,100.0,38.77,23.3747
18,19,0.0003,-0.0004,100.0,518.67,641.89,1579.43,1394.13,14.62,21.61,555.27,2388.0,9060.08,1.3,47.3,522.19,2388.02,8139.11,8.4198,0.03,392,2388,100.0,39.18,23.3372
18,20,0.0027,-0.0001,100.0,518.67,642.12,1587.86,1400.58,14.62,21.61,554.46,2388.07,9062.96,1.3,47.2,521.79,2388.01,8137.33,8.4425,0.03,392,2388,100.0,38.99,23.2882
18,21,0.0024,-0.0002,100.0,518.67,642.08,1580.09,1400.02,14.62,21.61,554.87,2387.98,9061.76,1.3,47.17,522.17,2388.06,8143.89,8.3911,0.03,392,2388,100.0,39.14,23.437
18,22,0.0022,0.0004,100.0,518.67,641.98,1586.02,1398.5,14.62,21.61,554.14,2387.98,9054.75,1.3,47.25,522.53,2388.03,8137.53,8.3932,0.03,392,2388,100.0,39.23,23.3562
18,23,0.0022,-0.0,100.0,518.67,642.73,1583.22,1405.06,14.62,21.61,554.78,2388.01,9062.06,1.3,47.2,522.26,2388.01,8151.99,8.4113,0.03,394,2388,100.0,38.96,23.4336
18,24,0.0013,0.0005,100.0,518.67,642.08,1580.53,1397.51,14.62,21.61,554.78,2388.04,9058.98,1.3,47.28,522.47,2388.07,8144.71,8.3805,0.03,392,2388,100.0,39.0,23.4425
18,25,0.0,0.0003,100.0,518.67,642.23,1589.57,1398.44,14.62,21.61,554.62,2388.05,9054.33,1.3,47.16,522.5,2388.03,8145.67,8.3688,0.03,392,2388,100.0,39.14,23.3008
18,26,0.0015,0.0002,100.0,518.67,642.57,1585.89,1394.98,14.62,21.61,555.0,2387.99,9054.42,1.3,47.23,522.54,2388.05,8140.78,8.3995,0.03,392,2388,100.0,39.07,23.4793
18,27,0.0036,-0.0004,100.0,518.67,642.25,1594.33,1400.33,14.62,21.61,554.76,2388.07,9066.59,1.3,47.13,521.93,2388.0,8141.69,8.3913,0.03,392,2388,100.0,38.99,23.3715
18,28,-0.0007,0.0003,100.0,518.67,642.16,1580.08,1399.53,14.62,21.61,554.54,2388.02,9057.5,1.3,47.21,522.04,2387.96,8144.22,8.3794,0.03,390,2388,100.0,38.83,23.4025
18,29,-0.0018,-0.0003,100.0,518.67,642.41,1585.02,1394.96,14.62,21.61,554.63,2388.06,9058.31,1.3,47.16,522.43,2387.97,8140.65,8.3925,0.03,392,2388,100.0,38.87,23.3274
18,30,0.0014,-0.0001,100.0,518.67,642.0,1588.57,1395.56,14.62,21.61,554.9,2388.04,9056.76,1.3,47.2,522.37,2388.01,8139.62,8.3905,0.03,392,2388,100.0,39.18,23.3546
18,31,0.0004,-0.0001,100.0,518.67,642.1,1592.26,1404.1,14.62,21.61,554.16,2387.99,9052.97,1.3,47.17,522.32,2388.03,8140.64,8.4052,0.03,391,2388,100.0,39.1,23.4109
18,32,0.0035,-0.0002,100.0,518.67,641.98,1580.23,1394.26,14.62,21.61,554.44,2388.04,9059.76,1.3,47.18,522.64,2388.0,8140.52,8.409,0.03,392,2388,100.0,39.0,23.4597
18,33,0.0002,-0.0001,100.0,518.67,642.31,1580.6,1401.18,14.62,21.61,554.88,2388.01,9055.06,1.3,47.3,522.68,2388.03,8144.26,8.3906,0.03,391,2388,100.0,39.02,23.3475
18,34,0.0001,0.0004,100.0,518.67,642.33,1583.0,1399.97,14.62,21.61,554.43,2388.0,9060.25,1.3,47.05,521.79,2388.02,8146.61,8.3703,0.03,392,2388,100.0,39.11,23.3317
18,35,-0.002,0.0004,100.0,518.67,642.47,1584.89,1394.36,14.62,21.61,554.48,2387.99,9060.66,1.3,47.18,522.44,2387.98,8147.2,8.4074,0.03,391,2388,100.0,38.84,23.398
18,36,0.0004,0.0005,100.0,518.67,642.06,1590.71,1399.61,14.62,21.61,553.99,2387.98,9065.7,1.3,47.23,522.56,2388.01,8140.15,8.4054,0.03,393,2388,100.0,39.09,23.2457
18,37,-0.0033,0.0005,100.0,518.67,642.28,1587.03,1392.82,14.62,21.61,554.76,2388.01,9058.88,1.3,47.29,522.06,2388.03,8143.42,8.4062,0.03,392,2388,100.0,38.94,23.486
18,38,-0.0006,-0.0004,100.0,518.67,642.4,1584.49,1407.5,14.62,21.6,554.47,2388.08,9055.89,1.3,47.17,522.46,2388.0,8145.2,8.3683,0.03,390,2388,100.0,39.13,23.4201
18,39,0.0009,-0.0002,100.0,518.67,642.73,1586.56,1404.8,14.62,21.61,554.24,2388.03,9068.33,1.3,47.36,521.72,2388.03,8140.06,8.401,0.03,391,2388,100.0,39.13,23.4609
18,40,-0.0007,0.0003,100.0,518.67,642.39,1586.54,1402.17,14.62,21.61,554.34,2388.04,9052.82,1.3,47.24,522.56,2387.98,8145.6,8.4039,0.03,392,2388,100.0,39.04,23.5294
18,41,-0.0006,-0.0003,100.0,518.67,642.56,1582.41,1403.69,14.62,21.61,553.68,2388.01,9057.96,1.3,47.36,522.55,2388.06,8144.18,8.3846,0.03,392,2388,100.0,39.04,23.3992
18,42,0.0033,-0.0005,100.0,518.67,642.02,1580.17,1391.59,14.62,21.61,554.32,2388.02,9061.08,1.3,47.29,522.36,2388.09,8144.16,8.3874,0.03,392,2388,100.0,39.13,23.4594
18,43,-0.0016,0.0002,100.0,518.67,641.34,1584.5,1396.26,14.62,21.61,553.72,2388.03,9055.69,1.3,47.02,522.43,2388.08,8139.6,8.4054,0.03,393,2388,100.0,39.09,23.3709
18,44,0.0008,0.0004,100.0,518.67,642.36,1589.34,1399.81,14.62,21.61,554.45,2388.01,9058.83,1.3,47.32,523.2,2387.99,8141.04,8.4213,0.03,394,2388,100.0,38.95,23.3803
18,45,0.0017,-0.0003,100.0,518.67,642.12,1581.15,1397.54,14.62,21.61,554.12,2388.07,9060.09,1.3,47.26,522.77,2388.0,8142.67,8.4157,0.03,394,2388,100.0,38.96,23.3931
18,46,0.0027,0.0001,100.0,518.67,642.28,1582.73,1404.38,14.62,21.61,554.6,2388.0,9065.97,1.3,47.38,522.16,2388.01,8138.26,8.4102,0.03,392,2388,100.0,39.03,23.4673
18,47,0.0017,0.0001,100.0,518.67,642.38,1586.87,1395.33,14.62,21.61,553.6,2388.06,9059.82,1.3,47.32,522.54,2387.96,8142.39,8.4264,0.03,392,2388,100.0,39.02,23.486
18,48,0.0009,0.0001,100.0,518.67,642.44,1587.51,1406.53,14.62,21.61,554.48,2388.06,9063.21,1.3,47.08,522.56,2388.0,8145.27,8.3754,0.03,393,2388,100.0,39.01,23.3508
18,49,0.0023,-0.0002,100.0,518.67,642.13,1582.46,1406.51,14.62,21.61,554.26,2388.01,9052.81,1.3,47.09,522.01,2388.02,8142.02,8.42,0.03,392,2388,100.0,38.95,23.4727
18,50,0.0006,0.0,100.0,518.67,642.01,1586.29,1389.54,14.62,21.61,554.24,2387.97,9062.96,1.3,47.15,522.14,2388.0,8145.02,8.3921,0.03,392,2388,100.0,39.12,23.4438
18,51,0.0017,-0.0,100.0,518.67,642.62,1579.97,1394.35,14.62,21.61,554.7,2388.02,9061.0,1.3,47.21,522.25,2388.0,8143.79,8.4246,0.03,392,2388,100.0,38.98,23.4403
18,52,-0.0006,-0.0002,100.0,518.67,641.76,1585.96,1395.27,14.62,21.61,554.05,2388.01,9051.44,1.3,47.22,522.25,2387.93,8146.1,8.4201,0.03,391,2388,100.0,38.95,23.4214
18,53,0.0,0.0001,100.0,518.67,642.21,1584.77,1397.47,14.62,21.61,553.82,2388.0,9066.81,1.3,47.36,522.72,2388.03,8141.1,8.4039,0.03,391,2388,100.0,39.06,23.4062
18,54,-0.0024,0.0005,100.0,518.67,642.22,1585.77,1395.13,14.62,21.61,554.6,2388.01,9055.78,1.3,47.29,521.85,2388.04,8143.16,8.3783,0.03,391,2388,100.0,38.94,23.4104
18,55,0.0001,0.0003,100.0,518.67,642.29,1576.47,1397.52,14.62,21.61,554.18,2388.12,9066.42,1.3,47.23,522.28,2388.05,8146.94,8.387,0.03,392,2388,100.0,38.95,23.3158
18,56,-0.0003,-0.0001,100.0,518.67,642.01,1581.79,1400.68,14.62,21.61,554.38,2388.01,9056.36,1.3,47.15,522.05,2388.02,8144.91,8.36,0.03,392,2388,100.0,39.12,23.3274
18,57,-0.0033,0.0003,100.0,518.67,642.32,1583.13,1402.57,14.62,21.61,554.41,2387.97,9065.29,1.3,47.33,522.37,2387.99,8140.55,8.3994,0.03,393,2388,100.0,39.06,23.3882
18,58,-0.0041,-0.0001,100.0,518.67,641.86,1584.65,1398.06,14.62,21.61,553.89,2388.04,9055.44,1.3,47.28,522.52,2388.01,8141.41,8.4098,0.03,390,2388,100.0,38.98,23.3903
18,59,0.0032,-0.0002,100.0,518.67,641.95,1583.05,1399.84,14.62,21.61,554.36,2388.07,9063.78,1.3,47.32,522.41,2387.98,8146.99,8.442,0.03,391,2388,100.0,38.98,23.4238
18,60,-0.0029,-0.0002,100.0,518.67,642.7,1584.03,1394.72,14.62,21.61,554.7,2387.96,9069.12,1.3,47.25,522.28,2388.02,8146.88,8.4094,0.03,393,2388,100.0,38.92,23.348
18,61,0.0002,-0.0003,100.0,518.67,641.99,1592.63,1403.36,14.62,21.61,554.64,2387.99,9066.86,1.3,47.32,522.03,2387.99,8138.71,8.4013,0.03,392,2388,100.0,39.03,23.3724
18,62,0.0011,-0.0,100.0,518.67,642.52,1584.72,1396.77,14.62,21.61,554.17,2388.03,9063.6,1.3,47.14,521.77,2387.98,8144.58,8.3968,0.03,390,2388,100.0,38.93,23.3002
18,63,-0.0024,-0.0003,100.0,518.67,641.91,1581.59,1397.66,14.62,21.61,553.58,2388.04,9062.67,1.3,47.34,522.27,2388.06,8144.19,8.3693,0.03,392,2388,100.0,39.16,23.516
18,64,0.0041,-0.0001,100.0,518.67,642.2,1588.24,1406.35,14.62,21.61,554.35,2387.98,9061.77,1.3,47.19,522.04,2388.0,8143.95,8.3938,0.03,393,2388,100.0,39.0,23.3359
18,65,-0.0006,0.0003,100.0,518.67,641.92,1592.11,1400.88,14.62,21.61,554.17,2388.05,9058.98,1.3,47.21,522.08,2387.98,8142.42,8.3843,0.03,393,2388,100.0,38.91,23.4608
18,66,0.0014,0.0001,100.0,518.67,641.96,1586.68,1399.45,14.62,21.61,554.28,2387.99,9059.04,1.3,47.25,522.12,2388.03,8144.55,8.4302,0.03,392,2388,100.0,39.13,23.3676
18,67,0.0029,-0.0004,100.0,518.67,642.16,1588.45,1401.89,14.62,21.61,553.96,2387.99,9063.93,1.3,47.12,521.9,2388.07,8151.83,8.4307,0.03,391,2388,100.0,38.97,23.3735
18,68,-0.0053,-0.0004,100.0,518.67,642.05,1589.56,1400.97,14.62,21.61,554.17,2387.98,9064.48,1.3,47.37,522.23,2388.0,8143.85,8.4359,0.03,392,2388,100.0,39.01,23.4621
18,69,0.0001,-0.0002,100.0,518.67,641.91,1581.06,1400.12,14.62,21.61,554.35,2388.03,9062.0,1.3,47.12,522.38,2388.04,8144.66,8.4231,0.03,391,2388,100.0,38.91,23.4357
18,70,-0.0008,0.0004,100.0,518.67,641.9,1588.15,1403.54,14.62,21.61,554.31,2388.02,9071.02,1.3,47.07,521.73,2388.02,8144.13,8.3974,0.03,392,2388,100.0,38.76,23.3067
18,71,-0.0032,-0.0003,100.0,518.67,642.1,1584.7,1400.82,14.62,21.61,553.87,2388.06,9067.44,1.3,47.16,522.34,2387.99,8142.78,8.3866,0.03,392,2388,100.0,38.96,23.3137
18,72,-0.0015,-0.0,100.0,518.67,642.24,1584.34,1391.78,14.62,21.61,554.78,2388.0,9061.3,1.3,47.15,522.43,2387.96,8147.88,8.4192,0.03,391,2388,100.0,39.22,23.4116
18,73,0.0007,0.0,100.0,518.67,641.97,1577.0,1391.66,14.62,21.61,554.74,2387.98,9059.19,1.3,47.35,521.82,2387.96,8143.6,8.3926,0.03,391,2388,100.0,39.09,23.4302
18,74,-0.0033,0.0001,100.0,518.67,642.1,1584.06,1395.07,14.62,21.61,554.56,2388.03,9066.5,1.3,47.24,522.17,2388.03,8147.08,8.3808,0.03,392,2388,100.0,39.05,23.3216
18,75,0.0003,0.0004,100.0,518.67,642.43,1576.32,1398.36,14.62,21.61,553.26,2388.05,9065.06,1.3,47.25,522.26,2388.02,8145.77,8.3971,0.03,392,2388,100.0,39.13,23.3983
18,76,-0.0014,0.0,100.0,518.67,641.89,1586.03,1397.41,14.62,21.61,554.11,2388.02,9066.66,1.3,47.29,521.88,2388.03,8150.18,8.363,0.03,393,2388,100.0,38.89,23.2577
18,77,0.0019,-0.0002,100.0,518.67,642.5,1583.75,1393.92,14.62,21.61,554.86,2387.99,9062.99,1.3,47.19,522.18,2388.01,8143.06,8.3599,0.03,392,2388,100.0,39.0,23.3231
18,78,0.0001,-0.0005,100.0,518.67,642.12,1584.6,1400.5,14.62,21.61,553.98,2388.06,9062.32,1.3,47.23,522.25,2388.06,8143.12,8.3759,0.03,392,2388,100.0,39.01,23.3331
18,79,0.0016,0.0002,100.0,518.67,642.17,1579.53,1399.94,14.62,21.61,554.66,2388.01,9069.09,1.3,47.36,522.02,2387.99,8147.75,8.3849,0.03,391,2388,100.0,39.13,23.3346
18,80,0.002,-0.0003,100.0,518.67,642.66,1593.04,1410.9,14.62,21.61,554.17,2388.05,9064.61,1.3,47.17,522.16,2388.01,8150.26,8.406,0.03,392,2388,100.0,38.85,23.3668
18,81,-0.0021,-0.0002,100.0,518.67,642.67,1582.84,1402.79,14.62,21.61,554.76,2388.07,9067.7,1.3,47.26,522.29,2388.01,8146.04,8.4095,0.03,391,2388,100.0,39.08,23.3978
18,82,-0.0035,0.0005,100.0,518.67,642.07,1587.74,1399.22,14.62,21.61,553.91,2388.05,9066.58,1.3,47.09,521.69,2388.01,8150.88,8.4407,0.03,393,2388,100.0,39.03,23.239
18,83,-0.0009,0.0005,100.0,518.67,642.34,1592.64,1403.44,14.62,21.61,553.76,2388.0,9061.51,1.3,47.24,522.01,2388.03,8141.79,8.4416,0.03,393,2388,100.0,39.13,23.3372
18,84,0.0015,-0.0004,100.0,518.67,642.09,1589.33,1397.41,14.62,21.61,554.04,2388.01,9059.15,1.3,47.09,522.14,2388.05,8150.99,8.4015,0.03,392,2388,100.0,38.95,23.4021
18,85,-0.0049,-0.0002,100.0,518.67,642.09,1583.27,1401.56,14.62,21.61,553.94,2388.0,9070.16,1.3,47.3,522.37,2388.02,8151.0,8.4391,0.03,392,2388,100.0,38.78,23.3582
18,86,0.0018,-0.0,100.0,518.67,642.25,1591.3,1403.07,14.62,21.61,553.97,2388.0,9074.5,1.3,47.29,522.58,2388.0,8151.66,8.3878,0.03,392,2388,100.0,39.13,23.4095
18,87,0.0014,0.0002,100.0,518.67,642.06,1582.49,1394.99,14.62,21.61,554.53,2388.0,9067.85,1.3,47.29,521.75,2388.04,8150.24,8.3919,0.03,391,2388,100.0,38.86,23.4634
18,88,-0.0004,0.0,100.0,518.67,641.84,1589.77,1401.22,14.62,21.61,554.32,2388.04,9066.53,1.3,47.15,522.07,2388.05,8149.67,8.4509,0.03,393,2388,100.0,39.04,23.3098
18,89,-0.0032,-0.0001,100.0,518.67,642.38,1588.14,1400.59,14.62,21.61,553.94,2388.02,9073.43,1.3,47.12,521.81,2388.05,8145.37,8.4391,0.03,391,2388,100.0,39.04,23.4089
18,90,-0.0008,0.0003,100.0,518.67,642.74,1586.97,1392.63,14.62,21.61,554.97,2388.03,9070.39,1.3,47.3,522.07,2388.06,8149.48,8.4299,0.03,393,2388,100.0,38.66,23.3423
18,91,0.004,-0.0,100.0,518.67,642.48,1592.27,1400.36,14.62,21.61,554.23,2388.01,9062.35,1.3,47.3,522.02,2388.04,8147.01,8.3815,0.03,392,2388,100.0,38.99,23.4079
18,92,0.0001,0.0005,100.0,518.67,642.55,1591.31,1401.38,14.62,21.61,553.38,2388.02,9071.41,1.3,47.34,522.51,2388.03,8147.31,8.4036,0.03,392,2388,100.0,38.98,23.4669
18,93,-0.0002,0.0003,100.0,518.67,642.67,1584.95,1398.8,14.62,21.61,554.55,2388.04,9067.18,1.3,47.46,522.39,2388.05,8147.34,8.3889,0.03,393,2388,100.0,39.01,23.3003
18,94,-0.0001,0.0004,100.0,518.67,641.73,1582.79,1393.97,14.62,21.61,554.63,2388.03,9054.87,1.3,47.21,522.12,2388.01,8148.9,8.3987,0.03,392,2388,100.0,38.92,23.4619
18,95,-0.001,0.0002,100.0,518.67,642.19,1580.1,1398.09,14.62,21.61,554.8,2387.98,9067.82,1.3,47.2,522.24,2387.99,8147.89,8.4083,0.03,392,2388,100.0,38.88,23.3255
18,96,0.0007,0.0003,100.0,518.67,642.0,1587.19,1399.31,14.62,21.61,554.6,2388.02,9073.08,1.3,47.26,522.6,2387.99,8149.8,8.3757,0.03,392,2388,100.0,38.89,23.3862
18,97,0.0003,-0.0001,100.0,518.67,642.18,1579.99,1400.55,14.62,21.61,554.65,2388.04,9075.47,1.3,47.25,522.25,2388.07,8150.02,8.3938,0.03,393,2388,100.0,39.06,23.3256
18,98,0.0002,0.0005,100.0,518.67,642.54,1588.03,1399.2,14.62,21.61,554.23,2387.99,9066.57,1.3,47.32,521.76,2388.03,8150.84,8.4182,0.03,393,2388,100.0,39.06,23.3368
18,99,0.0022,0.0001,100.0,518.67,642.51,1588.5,1400.65,14.62,21.61,553.98,2387.98,9071.09,1.3,47.28,522.54,2388.05,8150.79,8.4058,0.03,390,2388,100.0,39.03,23.3504
18,100,-0.0002,0.0003,100.0,518.67,642.44,1585.3,1410.56,14.62,21.61,554.24,2388.01,9071.04,1.3,47.18,521.75,2388.03,8148.05,8.4235,0.03,394,2388,100.0,39.0,23.3536
18,101,-0.0,-0.0001,100.0,518.67,642.23,1591.29,1401.78,14.62,21.61,553.73,2388.06,9072.74,1.3,47.53,521.71,2388.0,8150.37,8.438,0.03,392,2388,100.0,38.82,23.348
18,102,-0.0011,0.0004,100.0,518.67,641.74,1584.86,1399.41,14.62,21.61,554.16,2388.1,9074.8,1.3,47.16,522.17,2388.01,8151.84,8.4421,0.03,393,2388,100.0,39.0,23.3604
18,103,-0.0009,-0.0003,100.0,518.67,642.59,1590.76,1395.61,14.62,21.61,553.59,2388.01,9076.23,1.3,47.39,521.69,2388.0,8153.2,8.4326,0.03,392,2388,100.0,38.87,23.5415
18,104,0.0011,0.0001,100.0,518.67,642.15,1582.62,1398.49,14.62,21.61,554.37,2388.04,9075.65,1.3,47.4,521.9,2388.04,8153.73,8.4134,0.03,391,2388,100.0,38.86,23.2726
18,105,-0.0028,0.0001,100.0,518.67,641.84,1589.47,1401.67,14.62,21.61,554.01,2387.98,9070.15,1.3,47.34,521.43,2388.0,8152.02,8.4446,0.03,392,2388,100.0,38.89,23.506
18,106,0.001,-0.0001,100.0,518.67,642.35,1591.63,1399.96,14.62,21.61,553.69,2387.99,9075.77,1.3,47.29,522.03,2388.03,8148.38,8.4204,0.03,393,2388,100.0,38.88,23.3657
18,107,0.0001,-0.0002,100.0,518.67,642.79,1591.51,1410.85,14.62,21.61,553.44,2388.03,9076.21,1.3,47.27,522.0,2388.03,8149.43,8.4153,0.03,392,2388,100.0,39.22,23.4117
18,108,-0.0033,-0.0002,100.0,518.67,642.49,1590.9,1409.16,14.62,21.61,553.74,2388.03,9068.56,1.3,47.24,521.83,2388.01,8152.59,8.4134,0.03,394,2388,100.0,39.06,23.2886
18,109,0.0019,-0.0001,100.0,518.67,642.27,1590.55,1392.8,14.62,21.61,554.23,2387.95,9077.08,1.3,47.27,522.48,2387.94,8154.5,8.4141,0.03,392,2388,100.0,39.09,23.4017
18,110,-0.0011,0.0004,100.0,518.67,642.55,1586.44,1405.16,14.62,21.61,553.14,2387.98,9068.96,1.3,47.37,522.09,2388.02,8159.23,8.4556,0.03,393,2388,100.0,38.96,23.3786
18,111,-0.0002,-0.0003,100.0,518.67,642.53,1582.44,1401.75,14.62,21.61,553.44,2388.05,9077.4,1.3,47.28,522.57,2388.03,8151.32,8.3795,0.03,391,2388,100.0,38.76,23.3086
18,112,0.0005,-0.0,100.0,518.67,642.34,1579.35,1404.3,14.62,21.61,554.25,2388.06,9076.84,1.3,47.34,521.88,2388.03,8149.43,8.381,0.03,391,2388,100.0,38.92,23.3279
18,113,0.0008,-0.0003,100.0,518.67,642.69,1587.61,1403.82,14.62,21.61,554.02,2388.04,9079.85,1.3,47.34,522.39,2388.06,8153.27,8.4331,0.03,392,2388,100.0,39.01,23.3641
18,114,0.0021,-0.0002,100.0,518.67,642.23,1587.46,1404.07,14.62,21.61,553.42,2388.02,9073.91,1.3,47.34,521.86,2388.01,8157.48,8.4375,0.03,392,2388,100.0,38.94,23.4542
18,115,0.0004,0.0004,100.0,518.67,641.71,1591.35,1406.5,14.62,21.61,554.13,2388.04,9078.32,1.3,47.44,522.02,2388.05,8152.87,8.4052,0.03,392,2388,100.0,38.99,23.2573
18,116,-0.0001,0.0002,100.0,518.67,642.19,1583.87,1410.57,14.62,21.61,553.62,2387.94,9074.96,1.3,47.25,521.71,2388.03,8154.75,8.444,0.03,391,2388,100.0,38.9,23.3951
18,117,-0.0022,0.0004,100.0,518.67,642.06,1583.79,1404.78,14.62,21.61,553.9,2387.99,9080.08,1.3,47.23,522.31,2388.04,8159.92,8.4498,0.03,392,2388,100.0,38.99,23.3608
18,118,-0.0005,0.0004,100.0,518.67,642.43,1589.58,1397.3,14.62,21.61,554.27,2388.02,9083.68,1.3,47.46,521.13,2388.02,8154.7,8.4467,0.03,391,2388,100.0,38.93,23.389
18,119,0.0029,-0.0002,100.0,518.67,641.9,1592.46,1404.23,14.62,21.61,554.56,2388.05,9076.6,1.3,47.4,522.04,2387.97,8153.04,8.4354,0.03,392,2388,100.0,38.86,23.4318
18,120,-0.0013,0.0003,100.0,518.67,642.21,1592.07,1405.99,14.62,21.61,554.22,2387.98,9070.94,1.3,47.22,522.23,2387.98,8151.87,8.4292,0.03,393,2388,100.0,39.03,23.3621
18,121,0.0005,0.0003,100.0,518.67,642.52,1586.5,1399.33,14.62,21.6,554.09,2388.04,9086.72,1.3,47.36,521.65,2388.0,8162.33,8.4074,0.03,391,2388,100.0,38.89,23.3686
18,122,0.0003,-0.0001,100.0,518.67,642.86,1587.74,1400.36,14.62,21.61,553.72,2388.01,9081.22,1.3,47.11,521.92,2388.02,8158.84,8.4184,0.03,394,2388,100.0,39.06,23.4212
18,123,-0.0019,-0.0002,100.0,518.67,642.57,1582.27,1394.88,14.62,21.61,554.33,2388.02,9079.59,1.3,47.37,522.52,2388.0,8156.98,8.4051,0.03,391,2388,100.0,38.92,23.3722
18,124,0.0008,-0.0002,100.0,518.67,642.21,1593.4,1400.11,14.62,21.61,554.02,2388.07,9079.07,1.3,47.3,521.88,2388.06,8160.46,8.3898,0.03,392,2388,100.0,39.1,23.3311
18,125,0.0001,-0.0002,100.0,518.67,642.0,1588.58,1398.29,14.62,21.61,554.2,2388.0,9076.47,1.3,47.24,521.79,2388.03,8159.29,8.3991,0.03,393,2388,100.0,38.87,23.4273
18,126,-0.0008,0.0003,100.0,518.67,642.37,1590.08,1396.3,14.62,21.61,554.87,2388.04,9092.3,1.3,47.37,522.07,2388.09,8155.81,8.4042,0.03,392,2388,100.0,38.99,23.3313
18,127,0.0039,-0.0004,100.0,518.67,642.12,1589.53,1407.98,14.62,21.61,554.75,2388.02,9080.88,1.3,47.57,521.78,2388.0,8161.59,8.4641,0.03,393,2388,100.0,38.96,23.287
18,128,-0.0011,-0.0001,100.0,518.67,642.14,1591.4,1397.89,14.62,21.6,554.52,2388.01,9087.0,1.3,47.35,521.88,2388.04,8157.94,8.4255,0.03,392,2388,100.0,38.67,23.3941
18,129,-0.0005,0.0005,100.0,518.67,642.37,1593.56,1406.09,14.62,21.61,553.52,2388.01,9089.55,1.3,47.42,521.94,2388.07,8158.25,8.4045,0.03,391,2388,100.0,38.93,23.2507
18,130,0.0018,0.0002,100.0,518.67,642.77,1594.14,1398.72,14.62,21.61,553.87,2388.03,9085.89,1.3,47.34,522.32,2388.04,8163.91,8.4203,0.03,393,2388,100.0,38.9,23.3142
18,131,0.0001,0.0003,100.0,518.67,643.09,1591.11,1410.53,14.62,21.61,553.25,2388.02,9085.29,1.3,47.26,521.97,2387.96,8158.89,8.4357,0.03,393,2388,100.0,38.92,23.2572
18,132,0.0033,0.0005,100.0,518.67,642.82,1588.54,1399.38,14.62,21.61,554.37,2388.0,9086.05,1.3,47.43,521.45,2388.0,8158.05,8.4232,0.03,393,2388,100.0,38.76,23.316
18,133,0.003,-0.0002,100.0,518.67,642.66,1588.81,1405.97,14.62,21.61,553.88,2388.0,9089.27,1.3,47.22,522.1,2388.06,8167.5,8.4674,0.03,392,2388,100.0,38.79,23.3347
18,134,-0.0,0.0005,100.0,518.67,642.6,1582.54,1403.88,14.62,21.61,553.83,2388.03,9075.85,1.3,47.44,522.06,2387.99,8168.97,8.4524,0.03,393,2388,100.0,38.83,23.3867
18,135,-0.0013,-0.0001,100.0,518.67,642.54,1585.67,1405.34,14.62,21.61,553.81,2388.06,9092.27,1.3,47.41,521.66,2388.05,8164.45,8.4401,0.03,392,2388,100.0,38.91,23.3456
18,136,-0.0028,0.0002,100.0,518.67,642.32,1587.62,1403.88,14.62,21.61,553.71,2388.07,9089.94,1.3,47.49,522.33,2388.02,8172.35,8.4293,0.03,395,2388,100.0,38.95,23.3646
18,137,0.0028,0.0,100.0,518.67,642.74,1594.35,1400.15,14.62,21.61,553.68,2388.02,9087.47,1.3,47.54,522.04,2388.06,8164.93,8.4317,0.03,393,2388,100.0,38.89,23.3933
18,138,0.0021,-0.0,100.0,518.67,642.59,1588.95,1409.01,14.62,21.61,553.55,2388.01,9088.94,1.3,47.2,522.07,2387.99,8164.69,8.4681,0.03,394,2388,100.0,38.93,23.2783
18,139,-0.0006,0.0002,100.0,518.67,642.44,1591.67,1397.75,14.62,21.61,553.03,2388.02,9092.44,1.3,47.35,522.03,2388.03,8163.4,8.4336,0.03,394,2388,100.0,38.71,23.3199
18,140,0.0035,-0.0001,100.0,518.67,642.02,1590.42,1402.13,14.62,21.61,553.05,2388.06,9089.35,1.3,47.42,521.68,2387.99,8172.83,8.4339,0.03,394,2388,100.0,38.85,23.3742
18,141,0.0021,0.0004,100.0,518.67,642.42,1588.93,1403.87,14.62,21.61,554.45,2388.0,9100.59,1.3,47.48,521.57,2388.05,8167.23,8.4279,0.03,392,2388,100.0,38.98,23.2611
18,142,0.0005,0.0004,100.0,518.67,642.57,1589.41,1410.8,14.62,21.61,553.6,2388.01,9090.16,1.3,47.44,521.71,2388.0,8171.65,8.4321,0.03,392,2388,100.0,38.78,23.355
18,143,-0.0035,-0.0001,100.0,518.67,643.27,1589.81,1408.32,14.62,21.61,553.74,2388.0,9093.8,1.3,47.4,521.07,2388.04,8174.22,8.4616,0.03,392,2388,100.0,38.96,23.2704
18,144,0.0002,-0.0,100.0,518.67,642.94,1585.94,1411.93,14.62,21.61,553.55,2388.03,9099.54,1.3,47.54,521.96,2388.0,8175.42,8.4174,0.03,393,2388,100.0,38.98,23.4092
18,145,-0.0025,0.0002,100.0,518.67,642.97,1591.89,1405.28,14.62,21.61,553.79,2388.05,9087.61,1.3,47.49,521.62,2388.01,8173.12,8.4263,0.03,393,2388,100.0,38.63,23.3455
18,146,-0.0036,0.0002,100.0,518.67,642.69,1589.1,1414.44,14.62,21.61,554.14,2387.99,9098.27,1.3,47.31,521.58,2388.04,8177.71,8.4438,0.03,394,2388,100.0,38.91,23.2522
18,147,-0.0013,-0.0002,100.0,518.67,642.37,1592.68,1404.3,14.62,21.61,553.39,2388.06,9097.38,1.3,47.56,522.06,2388.06,8179.63,8.3921,0.03,393,2388,100.0,38.91,23.3401
18,148,0.0002,-0.0002,100.0,518.67,641.91,1589.12,1404.57,14.62,21.61,554.06,2388.01,9102.28,1.3,47.38,521.35,2388.1,8174.8,8.4605,0.03,393,2388,100.0,38.96,23.2572
18,149,0.002,-0.0003,100.0,518.67,642.87,1585.97,1402.33,14.62,21.61,554.15,2388.05,9105.01,1.3,47.42,520.97,2388.05,8175.79,8.4081,0.03,393,2388,100.0,38.76,23.339
18,150,-0.0036,0.0004,100.0,518.67,642.45,1586.5,1403.39,14.62,21.61,553.3,2388.02,9106.11,1.3,47.35,521.2,2388.02,8177.4,8.4321,0.03,395,2388,100.0,38.86,23.3118
18,151,0.0002,0.0002,100.0,518.67,642.33,1593.51,1412.38,14.62,21.61,552.74,2388.01,9111.26,1.3,47.45,522.04,2387.99,8173.89,8.4355,0.03,393,2388,100.0,38.86,23.25
18,152,-0.0,-0.0001,100.0,518.67,642.44,1591.49,1403.22,14.62,21.61,554.39,2388.01,9109.02,1.3,47.56,521.85,2388.0,8179.07,8.4385,0.03,393,2388,100.0,38.82,23.3116
18,153,0.0027,-0.0002,100.0,518.67,642.67,1586.35,1410.05,14.62,21.61,553.82,2388.02,9106.32,1.3,47.56,521.92,2388.03,8180.41,8.4785,0.03,393,2388,100.0,38.95,23.1902
18,154,-0.0023,0.0003,100.0,518.67,642.83,1587.07,1406.5,14.62,21.61,554.69,2388.01,9103.2,1.3,47.47,522.03,2388.03,8185.69,8.4757,0.03,393,2388,100.0,38.85,23.3986
18,155,-0.0031,0.0002,100.0,518.67,642.82,1597.04,1405.39,14.62,21.61,554.19,2388.04,9103.76,1.3,47.59,520.84,2388.04,8176.98,8.4184,0.03,394,2388,100.0,38.67,23.2971
18,156,0.001,-0.0004,100.0,518.67,642.56,1591.75,1411.09,14.62,21.61,553.42,2387.98,9111.38,1.3,47.63,521.97,2388.02,8181.79,8.4523,0.03,393,2388,100.0,38.66,23.3277
18,157,0.004,0.0003,100.0,518.67,642.62,1591.55,1406.17,14.62,21.61,553.09,2388.06,9106.38,1.3,47.67,521.49,2388.01,8182.29,8.4395,0.03,392,2388,100.0,38.7,23.3202
18,158,-0.005,-0.0003,100.0,518.67,642.37,1587.54,1409.14,14.62,21.61,553.73,2388.05,9118.47,1.3,47.63,521.45,2388.07,8189.74,8.4415,0.03,395,2388,100.0,38.96,23.3307
18,159,-0.0003,0.0003,100.0,518.67,642.95,1591.89,1401.17,14.62,21.61,553.84,2388.06,9115.33,1.3,47.5,521.73,2388.03,8187.98,8.432,0.03,393,2388,100.0,38.87,23.2662
18,160,-0.0023,0.0003,100.0,518.67,642.97,1595.36,1411.22,14.62,21.61,554.1,2388.07,9114.6,1.3,47.6,521.85,2388.0,8190.29,8.4822,0.03,395,2388,100.0,38.83,23.38
18,161,-0.0005,-0.0,100.0,518.67,642.73,1584.91,1417.65,14.62,21.61,552.67,2388.08,9119.8,1.3,47.7,521.44,2387.99,8189.39,8.435,0.03,394,2388,100.0,38.89,23.2671
18,162,0.0007,0.0001,100.0,518.67,642.49,1591.6,1407.02,14.62,21.61,553.83,2388.08,9116.88,1.3,47.68,521.47,2388.09,8197.72,8.4515,0.03,392,2388,100.0,38.95,23.2158
18,163,0.0043,0.0005,100.0,518.67,642.85,1592.58,1416.27,14.62,21.61,553.45,2388.01,9127.41,1.3,47.38,521.49,2388.04,8194.99,8.4483,0.03,394,2388,100.0,38.71,23.1824
18,164,-0.0022,0.0005,100.0,518.67,642.41,1590.17,1410.04,14.62,21.61,553.66,2388.02,9123.31,1.3,47.47,521.63,2388.09,8194.15,8.4433,0.03,395,2388,100.0,38.83,23.2063
18,165,0.0002,0.0005,100.0,518.67,643.06,1598.42,1408.19,14.62,21.61,553.28,2388.03,9122.87,1.3,47.76,521.42,2388.07,8199.62,8.4836,0.03,396,2388,100.0,38.72,23.3115
18,166,-0.0002,0.0004,100.0,518.67,642.64,1591.74,1414.9,14.62,21.61,554.0,2388.07,9128.98,1.3,47.84,521.97,2388.05,8203.99,8.4689,0.03,395,2388,100.0,38.69,23.2631
18,167,0.0013,-0.0002,100.0,518.67,642.34,1591.0,1416.13,14.62,21.61,552.71,2388.05,9127.39,1.3,47.6,521.83,2388.02,8201.57,8.4617,0.03,393,2388,100.0,38.52,23.3384
18,168,0.0014,-0.0001,100.0,518.67,642.39,1596.24,1403.83,14.62,21.61,553.79,2388.08,9131.95,1.3,47.67,521.57,2388.06,8206.5,8.4355,0.03,394,2388,100.0,38.85,23.2874
18,169,-0.0022,-0.0003,100.0,518.67,642.92,1598.65,1409.68,14.62,21.61,553.57,2388.06,9136.6,1.3,47.57,521.64,2388.06,8200.79,8.4708,0.03,394,2388,100.0,38.55,23.1785
18,170,0.0024,-0.0001,100.0,518.67,643.04,1587.75,1411.21,14.62,21.61,554.36,2388.0,9140.45,1.3,47.58,521.14,2388.05,8209.95,8.4543,0.03,394,2388,100.0,38.76,23.1904
18,171,-0.001,-0.0002,100.0,518.67,642.84,1589.1,1412.38,14.62,21.61,552.88,2388.03,9148.32,1.3,47.53,520.76,2388.1,8207.89,8.4662,0.03,394,2388,100.0,38.74,23.2531
18,172,0.0058,-0.0003,100.0,518.67,643.47,1600.63,1406.05,14.62,21.61,553.15,2388.06,9143.07,1.3,47.82,521.35,2388.05,8211.4,8.4363,0.03,394,2388,100.0,38.85,23.2209
18,173,-0.0001,0.0003,100.0,518.67,642.66,1596.12,1419.76,14.62,21.61,553.16,2388.05,9138.56,1.3,47.65,521.47,2388.12,8209.65,8.4577,0.03,394,2388,100.0,38.72,23.2467
18,174,0.0033,-0.0001,100.0,518.67,642.79,1595.67,1416.74,14.62,21.61,553.04,2388.08,9152.07,1.3,47.78,520.73,2388.02,8215.43,8.4754,0.03,397,2388,100.0,38.9,23.2433
18,175,0.003,0.0003,100.0,518.67,642.76,1594.37,1422.39,14.62,21.61,553.4,2388.05,9155.35,1.3,47.72,521.27,2388.12,8215.51,8.4475,0.03,395,2388,100.0,38.72,23.2019
18,176,0.0011,0.0003,100.0,518.67,643.09,1596.47,1415.26,14.62,21.61,554.07,2388.08,9150.63,1.3,47.81,521.36,2388.08,8215.5,8.468,0.03,395,2388,100.0,38.82,23.2493
18,177,0.0006,-0.0004,100.0,518.67,643.11,1602.3,1416.38,14.62,21.61,552.85,2388.03,9157.14,1.3,47.65,521.45,2388.12,8218.26,8.4567,0.03,396,2388,100.0,38.81,23.1773
18,178,0.0009,-0.0004,100.0,518.67,642.74,1599.44,1417.74,14.62,21.61,552.88,2388.12,9157.33,1.3,47.78,520.84,2388.11,8225.98,8.5067,0.03,396,2388,100.0,38.67,23.1483
18,179,0.0014,-0.0001,100.0,518.67,642.22,1601.1,1417.03,14.62,21.61,553.44,2388.07,9157.23,1.3,47.58,521.1,2388.08,8226.08,8.5244,0.03,395,2388,100.0,38.8,23.1702
18,180,0.0022,-0.0,100.0,518.67,642.6,1602.68,1424.29,14.62,21.61,553.14,2388.08,9162.42,1.3,47.76,520.89,2388.06,8229.02,8.4783,0.03,396,2388,100.0,38.63,23.2429
18,181,0.0016,-0.0001,100.0,518.67,643.33,1600.23,1422.16,14.62,21.61,551.94,2388.12,9167.49,1.3,47.91,520.94,2388.14,8227.06,8.4915,0.03,396,2388,100.0,38.49,23.0976
18,182,0.0031,-0.0002,100.0,518.67,643.06,1608.95,1417.2,14.62,21.61,552.84,2388.08,9170.17,1.3,47.81,520.56,2388.07,8228.09,8.5002,0.03,395,2388,100.0,38.74,23.1709
18,183,-0.0032,-0.0001,100.0,518.67,643.16,1599.22,1416.6,14.62,21.61,552.92,2388.04,9171.68,1.3,47.85,520.77,2388.15,8243.3,8.4876,0.03,396,2388,100.0,38.51,23.0937
18,184,0.0024,-0.0003,100.0,518.67,643.56,1604.92,1416.38,14.62,21.61,552.45,2388.12,9174.9,1.3,47.88,520.47,2388.12,8237.12,8.5388,0.03,396,2388,100.0,38.67,23.0863
18,185,-0.0001,-0.0002,100.0,518.67,643.06,1601.27,1417.87,14.62,21.61,552.25,2388.13,9178.75,1.3,47.63,521.06,2388.15,8243.72,8.4848,0.03,395,2388,100.0,38.65,23.1556
18,186,0.0016,0.0001,100.0,518.67,643.85,1597.23,1425.43,14.62,21.61,552.58,2388.1,9191.36,1.3,47.99,520.33,2388.16,8245.88,8.4843,0.03,394,2388,100.0,38.6,23.0816
18,187,-0.0006,-0.0002,100.0,518.67,643.17,1600.39,1422.43,14.62,21.61,551.82,2388.13,9177.82,1.3,48.15,520.23,2388.12,8248.18,8.4426,0.03,396,2388,100.0,38.61,23.0819
18,188,0.0011,0.0001,100.0,518.67,643.17,1602.0,1428.31,14.62,21.61,552.77,2388.09,9187.67,1.3,47.77,520.49,2388.09,8253.97,8.4999,0.03,395,2388,100.0,38.57,23.2292
18,189,-0.0001,-0.0004,100.0,518.67,643.11,1601.04,1433.02,14.62,21.61,552.09,2388.13,9195.53,1.3,47.93,521.03,2388.1,8252.18,8.4955,0.03,396,2388,100.0,38.58,23.1173
18,190,0.002,-0.0003,100.0,518.67,643.39,1603.13,1424.21,14.62,21.61,551.39,2388.1,9196.3,1.3,47.97,520.14,2388.11,8263.06,8.5376,0.03,397,2388,100.0,38.45,23.0872
18,191,-0.0007,-0.0001,100.0,518.67,643.59,1606.51,1423.47,14.62,21.61,551.58,2388.12,9206.21,1.3,47.87,520.25,2388.13,8260.29,8.5102,0.03,396,2388,100.0,38.65,23.1001
18,192,-0.0018,-0.0004,100.0,518.67,643.23,1602.92,1426.15,14.62,21.61,552.23,2388.14,9204.44,1.3,48.1,520.53,2388.18,8268.81,8.5372,0.03,397,2388,100.0,38.3,22.9841
18,193,0.0003,0.0001,100.0,518.67,643.89,1603.03,1423.65,14.62,21.61,552.22,2388.2,9210.95,1.3,48.3,520.36,2388.15,8273.15,8.5429,0.03,396,2388,100.0,38.31,23.1555
18,194,0.0003,0.0004,100.0,518.67,644.05,1609.52,1423.44,14.62,21.61,551.52,2388.13,9223.56,1.3,48.14,520.23,2388.12,8269.4,8.4945,0.03,397,2388,100.0,38.58,23.0109
18,195,-0.0029,-0.0001,100.0,518.67,643.93,1601.0,1428.08,14.62,21.61,551.43,2388.44,9224.53,1.3,48.01,519.44,2388.39,8282.5,8.5132,0.03,398,2388,100.0,38.5,23.0304
36,1,0.0007,-0.0004,100.0,518.67,642.95,1592.01,1407.56,14.62,21.61,553.39,2388.08,9053.52,1.3,47.29,521.38,2388.09,8140.18,8.4318,0.03,393,2388,100.0,38.92,23.3887
36,2,0.0017,0.0003,100.0,518.67,642.79,1584.77,1402.96,14.62,21.61,553.06,2388.13,9064.98,1.3,47.6,521.72,2388.06,8137.54,8.4328,0.03,395,2388,100.0,38.83,23.3423
36,3,0.0029,0.0001,100.0,518.67,642.7,1588.63,1404.26,14.62,21.61,553.52,2388.01,9058.85,1.3,47.33,521.66,2388.09,8138.18,8.4268,0.03,392,2388,100.0,38.83,23.363
36,4,0.002,0.0003,100.0,518.67,642.62,1583.71,1408.5,14.62,21.61,553.98,2388.09,9058.27,1.3,47.36,521.59,2388.08,8135.27,8.4268,0.03,394,2388,100.0,38.89,23.3044
36,5,-0.0008,-0.0001,100.0,518.67,642.77,1591.86,1401.24,14.62,21.61,553.64,2388.07,9062.89,1.3,47.66,521.83,2388.11,8136.07,8.4243,0.03,393,2388,100.0,38.91,23.4608
36,6,-0.0015,0.0,100.0,518.67,642.94,1588.6,1406.49,14.62,21.61,553.76,2388.11,9062.66,1.3,47.41,521.58,2388.09,8139.4,8.4635,0.03,392,2388,100.0,38.88,23.2545
36,7,-0.0048,0.0003,100.0,518.67,642.45,1589.24,1408.13,14.62,21.61,553.94,2388.14,9063.63,1.3,47.63,521.57,2388.11,8141.27,8.4315,0.03,393,2388,100.0,38.9,23.3848
36,8,0.002,0.0001,100.0,518.67,642.73,1585.88,1411.64,14.62,21.61,553.77,2388.09,9057.19,1.3,47.52,521.82,2388.08,8144.83,8.3967,0.03,394,2388,100.0,39.02,23.3342
36,9,0.0012,0.0,100.0,518.67,643.01,1591.56,1410.02,14.62,21.61,553.92,2388.03,9061.73,1.3,47.63,521.82,2388.13,8136.6,8.4316,0.03,393,2388,100.0,38.76,23.3442
36,10,-0.0009,0.0004,100.0,518.67,642.33,1590.41,1405.97,14.62,21.61,553.72,2388.06,9062.73,1.3,47.76,521.94,2388.07,8138.0,8.4145,0.03,393,2388,100.0,38.6,23.4146
36,11,0.0004,0.0002,100.0,518.67,642.32,1589.73,1408.51,14.62,21.61,553.86,2388.11,9059.65,1.3,47.45,521.92,2388.08,8134.13,8.4688,0.03,392,2388,100.0,38.79,23.4241
36,12,0.0004,-0.0005,100.0,518.67,642.35,1594.56,1406.33,14.62,21.61,553.45,2388.08,9062.28,1.3,47.39,521.67,2388.08,8143.21,8.4629,0.03,393,2388,100.0,38.75,23.3234
36,13,-0.003,-0.0003,100.0,518.67,642.66,1590.46,1406.87,14.62,21.61,553.54,2388.05,9052.82,1.3,47.43,521.64,2388.08,8138.85,8.4147,0.03,393,2388,100.0,38.71,23.3453
36,14,0.0035,0.0004,100.0,518.67,642.06,1593.08,1405.96,14.62,21.61,552.9,2388.04,9055.11,1.3,47.53,521.15,2388.08,8138.83,8.4253,0.03,393,2388,100.0,38.77,23.2536
36,15,-0.0008,0.0001,100.0,518.67,642.12,1588.2,1401.15,14.62,21.61,553.41,2388.04,9056.78,1.3,47.35,521.82,2388.09,8136.5,8.445,0.03,394,2388,100.0,38.8,23.387
36,16,-0.0001,0.0001,100.0,518.67,642.68,1592.63,1409.12,14.62,21.61,553.3,2388.08,9058.42,1.3,47.62,521.36,2388.07,8137.3,8.397,0.03,392,2388,100.0,38.74,23.3399
36,17,-0.0007,-0.0005,100.0,518.67,642.54,1589.76,1402.29,14.62,21.61,553.55,2388.14,9056.86,1.3,47.58,521.78,2388.04,8142.83,8.4328,0.03,392,2388,100.0,38.78,23.2056
36,18,0.001,0.0003,100.0,518.67,642.14,1588.67,1411.5,14.62,21.61,553.58,2388.06,9054.07,1.3,47.6,522.22,2388.11,8139.56,8.4253,0.03,393,2388,100.0,39.1,23.3983
36,19,0.0016,0.0001,100.0,518.67,642.66,1589.08,1404.81,14.62,21.61,553.41,2388.11,9062.08,1.3,47.38,521.52,2388.06,8137.76,8.4456,0.03,393,2388,100.0,38.91,23.3084
36,20,0.0023,0.0,100.0,518.67,642.38,1584.08,1402.7,14.62,21.61,553.59,2388.08,9061.5,1.3,47.44,521.63,2388.08,8140.76,8.4539,0.03,392,2388,100.0,38.78,23.3281
36,21,0.0005,0.0001,100.0,518.67,642.49,1585.8,1405.54,14.62,21.61,553.42,2388.09,9055.91,1.3,47.53,521.63,2388.12,8133.52,8.4522,0.03,394,2388,100.0,39.02,23.3991
36,22,0.0023,-0.0003,100.0,518.67,642.53,1592.38,1406.48,14.62,21.61,553.62,2388.07,9065.12,1.3,47.58,520.98,2388.14,8136.49,8.4622,0.03,394,2388,100.0,38.91,23.2782
36,23,0.0005,0.0001,100.0,518.67,643.14,1581.07,1406.67,14.62,21.61,553.23,2388.09,9066.24,1.3,47.69,522.13,2388.12,8138.5,8.4364,0.03,393,2388,100.0,38.77,23.3312
36,24,-0.0018,-0.0006,100.0,518.67,642.46,1591.41,1408.48,14.62,21.61,554.0,2388.11,9052.59,1.3,47.53,521.66,2388.1,8131.72,8.4316,0.03,392,2388,100.0,38.73,23.2198
36,25,0.0021,0.0001,100.0,518.67,642.34,1587.16,1411.35,14.62,21.61,553.36,2388.06,9056.69,1.3,47.49,521.59,2388.05,8131.95,8.4443,0.03,392,2388,100.0,38.76,23.2969
36,26,0.002,-0.0001,100.0,518.67,642.51,1590.05,1405.76,14.62,21.61,554.29,2388.06,9056.38,1.3,47.52,521.39,2388.07,8138.48,8.4391,0.03,392,2388,100.0,38.92,23.2505
36,27,0.0039,-0.0001,100.0,518.67,643.03,1587.5,1403.75,14.62,21.61,553.75,2388.07,9060.46,1.3,47.46,521.67,2388.08,8140.13,8.3889,0.03,392,2388,100.0,38.93,23.2794
36,28,-0.0002,-0.0005,100.0,518.67,642.35,1590.34,1405.9,14.62,21.61,552.88,2388.1,9064.39,1.3,47.38,521.03,2388.08,8139.93,8.423,0.03,391,2388,100.0,38.91,23.3204
36,29,0.0031,0.0002,100.0,518.67,642.82,1586.49,1405.59,14.62,21.61,553.52,2388.13,9059.48,1.3,47.49,521.62,2388.01,8139.27,8.4448,0.03,394,2388,100.0,38.8,23.4098
36,30,-0.0015,-0.0003,100.0,518.67,642.81,1591.3,1399.65,14.62,21.61,553.35,2388.12,9065.75,1.3,47.29,521.17,2388.05,8136.4,8.4158,0.03,394,2388,100.0,39.0,23.3548
36,31,0.0,-0.0,100.0,518.67,643.17,1596.22,1405.93,14.62,21.61,553.15,2388.11,9058.53,1.3,47.43,521.99,2388.11,8143.59,8.4485,0.03,393,2388,100.0,38.75,23.4314
36,32,-0.0015,-0.0003,100.0,518.67,642.23,1590.0,1406.21,14.62,21.61,552.88,2388.12,9059.15,1.3,47.52,521.58,2388.06,8140.78,8.4195,0.03,396,2388,100.0,39.05,23.3562
36,33,-0.0011,-0.0003,100.0,518.67,642.62,1589.7,1405.17,14.62,21.61,553.47,2388.09,9057.95,1.3,47.51,521.45,2388.1,8140.88,8.4503,0.03,391,2388,100.0,38.91,23.2315
36,34,0.0022,-0.0003,100.0,518.67,642.88,1587.0,1400.81,14.62,21.61,553.49,2388.09,9062.15,1.3,47.52,521.19,2388.14,8140.79,8.4628,0.03,392,2388,100.0,38.78,23.2955
36,35,0.0013,0.0003,100.0,518.67,642.64,1591.13,1406.26,14.62,21.61,553.8,2388.11,9062.0,1.3,47.39,521.78,2388.08,8139.26,8.4349,0.03,391,2388,100.0,38.85,23.2508
36,36,0.0012,-0.0001,100.0,518.67,642.53,1591.74,1411.68,14.62,21.61,553.92,2388.14,9061.36,1.3,47.59,521.67,2388.05,8142.52,8.4491,0.03,393,2388,100.0,38.92,23.2554
36,37,0.0039,0.0,100.0,518.67,642.48,1592.05,1407.75,14.62,21.61,552.74,2388.12,9062.34,1.3,47.63,520.79,2388.11,8135.5,8.401,0.03,393,2388,100.0,38.93,23.2517
36,38,0.0026,0.0001,100.0,518.67,642.53,1590.3,1399.8,14.62,21.61,553.05,2388.09,9064.47,1.3,47.47,521.71,2388.08,8136.93,8.4296,0.03,392,2388,100.0,38.83,23.3589
36,39,-0.0014,-0.0004,100.0,518.67,642.26,1586.52,1404.38,14.62,21.61,552.79,2388.09,9060.75,1.3,47.59,521.39,2388.14,8135.54,8.4564,0.03,394,2388,100.0,38.87,23.2808
36,40,-0.0006,-0.0004,100.0,518.67,642.96,1594.81,1409.63,14.62,21.61,553.1,2388.13,9055.48,1.3,47.7,521.1,2388.11,8136.34,8.447,0.03,394,2388,100.0,38.77,23.3466
36,41,-0.0021,0.0001,100.0,518.67,643.2,1595.67,1413.74,14.62,21.61,554.07,2388.09,9065.85,1.3,47.54,521.7,2388.1,8138.15,8.4407,0.03,394,2388,100.0,38.9,23.2691
36,42,0.0,0.0001,100.0,518.67,642.46,1588.56,1406.93,14.62,21.61,553.02,2388.07,9067.87,1.3,47.58,521.47,2388.11,8137.31,8.4597,0.03,393,2388,100.0,38.96,23.2617
36,43,0.0009,0.0004,100.0,518.67,643.0,1588.38,1406.64,14.62,21.61,553.33,2388.09,9055.01,1.3,47.52,521.41,2388.08,8139.11,8.4503,0.03,393,2388,100.0,39.09,23.2629
36,44,-0.0009,0.0004,100.0,518.67,642.91,1590.25,1405.54,14.62,21.61,553.73,2388.08,9052.66,1.3,47.65,521.46,2388.11,8139.06,8.4443,0.03,394,2388,100.0,38.93,23.2949
36,45,0.0012,-0.0001,100.0,518.67,643.02,1589.4,1418.38,14.62,21.61,553.32,2388.13,9060.73,1.3,47.41,520.84,2388.09,8135.46,8.428,0.03,394,2388,100.0,38.88,23.2406
36,46,0.001,0.0,100.0,518.67,642.34,1590.75,1408.81,14.62,21.61,553.03,2388.13,9058.42,1.3,47.57,521.65,2388.05,8138.17,8.4085,0.03,392,2388,100.0,39.08,23.3221
36,47,0.0012,-0.0003,100.0,518.67,642.91,1590.8,1401.25,14.62,21.61,553.74,2388.09,9067.79,1.3,47.44,521.55,2388.06,8136.17,8.4242,0.03,394,2388,100.0,38.83,23.2782
36,48,0.0004,0.0001,100.0,518.67,642.48,1594.08,1407.22,14.62,21.61,553.63,2388.1,9052.56,1.3,47.53,521.63,2388.05,8135.91,8.4258,0.03,394,2388,100.0,38.88,23.3521
36,49,-0.0018,0.0,100.0,518.67,642.15,1589.41,1405.5,14.62,21.61,553.6,2388.08,9063.37,1.3,47.41,521.8,2388.09,8136.9,8.4304,0.03,394,2388,100.0,38.88,23.2562
36,50,-0.0017,-0.0004,100.0,518.67,642.45,1593.98,1412.77,14.62,21.61,553.28,2388.08,9060.56,1.3,47.57,521.28,2388.09,8140.97,8.4168,0.03,395,2388,100.0,38.78,23.2822
36,51,-0.0007,-0.0002,100.0,518.67,642.48,1581.84,1407.96,14.62,21.61,553.1,2388.07,9063.83,1.3,47.6,521.55,2388.07,8134.05,8.416,0.03,394,2388,100.0,38.89,23.2802
36,52,0.0018,-0.0004,100.0,518.67,642.66,1589.59,1411.4,14.62,21.61,553.11,2388.13,9062.53,1.3,47.44,521.69,2388.1,8141.82,8.4264,0.03,393,2388,100.0,38.77,23.4385
36,53,-0.0024,-0.0004,100.0,518.67,642.2,1587.0,1408.94,14.62,21.61,552.84,2388.08,9063.54,1.3,47.47,521.34,2388.1,8138.72,8.4004,0.03,393,2388,100.0,38.84,23.2646
36,54,-0.0018,-0.0002,100.0,518.67,642.77,1585.93,1400.2,14.62,21.61,552.87,2388.12,9060.93,1.3,47.49,521.74,2388.08,8137.69,8.4309,0.03,393,2388,100.0,38.93,23.3491
36,55,0.001,-0.0004,100.0,518.67,642.89,1589.28,1407.39,14.62,21.61,553.87,2388.11,9061.96,1.3,47.6,520.85,2388.09,8135.81,8.4096,0.03,391,2388,100.0,38.82,23.2144
36,56,-0.0023,-0.0004,100.0,518.67,642.87,1587.26,1408.95,14.62,21.61,553.31,2388.11,9056.47,1.3,47.53,521.27,2388.09,8141.42,8.4416,0.03,394,2388,100.0,38.76,23.2303
36,57,-0.0002,0.0004,100.0,518.67,642.2,1585.3,1407.17,14.62,21.61,553.37,2388.12,9068.39,1.3,47.57,521.36,2388.09,8142.87,8.4066,0.03,395,2388,100.0,38.88,23.2827
36,58,-0.0028,-0.0003,100.0,518.67,642.63,1589.94,1416.19,14.62,21.61,553.84,2388.11,9060.14,1.3,47.59,521.17,2388.12,8140.46,8.4155,0.03,393,2388,100.0,38.93,23.2315
36,59,0.0029,-0.0,100.0,518.67,642.66,1594.68,1407.59,14.62,21.61,553.67,2388.09,9063.8,1.3,47.6,521.57,2388.15,8134.57,8.4176,0.03,394,2388,100.0,38.76,23.2457
36,60,-0.0023,0.0,100.0,518.67,642.55,1586.73,1405.5,14.62,21.61,553.37,2388.09,9062.6,1.3,47.62,521.09,2388.1,8142.27,8.4487,0.03,391,2388,100.0,38.75,23.2926
36,61,0.001,0.0001,100.0,518.67,642.75,1594.44,1409.85,14.62,21.61,553.4,2388.09,9058.57,1.3,47.59,520.97,2388.12,8148.85,8.4382,0.03,394,2388,100.0,38.88,23.2425
36,62,0.0022,-0.0003,100.0,518.67,642.78,1591.47,1413.51,14.62,21.61,553.32,2388.11,9055.44,1.3,47.56,521.76,2388.13,8136.14,8.4607,0.03,394,2388,100.0,38.85,23.2229
36,63,0.0012,0.0004,100.0,518.67,643.14,1590.58,1402.33,14.62,21.61,553.27,2388.07,9056.51,1.3,47.67,521.64,2388.08,8132.45,8.4546,0.03,393,2388,100.0,39.03,23.2444
36,64,-0.0044,0.0002,100.0,518.67,642.41,1592.92,1407.3,14.62,21.61,552.89,2388.15,9060.17,1.3,47.51,521.47,2388.11,8136.77,8.4169,0.03,392,2388,100.0,38.76,23.2874
36,65,-0.0024,0.0002,100.0,518.67,642.16,1587.32,1402.45,14.62,21.61,553.07,2388.12,9068.81,1.3,47.58,521.58,2388.08,8142.2,8.4273,0.03,394,2388,100.0,38.96,23.2919
36,66,-0.0018,0.0002,100.0,518.67,643.12,1586.41,1411.15,14.62,21.61,553.38,2388.14,9062.46,1.3,47.58,521.65,2388.02,8142.89,8.4448,0.03,393,2388,100.0,38.95,23.3027
36,67,0.0008,-0.0003,100.0,518.67,642.85,1598.78,1413.08,14.62,21.61,552.64,2388.14,9057.65,1.3,47.51,521.96,2388.15,8133.59,8.4612,0.03,394,2388,100.0,38.7,23.323
36,68,0.0045,0.0003,100.0,518.67,642.84,1591.35,1406.2,14.62,21.61,553.45,2388.09,9058.23,1.3,47.46,521.44,2388.12,8137.11,8.404,0.03,393,2388,100.0,38.95,23.3544
36,69,0.0003,-0.0005,100.0,518.67,642.86,1596.55,1409.31,14.62,21.61,553.16,2388.08,9057.37,1.3,47.55,521.2,2388.08,8136.1,8.4255,0.03,394,2388,100.0,38.96,23.3517
36,70,0.0016,-0.0002,100.0,518.67,642.8,1593.09,1422.02,14.62,21.61,553.59,2388.12,9060.2,1.3,47.58,521.81,2388.13,8139.75,8.4313,0.03,393,2388,100.0,38.81,23.1919
36,71,0.0038,0.0003,100.0,518.67,642.35,1590.79,1401.8,14.62,21.61,553.48,2388.07,9063.9,1.3,47.38,521.53,2388.14,8139.36,8.4268,0.03,394,2388,100.0,38.79,23.2331
36,72,-0.0012,-0.0005,100.0,518.67,642.41,1597.55,1404.34,14.62,21.61,552.66,2388.06,9060.7,1.3,47.85,520.51,2388.1,8134.7,8.4617,0.03,395,2388,100.0,38.48,23.4198
36,73,0.0023,0.0002,100.0,518.67,643.17,1589.62,1402.4,14.62,21.61,552.97,2388.09,9055.04,1.3,47.48,521.31,2388.11,8134.47,8.4445,0.03,392,2388,100.0,38.73,23.3142
36,74,0.0011,-0.0001,100.0,518.67,642.4,1587.46,1406.27,14.62,21.61,553.3,2388.14,9059.75,1.3,47.59,521.34,2388.11,8138.64,8.4523,0.03,392,2388,100.0,38.91,23.2436
36,75,-0.0015,-0.0004,100.0,518.67,642.65,1596.43,1401.12,14.62,21.61,554.54,2388.13,9060.55,1.3,47.52,521.33,2388.09,8142.32,8.4397,0.03,394,2388,100.0,38.95,23.2929
36,76,-0.001,0.0003,100.0,518.67,642.23,1588.46,1411.65,14.62,21.61,553.56,2388.13,9060.01,1.3,47.62,521.39,2388.14,8137.62,8.4415,0.03,393,2388,100.0,38.61,23.3696
36,77,-0.0024,-0.0002,100.0,518.67,642.87,1587.56,1414.77,14.62,21.61,553.44,2388.14,9051.78,1.3,47.52,521.2,2388.12,8141.21,8.494,0.03,394,2388,100.0,38.89,23.2068
36,78,-0.0048,-0.0005,100.0,518.67,643.02,1592.07,1414.56,14.62,21.61,553.09,2388.09,9063.73,1.3,47.66,521.21,2388.15,8142.29,8.4778,0.03,394,2388,100.0,38.75,23.3997
36,79,-0.0039,-0.0005,100.0,518.67,642.5,1586.28,1410.05,14.62,21.61,552.97,2388.13,9052.61,1.3,47.55,521.22,2388.11,8141.49,8.4302,0.03,393,2388,100.0,38.67,23.4101
36,80,-0.004,0.0002,100.0,518.67,642.85,1592.38,1413.0,14.62,21.61,553.64,2388.11,9062.59,1.3,47.5,520.45,2388.13,8139.8,8.4617,0.03,394,2388,100.0,38.69,23.2749
36,81,0.0,-0.0004,100.0,518.67,642.86,1583.48,1410.48,14.62,21.61,552.76,2388.12,9060.55,1.3,47.83,521.01,2388.09,8136.25,8.4246,0.03,393,2388,100.0,38.83,23.2744
36,82,-0.0,0.0,100.0,518.67,642.32,1592.11,1415.33,14.62,21.61,552.38,2388.15,9062.9,1.3,47.65,521.54,2388.11,8141.27,8.4499,0.03,392,2388,100.0,38.85,23.3256
36,83,0.0035,-0.0002,100.0,518.67,643.46,1589.91,1417.57,14.62,21.61,553.33,2388.13,9059.18,1.3,47.74,521.82,2388.16,8141.65,8.4148,0.03,394,2388,100.0,38.66,23.2498
36,84,-0.0022,-0.0003,100.0,518.67,642.38,1589.01,1407.39,14.62,21.61,553.13,2388.12,9062.22,1.3,47.65,521.3,2388.11,8133.35,8.465,0.03,394,2388,100.0,38.83,23.4258
36,85,0.0006,0.0002,100.0,518.67,642.99,1592.08,1417.04,14.62,21.61,553.44,2388.12,9062.46,1.3,47.53,521.5,2388.15,8140.35,8.4719,0.03,393,2388,100.0,38.7,23.2765
36,86,0.0023,-0.0005,100.0,518.67,642.3,1595.45,1412.35,14.62,21.61,553.44,2388.16,9060.95,1.3,47.68,521.47,2388.14,8133.65,8.4738,0.03,393,2388,100.0,38.67,23.3321
36,87,0.0002,0.0002,100.0,518.67,643.1,1596.51,1413.52,14.62,21.61,553.37,2388.11,9055.74,1.3,47.53,521.2,2388.11,8136.5,8.4745,0.03,394,2388,100.0,38.83,23.3708
36,88,-0.0026,-0.0002,100.0,518.67,643.06,1591.54,1416.07,14.62,21.61,553.36,2388.13,9062.76,1.3,47.46,521.32,2388.1,8138.63,8.4641,0.03,392,2388,100.0,38.59,23.2018
36,89,0.0004,-0.0004,100.0,518.67,643.48,1590.49,1411.85,14.62,21.61,553.68,2388.15,9064.25,1.3,47.61,521.22,2388.08,8143.52,8.4679,0.03,394,2388,100.0,38.84,23.2753
36,90,0.0024,0.0001,100.0,518.67,642.67,1590.04,1413.8,14.62,21.61,553.51,2388.16,9067.04,1.3,47.51,521.2,2388.1,8138.02,8.4244,0.03,392,2388,100.0,38.68,23.326
36,91,0.0017,-0.0,100.0,518.67,642.65,1584.48,1409.99,14.62,21.61,553.13,2388.14,9069.39,1.3,47.59,521.57,2388.19,8137.27,8.4488,0.03,393,2388,100.0,38.78,23.254
36,92,0.002,-0.0003,100.0,518.67,643.01,1587.86,1414.97,14.62,21.61,552.83,2388.14,9067.67,1.3,47.65,521.45,2388.14,8133.44,8.4485,0.03,393,2388,100.0,38.75,23.3706
36,93,-0.0001,0.0,100.0,518.67,642.5,1586.8,1406.9,14.62,21.61,553.54,2388.16,9056.47,1.3,47.48,520.94,2388.15,8140.24,8.4485,0.03,394,2388,100.0,38.91,23.216
36,94,-0.006,-0.0001,100.0,518.67,642.33,1599.11,1418.44,14.62,21.61,553.17,2388.16,9059.4,1.3,47.75,520.94,2388.11,8141.62,8.4516,0.03,393,2388,100.0,38.77,23.2851
36,95,-0.0018,-0.0001,100.0,518.67,643.11,1594.29,1414.71,14.62,21.61,553.81,2388.1,9059.0,1.3,47.75,521.22,2388.14,8132.24,8.4494,0.03,395,2388,100.0,38.68,23.2631
36,96,0.0014,0.0002,100.0,518.67,642.44,1593.83,1415.09,14.62,21.61,553.0,2388.14,9057.61,1.3,47.64,520.96,2388.08,8139.35,8.4742,0.03,394,2388,100.0,38.62,23.2174
36,97,-0.0047,0.0003,100.0,518.67,643.21,1591.07,1413.72,14.62,21.61,553.22,2388.16,9054.53,1.3,47.75,521.42,2388.13,8134.51,8.4631,0.03,394,2388,100.0,38.99,23.2968
36,98,-0.0011,-0.0,100.0,518.67,642.35,1597.29,1416.01,14.62,21.61,552.73,2388.14,9056.22,1.3,47.75,520.49,2388.16,8145.6,8.3951,0.03,394,2388,100.0,38.73,23.2734
36,99,-0.0013,-0.0,100.0,518.67,642.87,1586.28,1414.94,14.62,21.61,552.44,2388.13,9060.01,1.3,47.63,521.03,2388.12,8135.45,8.472,0.03,394,2388,100.0,39.03,23.2613
36,100,0.0008,0.0002,100.0,518.67,643.05,1586.24,1413.31,14.62,21.61,552.83,2388.12,9060.37,1.3,47.81,521.4,2388.12,8138.27,8.4424,0.03,392,2388,100.0,38.82,23.1501
36,101,0.0023,0.0004,100.0,518.67,642.84,1593.29,1412.57,14.62,21.61,552.86,2388.11,9059.33,1.3,47.61,520.5,2388.14,8139.4,8.4399,0.03,393,2388,100.0,38.84,23.2692
36,102,0.0004,-0.0001,100.0,518.67,642.95,1595.14,1417.98,14.62,21.61,551.75,2388.15,9059.28,1.3,47.81,520.81,2388.13,8138.9,8.469,0.03,393,2388,100.0,38.8,23.225
36,103,0.0019,-0.0,100.0,518.67,642.78,1588.82,1410.5,14.62,21.61,552.68,2388.15,9059.14,1.3,47.62,520.36,2388.1,8134.38,8.4771,0.03,393,2388,100.0,38.8,23.2019
36,104,0.001,0.0001,100.0,518.67,642.97,1597.35,1414.24,14.62,21.61,551.95,2388.12,9052.25,1.3,47.57,520.67,2388.15,8133.43,8.4574,0.03,393,2388,100.0,38.67,23.2319
36,105,-0.0006,-0.0002,100.0,518.67,642.46,1594.44,1407.07,14.62,21.61,552.96,2388.11,9056.22,1.3,47.69,520.59,2388.17,8140.31,8.4393,0.03,394,2388,100.0,38.65,23.2119
36,106,0.0057,0.0004,100.0,518.67,643.45,1593.43,1418.75,14.62,21.61,552.85,2388.13,9057.34,1.3,47.73,520.82,2388.14,8137.75,8.457,0.03,394,2388,100.0,38.73,23.2858
36,107,-0.0029,-0.0002,100.0,518.67,642.22,1589.73,1413.35,14.62,21.61,552.75,2388.15,9057.82,1.3,47.73,521.27,2388.16,8132.23,8.4534,0.03,393,2388,100.0,38.77,23.3112
36,108,-0.0022,-0.0002,100.0,518.67,642.98,1586.8,1417.61,14.62,21.61,553.44,2388.17,9062.06,1.3,47.62,521.44,2388.13,8138.89,8.4436,0.03,395,2388,100.0,38.86,23.2827
36,109,0.0002,-0.0005,100.0,518.67,643.19,1596.4,1411.76,14.62,21.61,552.78,2388.17,9057.13,1.3,47.9,521.36,2388.18,8137.63,8.4543,0.03,393,2388,100.0,38.75,23.3756
36,110,0.0034,-0.0003,100.0,518.67,642.75,1588.48,1415.28,14.62,21.61,552.28,2388.15,9054.26,1.3,47.77,520.6,2388.15,8133.2,8.4699,0.03,394,2388,100.0,38.68,23.2186
36,111,0.0032,-0.0004,100.0,518.67,643.0,1598.22,1412.02,14.62,21.61,552.7,2388.15,9059.91,1.3,47.67,520.85,2388.16,8138.53,8.4953,0.03,394,2388,100.0,38.68,23.2154
36,112,0.0007,0.0001,100.0,518.67,643.34,1597.71,1409.99,14.62,21.61,552.69,2388.13,9060.82,1.3,47.75,520.27,2388.22,8140.15,8.4979,0.03,396,2388,100.0,38.52,23.2082
36,113,-0.0028,-0.0002,100.0,518.67,643.57,1588.86,1414.55,14.62,21.61,552.88,2388.16,9059.82,1.3,47.67,520.64,2388.14,8137.08,8.4926,0.03,395,2388,100.0,38.85,23.1288
36,114,-0.0003,-0.0003,100.0,518.67,642.97,1594.14,1412.17,14.62,21.61,552.03,2388.16,9056.66,1.3,47.68,520.57,2388.14,8138.32,8.4702,0.03,394,2388,100.0,38.66,23.1766
36,115,-0.0037,-0.0001,100.0,518.67,642.81,1597.1,1413.11,14.62,21.61,552.4,2388.14,9060.62,1.3,47.73,521.17,2388.21,8135.2,8.4114,0.03,394,2388,100.0,38.77,23.1929
36,116,0.0007,-0.0001,100.0,518.67,643.19,1589.11,1417.19,14.62,21.61,552.68,2388.17,9065.23,1.3,47.87,520.71,2388.17,8136.21,8.4828,0.03,394,2388,100.0,38.69,23.1816
36,117,-0.0013,-0.0,100.0,518.67,642.83,1594.3,1419.24,14.62,21.61,552.18,2388.12,9054.25,1.3,47.82,521.04,2388.15,8145.59,8.447,0.03,393,2388,100.0,38.69,23.1954
36,118,-0.0011,-0.0003,100.0,518.67,643.0,1592.91,1410.89,14.62,21.61,552.96,2388.18,9061.85,1.3,47.63,521.26,2388.16,8137.3,8.5095,0.03,394,2388,100.0,38.66,23.1098
36,119,-0.0001,-0.0004,100.0,518.67,642.98,1592.93,1415.11,14.62,21.61,552.4,2388.15,9058.04,1.3,47.84,521.35,2388.12,8134.31,8.4685,0.03,394,2388,100.0,38.77,23.2097
36,120,0.0017,0.0001,100.0,518.67,643.13,1587.68,1414.21,14.62,21.61,552.9,2388.17,9060.33,1.3,47.75,520.34,2388.12,8135.82,8.4998,0.03,393,2388,100.0,38.77,23.3012
36,121,0.0021,-0.0004,100.0,518.67,643.94,1587.42,1418.39,14.62,21.61,552.38,2388.15,9062.0,1.3,47.67,520.57,2388.22,8134.51,8.4687,0.03,395,2388,100.0,38.86,23.1504
36,122,0.0005,-0.0,100.0,518.67,643.04,1593.8,1421.21,14.62,21.61,552.89,2388.18,9061.67,1.3,47.68,520.27,2388.19,8141.59,8.4458,0.03,396,2388,100.0,38.71,23.1548
36,123,0.0006,-0.0005,100.0,518.67,642.74,1604.75,1421.09,14.62,21.61,552.09,2388.21,9065.85,1.3,47.87,520.65,2388.15,8133.94,8.4578,0.03,396,2388,100.0,38.63,23.1117
36,124,0.0002,0.0004,100.0,518.67,642.76,1595.89,1412.12,14.62,21.61,552.83,2388.17,9054.35,1.3,47.99,520.69,2388.15,8136.13,8.4964,0.03,393,2388,100.0,38.66,23.2345
36,125,-0.0027,0.0002,100.0,518.67,643.07,1602.03,1420.91,14.62,21.61,552.4,2388.15,9058.61,1.3,47.76,520.21,2388.15,8133.98,8.5122,0.03,394,2388,100.0,38.47,23.2242
36,126,0.0003,0.0003,100.0,518.67,643.05,1595.42,1416.7,14.62,21.61,552.83,2388.18,9054.96,1.3,47.91,520.36,2388.17,8134.32,8.4762,0.03,394,2388,100.0,38.68,23.1765
36,127,0.0051,0.0001,100.0,518.67,642.88,1592.84,1419.59,14.62,21.61,552.26,2388.15,9057.49,1.3,47.98,520.63,2388.21,8130.53,8.4854,0.03,395,2388,100.0,38.65,23.2799
36,128,-0.0029,0.0002,100.0,518.67,642.95,1589.15,1422.23,14.62,21.61,552.62,2388.14,9063.3,1.3,47.73,520.25,2388.2,8142.49,8.4931,0.03,394,2388,100.0,38.61,23.1168
36,129,-0.0002,0.0002,100.0,518.67,643.16,1591.2,1412.58,14.62,21.61,552.0,2388.22,9064.46,1.3,47.98,519.96,2388.18,8136.91,8.4881,0.03,395,2388,100.0,38.66,23.1879
36,130,0.0051,-0.0,100.0,518.67,643.31,1596.54,1414.89,14.62,21.61,551.77,2388.19,9064.11,1.3,47.82,520.62,2388.18,8135.43,8.4552,0.03,396,2388,100.0,38.72,23.2613
36,131,0.0034,-0.0003,100.0,518.67,642.63,1601.03,1418.97,14.62,21.61,552.68,2388.18,9060.91,1.3,48.05,520.61,2388.24,8135.53,8.463,0.03,395,2388,100.0,38.55,23.2111
36,132,-0.0006,0.0001,100.0,518.67,642.95,1598.82,1418.22,14.62,21.61,551.72,2388.17,9061.46,1.3,47.79,520.38,2388.17,8136.38,8.4766,0.03,395,2388,100.0,38.46,23.1681
36,133,-0.0017,-0.0001,100.0,518.67,643.31,1591.5,1424.15,14.62,21.61,552.14,2388.18,9054.41,1.3,47.86,520.57,2388.2,8129.47,8.4893,0.03,396,2388,100.0,38.58,23.1332
36,134,0.0016,0.0,100.0,518.67,643.49,1604.32,1425.36,14.62,21.61,552.22,2388.18,9062.01,1.3,47.98,520.28,2388.19,8134.44,8.4851,0.03,397,2388,100.0,38.71,23.0618
36,135,0.0021,-0.0002,100.0,518.67,643.85,1596.06,1426.22,14.62,21.61,551.25,2388.21,9059.25,1.3,47.92,520.95,2388.23,8132.62,8.4809,0.03,397,2388,100.0,38.72,23.2235
36,136,-0.0048,0.0,100.0,518.67,643.22,1598.44,1422.05,14.62,21.61,552.19,2388.17,9059.43,1.3,47.87,519.85,2388.23,8130.75,8.4747,0.03,396,2388,100.0,38.7,23.2004
36,137,-0.0006,-0.0004,100.0,518.67,643.72,1592.11,1421.59,14.62,21.61,552.57,2388.21,9055.68,1.3,47.88,520.27,2388.2,8135.24,8.474,0.03,394,2388,100.0,38.55,23.1452
36,138,-0.0006,0.0,100.0,518.67,643.73,1597.96,1422.34,14.62,21.61,551.91,2388.2,9058.02,1.3,47.89,520.25,2388.24,8134.65,8.518,0.03,395,2388,100.0,38.34,23.1913
36,139,-0.0022,0.0003,100.0,518.67,643.44,1589.79,1416.46,14.62,21.61,552.79,2388.19,9054.07,1.3,47.89,520.15,2388.23,8134.34,8.4641,0.03,396,2388,100.0,38.58,23.175
36,140,0.0083,-0.0001,100.0,518.67,644.01,1594.5,1428.7,14.62,21.61,552.32,2388.22,9059.55,1.3,48.17,520.15,2388.24,8134.89,8.4883,0.03,394,2388,100.0,38.63,23.1156
36,141,-0.0033,-0.0005,100.0,518.67,643.24,1599.93,1420.72,14.62,21.61,552.35,2388.17,9060.54,1.3,47.81,519.91,2388.19,8135.27,8.47,0.03,395,2388,100.0,38.62,23.1442
36,142,0.0021,0.0001,100.0,518.67,643.29,1596.3,1418.29,14.62,21.61,551.69,2388.2,9054.25,1.3,47.92,520.48,2388.21,8130.89,8.5087,0.03,395,2388,100.0,38.65,23.2174
36,143,0.001,-0.0004,100.0,518.67,643.54,1595.15,1421.14,14.62,21.61,552.39,2388.22,9065.54,1.3,48.09,520.18,2388.26,8132.61,8.4947,0.03,394,2388,100.0,38.55,23.1692
36,144,0.0023,0.0002,100.0,518.67,643.38,1595.16,1425.25,14.62,21.61,551.02,2388.18,9056.99,1.3,47.98,520.31,2388.26,8137.9,8.5087,0.03,395,2388,100.0,38.48,23.1261
36,145,0.0016,0.0003,100.0,518.67,643.77,1597.25,1428.83,14.62,21.61,551.69,2388.23,9052.61,1.3,47.88,519.84,2388.23,8135.64,8.5063,0.03,395,2388,100.0,38.73,23.1583
36,146,0.0018,0.0,100.0,518.67,643.75,1594.2,1419.61,14.62,21.61,551.29,2388.22,9061.91,1.3,48.09,519.89,2388.22,8129.8,8.5318,0.03,395,2388,100.0,38.59,23.1861
36,147,-0.0012,-0.0002,100.0,518.67,643.64,1597.08,1425.03,14.62,21.61,551.64,2388.25,9054.02,1.3,48.11,519.83,2388.23,8133.97,8.5027,0.03,397,2388,100.0,38.45,23.0551
36,148,0.0001,-0.0,100.0,518.67,643.25,1600.93,1425.35,14.62,21.61,551.42,2388.27,9055.93,1.3,48.07,520.62,2388.21,8128.04,8.4897,0.03,395,2388,100.0,38.66,23.0497
36,149,0.001,0.0002,100.0,518.67,643.45,1592.85,1431.97,14.62,21.61,551.73,2388.29,9052.39,1.3,48.02,519.69,2388.26,8134.23,8.4919,0.03,396,2388,100.0,38.69,23.0948
36,150,0.0041,-0.0005,100.0,518.67,643.53,1595.55,1428.45,14.62,21.61,552.21,2388.23,9061.65,1.3,48.02,520.25,2388.27,8129.37,8.5117,0.03,396,2388,100.0,38.55,23.1343
36,151,-0.0008,0.0004,100.0,518.67,643.81,1597.38,1427.92,14.62,21.61,551.7,2388.23,9060.53,1.3,48.05,519.61,2388.29,8130.59,8.4733,0.03,397,2388,100.0,38.59,23.089
36,152,-0.0004,-0.0003,100.0,518.67,643.59,1595.1,1431.26,14.62,21.61,552.03,2388.22,9050.49,1.3,48.17,519.38,2388.27,8124.16,8.5234,0.03,395,2388,100.0,38.46,23.1204
36,153,-0.0023,-0.0003,100.0,518.67,643.63,1598.71,1424.73,14.62,21.61,551.74,2388.2,9057.12,1.3,48.18,519.98,2388.25,8129.94,8.5288,0.03,395,2388,100.0,38.55,23.1005
36,154,0.0001,0.0004,100.0,518.67,643.83,1597.45,1420.45,14.62,21.61,551.67,2388.25,9048.87,1.3,48.06,519.6,2388.29,8127.78,8.5334,0.03,397,2388,100.0,38.41,23.1648
36,155,0.0026,-0.0002,100.0,518.67,643.98,1598.5,1430.87,14.62,21.61,552.0,2388.25,9061.08,1.3,47.92,519.45,2388.26,8125.48,8.5326,0.03,397,2388,100.0,38.42,22.9776
36,156,-0.0026,-0.0001,100.0,518.67,643.87,1598.34,1432.17,14.62,21.61,551.98,2388.34,9054.17,1.3,48.0,519.62,2388.31,8130.62,8.5165,0.03,396,2388,100.0,38.64,23.1127
36,157,0.0015,-0.0002,100.0,518.67,643.68,1593.61,1428.71,14.62,21.61,551.5,2388.25,9062.51,1.3,48.3,519.78,2388.22,8127.07,8.4977,0.03,396,2388,100.0,38.42,22.9966
36,158,-0.0005,-0.0001,100.0,518.67,643.31,1606.6,1432.33,14.62,21.61,551.7,2388.28,9051.21,1.3,48.26,519.4,2388.31,8124.67,8.5327,0.03,396,2388,100.0,38.39,22.9915
39,1,-0.0004,-0.0002,100.0,518.67,642.72,1592.37,1410.0,14.62,21.61,552.82,2388.12,9043.49,1.3,47.64,521.78,2388.1,8133.27,8.4451,0.03,392,2388,100.0,38.9,23.2947
39,2,-0.0062,0.0002,100.0,518.67,642.61,1586.25,1407.99,14.62,21.61,553.25,2388.1,9049.07,1.3,47.6,521.56,2388.1,8126.0,8.4279,0.03,395,2388,100.0,38.82,23.4604
39,3,0.0007,-0.0,100.0,518.67,642.26,1586.25,1407.48,14.62,21.61,552.9,2388.13,9040.05,1.3,47.56,522.15,2388.07,8123.32,8.4143,0.03,394,2388,100.0,38.73,23.2669
39,4,-0.0039,0.0005,100.0,518.67,642.46,1587.9,1405.23,14.62,21.61,553.55,2388.12,9053.54,1.3,47.4,521.83,2388.13,8123.19,8.4599,0.03,394,2388,100.0,38.82,23.3789
39,5,0.0039,0.0002,100.0,518.67,642.31,1587.08,1408.78,14.62,21.61,553.4,2388.1,9044.92,1.3,47.5,521.76,2388.07,8125.88,8.4607,0.03,394,2388,100.0,38.73,23.3338
39,6,0.0001,-0.0003,100.0,518.67,642.6,1592.86,1405.05,14.62,21.61,552.84,2388.11,9039.07,1.3,47.64,521.37,2388.16,8124.36,8.4492,0.03,392,2388,100.0,38.98,23.3029
39,7,-0.0,0.0001,100.0,518.67,642.65,1596.39,1406.06,14.62,21.61,553.55,2388.09,9044.9,1.3,47.58,521.68,2388.12,8131.4,8.4691,0.03,394,2388,100.0,38.91,23.2378
39,8,-0.0001,0.0005,100.0,518.67,643.4,1592.81,1403.31,14.62,21.61,552.95,2388.11,9043.71,1.3,47.35,521.55,2388.12,8128.05,8.4023,0.03,393,2388,100.0,38.8,23.3534
39,9,0.003,0.0001,100.0,518.67,642.13,1592.98,1406.26,14.62,21.61,553.43,2388.13,9051.36,1.3,47.69,521.81,2388.1,8124.23,8.4383,0.03,392,2388,100.0,38.84,23.2386
39,10,0.0,0.0001,100.0,518.67,642.43,1590.41,1402.45,14.62,21.61,552.58,2388.07,9038.89,1.3,47.49,521.23,2388.1,8123.05,8.4152,0.03,392,2388,100.0,38.97,23.2466
39,11,-0.0027,-0.0003,100.0,518.67,642.76,1588.85,1409.87,14.62,21.61,553.31,2388.12,9043.65,1.3,47.42,521.2,2388.11,8126.79,8.4319,0.03,392,2388,100.0,38.87,23.3439
39,12,0.0029,0.0004,100.0,518.67,642.53,1585.95,1415.5,14.62,21.61,553.46,2388.15,9051.08,1.3,47.47,521.54,2388.12,8130.6,8.451,0.03,394,2388,100.0,38.73,23.29
39,13,0.0026,0.0004,100.0,518.67,642.98,1585.78,1402.06,14.62,21.61,553.77,2388.11,9046.51,1.3,47.41,521.49,2388.12,8129.55,8.479,0.03,395,2388,100.0,38.89,23.1604
39,14,-0.0073,-0.0003,100.0,518.67,643.09,1592.43,1413.83,14.62,21.61,553.38,2388.14,9049.83,1.3,47.47,521.62,2388.08,8125.62,8.4756,0.03,391,2388,100.0,38.88,23.432
39,15,-0.002,-0.0001,100.0,518.67,642.68,1595.97,1402.86,14.62,21.61,553.59,2388.14,9051.1,1.3,47.45,521.24,2388.09,8122.07,8.4487,0.03,393,2388,100.0,39.05,23.3769
39,16,0.0002,0.0001,100.0,518.67,643.0,1591.13,1407.21,14.62,21.61,553.49,2388.14,9042.79,1.3,47.59,521.75,2388.12,8128.67,8.4166,0.03,392,2388,100.0,38.82,23.4289
39,17,-0.0014,-0.0003,100.0,518.67,642.46,1584.58,1412.54,14.62,21.61,553.3,2388.09,9054.07,1.3,47.58,521.23,2388.1,8122.1,8.4542,0.03,392,2388,100.0,38.77,23.2967
39,18,-0.0018,0.0005,100.0,518.67,642.77,1586.47,1405.7,14.62,21.61,553.87,2388.1,9037.09,1.3,47.51,520.85,2388.12,8121.13,8.3977,0.03,391,2388,100.0,38.98,23.3503
39,19,0.0039,0.0,100.0,518.67,642.73,1592.2,1405.95,14.62,21.61,553.41,2388.2,9047.52,1.3,47.43,521.95,2388.07,8126.61,8.447,0.03,391,2388,100.0,38.89,23.3198
39,20,0.0022,0.0002,100.0,518.67,642.85,1590.91,1404.46,14.62,21.61,553.32,2388.11,9042.38,1.3,47.52,521.46,2388.14,8125.37,8.4275,0.03,393,2388,100.0,38.86,23.3369
39,21,0.0008,0.0004,100.0,518.67,642.79,1595.16,1410.79,14.62,21.61,553.41,2388.1,9050.09,1.3,47.57,521.59,2388.12,8128.82,8.4434,0.03,393,2388,100.0,39.0,23.31
39,22,0.0032,0.0003,100.0,518.67,642.13,1582.68,1413.57,14.62,21.61,553.24,2388.11,9041.18,1.3,47.6,521.34,2388.12,8128.84,8.4461,0.03,393,2388,100.0,39.05,23.2936
39,23,-0.0006,-0.0001,100.0,518.67,642.55,1589.03,1411.81,14.62,21.61,552.95,2388.09,9050.15,1.3,47.47,521.07,2388.14,8128.39,8.4301,0.03,392,2388,100.0,38.99,23.4627
39,24,0.0002,0.0001,100.0,518.67,642.03,1591.94,1403.83,14.62,21.61,553.21,2388.11,9051.44,1.3,47.47,521.41,2388.09,8129.0,8.4525,0.03,392,2388,100.0,38.89,23.264
39,25,0.0019,0.0001,100.0,518.67,642.73,1587.03,1412.02,14.62,21.61,553.42,2388.16,9045.81,1.3,47.36,521.28,2388.11,8133.03,8.4262,0.03,393,2388,100.0,38.82,23.3324
39,26,0.0007,-0.0003,100.0,518.67,641.85,1590.95,1415.05,14.62,21.61,553.37,2388.16,9042.54,1.3,47.38,520.94,2388.11,8121.84,8.4703,0.03,394,2388,100.0,38.8,23.2967
39,27,0.0008,-0.0,100.0,518.67,642.88,1595.83,1412.91,14.62,21.61,552.75,2388.13,9044.45,1.3,47.54,521.91,2388.18,8123.65,8.4644,0.03,394,2388,100.0,38.8,23.2626
39,28,-0.0001,-0.0004,100.0,518.67,642.54,1595.34,1408.73,14.62,21.61,553.5,2388.11,9042.99,1.3,47.42,521.58,2388.12,8127.75,8.3966,0.03,395,2388,100.0,38.85,23.1975
39,29,-0.0,0.0004,100.0,518.67,642.74,1586.9,1407.22,14.62,21.61,553.9,2388.14,9049.22,1.3,47.47,521.69,2388.11,8128.76,8.4475,0.03,392,2388,100.0,38.59,23.2849
39,30,-0.0006,0.0001,100.0,518.67,642.95,1592.19,1411.79,14.62,21.61,553.56,2388.08,9037.95,1.3,47.55,520.96,2388.17,8124.6,8.4164,0.03,394,2388,100.0,38.79,23.3179
39,31,0.0008,0.0003,100.0,518.67,642.53,1588.21,1405.8,14.62,21.61,553.31,2388.1,9044.96,1.3,47.56,520.95,2388.19,8121.37,8.4548,0.03,391,2388,100.0,38.89,23.2977
39,32,-0.0005,0.0004,100.0,518.67,642.92,1587.21,1398.77,14.62,21.61,553.6,2388.12,9054.29,1.3,47.51,521.26,2388.09,8131.83,8.4109,0.03,393,2388,100.0,38.73,23.1936
39,33,-0.0004,0.0,100.0,518.67,642.94,1585.95,1410.36,14.62,21.61,553.02,2388.15,9041.83,1.3,47.67,521.46,2388.14,8122.05,8.4105,0.03,393,2388,100.0,38.78,23.2472
39,34,-0.0016,0.0004,100.0,518.67,642.63,1592.9,1408.57,14.62,21.61,553.5,2388.1,9043.23,1.3,47.65,521.19,2388.14,8129.02,8.4651,0.03,392,2388,100.0,38.83,23.2467
39,35,0.0012,-0.0001,100.0,518.67,642.7,1594.01,1406.85,14.62,21.61,553.73,2388.16,9044.02,1.3,47.63,521.12,2388.12,8119.21,8.3988,0.03,393,2388,100.0,38.8,23.3009
39,36,-0.0009,0.0003,100.0,518.67,642.91,1583.59,1413.11,14.62,21.61,553.59,2388.1,9050.55,1.3,47.46,521.87,2388.08,8125.89,8.4201,0.03,394,2388,100.0,38.55,23.2627
39,37,0.0027,-0.0001,100.0,518.67,642.21,1590.96,1405.47,14.62,21.61,553.02,2388.08,9044.65,1.3,47.65,520.97,2388.17,8123.78,8.4264,0.03,393,2388,100.0,38.76,23.2761
39,38,-0.0004,0.0004,100.0,518.67,642.71,1591.42,1410.03,14.62,21.61,552.74,2388.13,9046.52,1.3,47.76,521.33,2388.15,8132.22,8.4474,0.03,392,2388,100.0,38.78,23.3095
39,39,0.001,0.0,100.0,518.67,642.72,1588.11,1404.33,14.62,21.61,553.22,2388.13,9047.31,1.3,47.41,521.24,2388.13,8129.65,8.4302,0.03,392,2388,100.0,38.73,23.2919
39,40,0.0026,0.0,100.0,518.67,642.83,1589.27,1407.81,14.62,21.61,552.63,2388.1,9041.85,1.3,47.75,521.4,2388.12,8126.82,8.4198,0.03,394,2388,100.0,38.77,23.3176
39,41,-0.001,0.0001,100.0,518.67,642.76,1592.32,1404.03,14.62,21.61,553.88,2388.15,9044.33,1.3,47.46,521.55,2388.16,8125.09,8.4205,0.03,394,2388,100.0,38.94,23.2372
39,42,-0.0004,0.0,100.0,518.67,642.47,1590.93,1414.16,14.62,21.61,553.14,2388.1,9040.58,1.3,47.58,521.28,2388.17,8122.91,8.4503,0.03,393,2388,100.0,38.84,23.238
39,43,0.0009,0.0005,100.0,518.67,643.11,1594.15,1413.13,14.62,21.61,552.94,2388.15,9050.67,1.3,47.44,521.23,2388.11,8128.86,8.4358,0.03,395,2388,100.0,38.85,23.3339
39,44,0.0008,-0.0004,100.0,518.67,643.34,1593.9,1414.35,14.62,21.61,553.29,2388.1,9037.2,1.3,47.54,521.14,2388.14,8127.92,8.4415,0.03,394,2388,100.0,38.76,23.3393
39,45,0.003,-0.0001,100.0,518.67,643.39,1588.25,1411.81,14.62,21.61,553.94,2388.08,9050.08,1.3,47.59,521.23,2388.17,8126.17,8.4584,0.03,393,2388,100.0,38.94,23.3357
39,46,-0.0029,-0.0004,100.0,518.67,642.56,1588.53,1411.79,14.62,21.61,553.04,2388.15,9046.93,1.3,47.47,521.4,2388.09,8123.21,8.4787,0.03,394,2388,100.0,38.62,23.3359
39,47,0.0014,0.0002,100.0,518.67,642.76,1584.28,1414.16,14.62,21.61,553.03,2388.14,9047.9,1.3,47.6,521.1,2388.14,8127.14,8.4361,0.03,394,2388,100.0,38.7,23.2567
39,48,0.0013,0.0005,100.0,518.67,643.25,1589.47,1408.86,14.62,21.61,553.81,2388.11,9043.29,1.3,47.49,521.2,2388.18,8123.37,8.4396,0.03,394,2388,100.0,38.75,23.1738
39,49,-0.0028,0.0005,100.0,518.67,642.66,1591.59,1408.56,14.62,21.61,552.85,2388.09,9046.05,1.3,47.38,521.55,2388.15,8127.1,8.4195,0.03,393,2388,100.0,38.73,23.2049
39,50,-0.0029,0.0002,100.0,518.67,643.36,1583.21,1415.61,14.62,21.61,553.38,2388.12,9043.58,1.3,47.61,521.27,2388.14,8127.44,8.4446,0.03,394,2388,100.0,38.92,23.3538
39,51,-0.0014,-0.0003,100.0,518.67,642.8,1597.39,1408.4,14.62,21.61,553.27,2388.1,9044.73,1.3,47.48,521.6,2388.11,8122.71,8.4462,0.03,395,2388,100.0,38.65,23.1438
39,52,-0.0013,-0.0003,100.0,518.67,642.02,1583.74,1406.88,14.62,21.61,553.35,2388.05,9042.89,1.3,47.46,521.13,2388.16,8131.41,8.4857,0.03,393,2388,100.0,38.87,23.2734
39,53,0.0026,-0.0004,100.0,518.67,642.38,1589.71,1402.11,14.62,21.61,553.09,2388.11,9046.64,1.3,47.5,521.58,2388.16,8124.33,8.4634,0.03,393,2388,100.0,38.79,23.3081
39,54,0.0004,-0.0004,100.0,518.67,642.63,1590.54,1412.68,14.62,21.61,552.97,2388.12,9044.24,1.3,47.63,520.86,2388.16,8124.15,8.4307,0.03,394,2388,100.0,39.0,23.3524
39,55,-0.0006,0.0003,100.0,518.67,642.77,1592.77,1407.2,14.62,21.61,553.97,2388.12,9047.56,1.3,47.57,521.04,2388.16,8127.46,8.4488,0.03,394,2388,100.0,38.73,23.2892
39,56,-0.0,0.0002,100.0,518.67,642.96,1588.39,1414.37,14.62,21.61,552.26,2388.16,9039.91,1.3,47.68,520.8,2388.19,8124.11,8.4358,0.03,394,2388,100.0,38.82,23.2573
39,57,-0.001,0.0005,100.0,518.67,642.71,1591.09,1409.3,14.62,21.61,552.92,2388.12,9043.9,1.3,47.67,521.58,2388.12,8123.31,8.4282,0.03,394,2388,100.0,38.73,23.2617
39,58,-0.0006,0.0005,100.0,518.67,642.84,1589.72,1406.84,14.62,21.61,552.84,2388.12,9044.64,1.3,47.64,521.76,2388.19,8127.25,8.4291,0.03,394,2388,100.0,38.69,23.3291
39,59,0.0005,0.0004,100.0,518.67,643.17,1593.03,1413.46,14.62,21.61,552.92,2388.1,9038.48,1.3,47.51,521.29,2388.08,8125.01,8.4413,0.03,393,2388,100.0,38.79,23.2923
39,60,-0.002,0.0002,100.0,518.67,642.96,1587.9,1410.06,14.62,21.61,553.43,2388.16,9047.66,1.3,47.64,521.52,2388.15,8130.65,8.4583,0.03,394,2388,100.0,38.93,23.2868
39,61,-0.0004,-0.0001,100.0,518.67,643.32,1602.39,1407.5,14.62,21.61,552.88,2388.08,9038.81,1.3,47.53,521.4,2388.19,8126.56,8.4675,0.03,393,2388,100.0,38.78,23.1802
39,62,0.0011,0.0002,100.0,518.67,642.85,1585.81,1407.29,14.62,21.61,553.33,2388.11,9039.36,1.3,47.7,521.39,2388.11,8126.03,8.4584,0.03,392,2388,100.0,38.79,23.2451
39,63,0.002,0.0001,100.0,518.67,642.96,1596.67,1410.53,14.62,21.61,554.05,2388.18,9038.93,1.3,47.7,521.4,2388.1,8120.77,8.442,0.03,395,2388,100.0,38.82,23.2033
39,64,0.0024,0.0004,100.0,518.67,642.51,1585.11,1407.61,14.62,21.61,553.0,2388.12,9051.36,1.3,47.61,521.2,2388.17,8126.89,8.4751,0.03,393,2388,100.0,38.88,23.3147
39,65,-0.0017,0.0002,100.0,518.67,642.8,1594.73,1415.16,14.62,21.61,553.53,2388.16,9041.59,1.3,47.63,521.01,2388.12,8128.29,8.4408,0.03,394,2388,100.0,38.95,23.2279
39,66,0.0009,-0.0002,100.0,518.67,642.41,1588.58,1416.51,14.62,21.61,552.05,2388.19,9044.87,1.3,47.64,520.86,2388.17,8123.97,8.4487,0.03,394,2388,100.0,38.82,23.2377
39,67,0.001,-0.0004,100.0,518.67,642.9,1593.03,1417.61,14.62,21.61,553.0,2388.17,9043.38,1.3,47.6,520.99,2388.16,8121.58,8.4318,0.03,393,2388,100.0,38.68,23.2522
39,68,-0.0007,0.0006,100.0,518.67,642.88,1590.92,1414.87,14.62,21.61,552.32,2388.19,9045.37,1.3,47.64,521.23,2388.13,8124.62,8.4839,0.03,395,2388,100.0,38.87,23.3279
39,69,0.0038,0.0003,100.0,518.67,643.44,1591.99,1419.44,14.62,21.61,554.09,2388.13,9046.42,1.3,47.79,520.98,2388.19,8125.76,8.4731,0.03,393,2388,100.0,38.55,23.2801
39,70,0.0028,0.0006,100.0,518.67,643.0,1587.58,1412.73,14.62,21.61,552.67,2388.17,9037.93,1.3,47.77,521.59,2388.14,8119.94,8.4643,0.03,394,2388,100.0,38.79,23.294
39,71,-0.0011,-0.0003,100.0,518.67,642.52,1595.32,1407.47,14.62,21.61,552.97,2388.09,9041.01,1.3,47.56,520.65,2388.16,8122.5,8.438,0.03,393,2388,100.0,38.66,23.2692
39,72,-0.0009,-0.0,100.0,518.67,642.95,1580.98,1408.48,14.62,21.61,552.66,2388.13,9039.2,1.3,47.72,520.8,2388.13,8126.94,8.4516,0.03,393,2388,100.0,38.72,23.2538
39,73,-0.0,0.0003,100.0,518.67,642.86,1599.87,1413.97,14.62,21.61,553.2,2388.12,9045.31,1.3,47.57,521.04,2388.18,8126.01,8.4717,0.03,394,2388,100.0,38.89,23.1381
39,74,0.0002,0.0005,100.0,518.67,642.27,1593.26,1411.48,14.62,21.61,553.43,2388.2,9044.84,1.3,47.46,521.38,2388.12,8125.68,8.4619,0.03,396,2388,100.0,38.94,23.2831
39,75,0.0024,0.0003,100.0,518.67,643.1,1590.47,1416.06,14.62,21.61,552.84,2388.15,9047.07,1.3,47.68,521.07,2388.17,8119.55,8.4746,0.03,394,2388,100.0,38.75,23.2702
39,76,0.0018,0.0005,100.0,518.67,643.23,1587.38,1412.78,14.62,21.61,552.38,2388.16,9037.99,1.3,47.69,520.38,2388.12,8121.6,8.4449,0.03,393,2388,100.0,38.74,23.2642
39,77,0.0027,0.0004,100.0,518.67,643.19,1595.87,1416.88,14.62,21.61,553.41,2388.21,9034.65,1.3,47.67,521.52,2388.15,8122.56,8.4594,0.03,393,2388,100.0,38.81,23.2058
39,78,-0.0047,0.0004,100.0,518.67,642.89,1592.22,1414.4,14.62,21.61,552.33,2388.15,9041.95,1.3,47.83,520.88,2388.19,8125.87,8.4676,0.03,392,2388,100.0,39.11,23.1702
39,79,-0.0012,0.0006,100.0,518.67,642.94,1592.51,1413.13,14.62,21.61,552.94,2388.15,9048.85,1.3,47.6,521.33,2388.15,8125.04,8.4449,0.03,393,2388,100.0,38.81,23.2381
39,80,0.0035,0.0003,100.0,518.67,642.74,1593.62,1413.4,14.62,21.61,552.91,2388.16,9054.62,1.3,47.68,521.17,2388.18,8131.03,8.4803,0.03,393,2388,100.0,38.62,23.3142
39,81,0.0017,-0.0,100.0,518.67,643.05,1595.45,1410.52,14.62,21.61,552.5,2388.12,9045.43,1.3,47.62,520.71,2388.16,8122.47,8.4895,0.03,395,2388,100.0,38.81,23.3019
39,82,0.0019,-0.0,100.0,518.67,643.05,1587.95,1415.88,14.62,21.61,553.93,2388.16,9043.67,1.3,47.68,520.45,2388.21,8123.7,8.4876,0.03,395,2388,100.0,38.74,23.2134
39,83,-0.0009,0.0001,100.0,518.67,643.35,1592.37,1418.84,14.62,21.61,552.9,2388.19,9045.0,1.3,47.65,520.94,2388.2,8125.01,8.4506,0.03,393,2388,100.0,38.71,23.2231
39,84,-0.0013,-0.0002,100.0,518.67,643.65,1589.78,1421.08,14.62,21.61,552.2,2388.14,9044.72,1.3,47.69,521.08,2388.15,8121.75,8.4643,0.03,394,2388,100.0,38.74,23.1789
39,85,-0.0017,0.0003,100.0,518.67,642.83,1590.63,1407.79,14.62,21.61,552.5,2388.18,9046.41,1.3,47.69,520.62,2388.18,8124.1,8.4582,0.03,393,2388,100.0,38.71,23.2418
39,86,0.0022,-0.0003,100.0,518.67,643.43,1596.16,1413.98,14.62,21.61,553.15,2388.2,9040.66,1.3,47.74,520.92,2388.17,8124.73,8.4465,0.03,394,2388,100.0,38.65,23.2529
39,87,0.0032,-0.0002,100.0,518.67,643.27,1592.2,1418.57,14.62,21.61,552.54,2388.21,9036.69,1.3,47.82,520.74,2388.14,8122.21,8.4711,0.03,395,2388,100.0,38.65,23.1944
39,88,0.004,0.0004,100.0,518.67,643.23,1589.07,1409.74,14.62,21.61,552.7,2388.13,9041.72,1.3,47.66,520.86,2388.13,8120.7,8.4483,0.03,394,2388,100.0,38.85,23.2763
39,89,0.0003,-0.0001,100.0,518.67,643.12,1594.06,1413.09,14.62,21.61,552.91,2388.21,9039.92,1.3,47.84,520.94,2388.19,8116.82,8.4561,0.03,393,2388,100.0,38.73,23.2742
39,90,0.0016,-0.0002,100.0,518.67,642.98,1596.38,1419.96,14.62,21.61,552.84,2388.18,9044.47,1.3,47.72,520.53,2388.2,8120.35,8.4657,0.03,394,2388,100.0,38.65,23.1558
39,91,-0.0013,-0.0003,100.0,518.67,643.05,1597.78,1417.74,14.62,21.61,552.8,2388.23,9043.17,1.3,47.85,520.89,2388.17,8124.59,8.4601,0.03,393,2388,100.0,38.81,23.2826
39,92,-0.0031,-0.0,100.0,518.67,643.54,1598.69,1416.18,14.62,21.61,552.32,2388.21,9042.84,1.3,47.69,520.83,2388.19,8124.56,8.4855,0.03,392,2388,100.0,38.55,23.2827
39,93,-0.0013,-0.0002,100.0,518.67,642.62,1595.7,1413.46,14.62,21.61,552.28,2388.2,9050.03,1.3,47.58,520.23,2388.2,8122.19,8.4482,0.03,395,2388,100.0,38.66,23.2207
39,94,0.0042,0.0005,100.0,518.67,642.29,1589.79,1413.72,14.62,21.61,552.51,2388.19,9043.51,1.3,47.75,520.42,2388.2,8125.24,8.4686,0.03,394,2388,100.0,38.75,23.0704
39,95,-0.0006,0.0004,100.0,518.67,642.9,1588.53,1414.27,14.62,21.61,552.72,2388.21,9040.68,1.3,47.71,520.82,2388.21,8117.9,8.4669,0.03,393,2388,100.0,38.78,23.2257
39,96,-0.001,0.0003,100.0,518.67,643.12,1604.64,1420.19,14.62,21.61,552.35,2388.18,9032.17,1.3,48.01,520.75,2388.17,8122.36,8.483,0.03,394,2388,100.0,38.68,23.2655
39,97,-0.0037,0.0003,100.0,518.67,643.0,1587.72,1415.77,14.62,21.61,552.15,2388.18,9040.58,1.3,47.71,520.74,2388.17,8124.7,8.4783,0.03,394,2388,100.0,38.7,23.1562
39,98,-0.0028,0.0001,100.0,518.67,643.23,1588.41,1416.1,14.62,21.61,552.91,2388.2,9039.97,1.3,47.73,520.73,2388.17,8121.0,8.5026,0.03,393,2388,100.0,38.62,23.1748
39,99,-0.0017,-0.0001,100.0,518.67,643.25,1595.48,1423.01,14.62,21.61,552.77,2388.17,9042.48,1.3,47.9,520.72,2388.17,8122.8,8.4572,0.03,394,2388,100.0,38.82,23.2711
39,100,-0.0015,-0.0004,100.0,518.67,642.79,1594.87,1420.8,14.62,21.61,552.28,2388.17,9050.13,1.3,48.02,520.62,2388.17,8116.07,8.4752,0.03,392,2388,100.0,38.68,23.3037
39,101,0.0034,0.0,100.0,518.67,642.8,1589.7,1409.44,14.62,21.61,551.73,2388.22,9037.39,1.3,47.96,520.71,2388.16,8118.53,8.4809,0.03,394,2388,100.0,38.76,23.1643
39,102,0.0007,0.0,100.0,518.67,642.9,1600.39,1428.36,14.62,21.61,552.81,2388.23,9042.79,1.3,47.88,521.12,2388.25,8118.57,8.4744,0.03,395,2388,100.0,38.63,23.1369
39,103,0.0002,-0.0001,100.0,518.67,642.98,1586.03,1414.03,14.62,21.61,552.0,2388.26,9037.11,1.3,47.9,520.43,2388.25,8119.2,8.4884,0.03,395,2388,100.0,38.55,23.1751
39,104,0.001,-0.0,100.0,518.67,643.0,1604.27,1421.64,14.62,21.61,552.36,2388.18,9043.8,1.3,47.84,520.54,2388.18,8112.58,8.4649,0.03,395,2388,100.0,38.59,23.24
39,105,-0.002,-0.0003,100.0,518.67,643.15,1594.41,1419.62,14.62,21.61,552.23,2388.19,9036.57,1.3,47.89,520.63,2388.22,8115.0,8.4595,0.03,393,2388,100.0,38.64,23.138
39,106,0.0064,0.0006,100.0,518.67,642.46,1604.07,1423.65,14.62,21.61,553.18,2388.25,9039.51,1.3,47.97,519.98,2388.21,8121.62,8.4693,0.03,394,2388,100.0,38.46,23.0806
39,107,-0.0004,-0.0002,100.0,518.67,643.16,1594.26,1427.77,14.62,21.61,552.3,2388.19,9044.11,1.3,47.81,520.54,2388.19,8111.02,8.4808,0.03,394,2388,100.0,38.81,23.2182
39,108,0.0007,-0.0,100.0,518.67,643.24,1598.05,1410.83,14.62,21.61,552.67,2388.22,9046.71,1.3,47.65,520.6,2388.24,8115.18,8.4796,0.03,394,2388,100.0,38.67,23.2456
39,109,0.0023,-0.0002,100.0,518.67,643.39,1596.78,1423.07,14.62,21.61,552.04,2388.2,9039.82,1.3,47.86,520.51,2388.21,8119.66,8.5002,0.03,395,2388,100.0,38.48,23.1187
39,110,-0.0003,0.0005,100.0,518.67,643.58,1602.8,1423.25,14.62,21.61,552.16,2388.22,9043.58,1.3,47.89,520.55,2388.25,8119.89,8.491,0.03,395,2388,100.0,38.42,23.2385
39,111,0.0021,0.0,100.0,518.67,643.24,1600.73,1430.95,14.62,21.61,552.85,2388.23,9036.64,1.3,47.95,520.97,2388.18,8120.85,8.5021,0.03,394,2388,100.0,38.54,23.1685
39,112,-0.0011,0.0001,100.0,518.67,642.82,1604.01,1423.67,14.62,21.61,552.55,2388.25,9034.49,1.3,47.91,519.7,2388.28,8119.63,8.491,0.03,396,2388,100.0,38.48,23.0713
39,113,0.0014,-0.0,100.0,518.67,643.2,1590.01,1417.9,14.62,21.61,552.23,2388.3,9027.44,1.3,47.92,519.79,2388.22,8113.24,8.5143,0.03,395,2388,100.0,38.7,23.0778
39,114,-0.0039,0.0003,100.0,518.67,643.73,1593.04,1424.94,14.62,21.61,552.51,2388.29,9040.03,1.3,48.04,519.52,2388.29,8114.46,8.5288,0.03,393,2388,100.0,38.65,23.1153
39,115,-0.0006,0.0001,100.0,518.67,643.66,1601.05,1422.15,14.62,21.61,551.25,2388.2,9034.82,1.3,48.06,520.29,2388.26,8113.17,8.5289,0.03,393,2388,100.0,38.59,23.1344
39,116,0.003,0.0006,100.0,518.67,643.89,1603.68,1430.13,14.62,21.61,551.47,2388.22,9036.15,1.3,47.94,520.03,2388.26,8113.55,8.491,0.03,397,2388,100.0,38.57,23.1147
39,117,-0.0025,-0.0003,100.0,518.67,643.6,1603.65,1422.08,14.62,21.61,552.77,2388.3,9047.28,1.3,48.04,519.93,2388.23,8111.59,8.508,0.03,395,2388,100.0,38.51,23.077
39,118,-0.0035,0.0004,100.0,518.67,643.72,1596.04,1431.35,14.62,21.61,551.19,2388.3,9038.36,1.3,48.17,520.21,2388.28,8113.05,8.5379,0.03,396,2388,100.0,38.58,23.0341
39,119,0.0011,-0.0002,100.0,518.67,643.79,1601.46,1421.53,14.62,21.61,552.03,2388.23,9039.55,1.3,48.23,519.57,2388.25,8117.77,8.5258,0.03,394,2388,100.0,38.53,23.065
39,120,0.0003,-0.0003,100.0,518.67,643.49,1597.64,1427.32,14.62,21.61,551.32,2388.27,9036.9,1.3,48.16,519.64,2388.3,8114.52,8.5292,0.03,396,2388,100.0,38.58,23.0664
39,121,0.0003,-0.0002,100.0,518.67,643.66,1599.46,1427.89,14.62,21.61,551.51,2388.3,9039.67,1.3,48.11,519.61,2388.34,8113.99,8.5178,0.03,396,2388,100.0,38.44,23.1703
39,122,-0.0014,-0.0001,100.0,518.67,643.83,1599.38,1432.9,14.62,21.61,551.45,2388.23,9035.77,1.3,48.08,519.73,2388.33,8110.95,8.4953,0.03,394,2388,100.0,38.62,23.1146
39,123,0.0007,0.0002,100.0,518.67,643.56,1606.05,1429.54,14.62,21.61,551.8,2388.3,9033.19,1.3,48.0,519.59,2388.24,8113.65,8.5113,0.03,394,2388,100.0,38.62,23.1701
39,124,-0.0044,0.0005,100.0,518.67,643.4,1601.14,1426.38,14.62,21.61,551.69,2388.31,9035.42,1.3,48.1,519.56,2388.34,8110.8,8.5038,0.03,396,2388,100.0,38.52,23.065
39,125,0.0062,0.0002,100.0,518.67,643.82,1600.98,1436.58,14.62,21.61,549.85,2388.32,9048.84,1.3,48.34,520.04,2388.27,8112.34,8.5306,0.03,397,2388,100.0,38.54,23.2056
39,126,0.0036,0.0002,100.0,518.67,644.24,1605.85,1426.13,14.62,21.61,551.74,2388.34,9031.64,1.3,48.01,519.66,2388.28,8108.51,8.5338,0.03,396,2388,100.0,38.45,23.1504
39,127,0.0004,0.0001,100.0,518.67,644.53,1595.03,1426.95,14.62,21.61,551.59,2388.36,9037.13,1.3,48.27,519.24,2388.32,8105.83,8.5383,0.03,395,2388,100.0,38.29,23.109
39,128,-0.0029,0.0002,100.0,518.67,643.66,1604.19,1428.14,14.62,21.61,550.68,2388.3,9036.1,1.3,48.27,518.83,2388.31,8106.63,8.5148,0.03,395,2388,100.0,38.5,23.0281
47,1,0.0018,0.0001,100.0,518.67,642.27,1581.75,1402.34,14.62,21.61,554.99,2387.98,9059.4,1.3,47.21,522.64,2387.99,8144.86,8.4063,0.03,392,2388,100.0,39.09,23.2883
47,2,0.003,0.0003,100.0,518.67,642.6,1575.94,1401.33,14.62,21.61,555.05,2388.0,9065.97,1.3,47.14,522.29,2388.01,8146.92,8.3743,0.03,392,2388,100.0,39.01,23.5057
47,3,0.0032,-0.0003,100.0,518.67,641.69,1584.8,1398.87,14.62,21.61,554.75,2388.02,9061.19,1.3,47.06,522.82,2387.98,8148.92,8.3818,0.03,391,2388,100.0,39.1,23.4533
47,4,0.0012,0.0002,100.0,518.67,642.01,1578.91,1387.93,14.62,21.61,555.21,2387.98,9060.55,1.3,47.12,523.31,2387.95,8148.12,8.3724,0.03,390,2388,100.0,39.2,23.4821
47,5,0.0019,0.0001,100.0,518.67,641.86,1591.14,1397.29,14.62,21.61,554.99,2388.01,9064.86,1.3,47.22,522.54,2388.04,8153.72,8.3858,0.03,391,2388,100.0,39.02,23.4283
47,6,-0.0013,0.0002,100.0,518.67,641.82,1571.99,1397.98,14.62,21.61,553.56,2387.95,9060.16,1.3,47.26,522.6,2388.02,8143.69,8.3724,0.03,392,2388,100.0,38.93,23.4899
47,7,0.0044,0.0,100.0,518.67,641.85,1584.89,1406.01,14.62,21.61,554.63,2388.04,9066.62,1.3,47.18,522.33,2388.02,8146.4,8.3998,0.03,392,2388,100.0,39.02,23.2455
47,8,0.0008,0.0002,100.0,518.67,641.62,1587.61,1397.07,14.62,21.6,554.31,2388.03,9066.85,1.3,47.13,522.2,2387.94,8146.9,8.3724,0.03,388,2388,100.0,39.02,23.517
47,9,-0.0006,-0.0005,100.0,518.67,641.81,1581.84,1396.05,14.62,21.61,554.84,2388.0,9061.75,1.3,47.29,522.55,2387.96,8147.68,8.4158,0.03,392,2388,100.0,38.85,23.4162
47,10,0.0009,-0.0005,100.0,518.67,641.86,1587.28,1400.35,14.62,21.61,554.04,2388.02,9070.63,1.3,47.12,522.09,2388.05,8145.79,8.395,0.03,392,2388,100.0,38.97,23.3734
47,11,0.0013,-0.0001,100.0,518.67,641.95,1577.31,1398.69,14.62,21.61,554.24,2388.05,9054.8,1.3,47.27,522.1,2388.01,8149.89,8.3882,0.03,391,2388,100.0,39.14,23.4639
47,12,0.0023,0.0002,100.0,518.67,642.14,1582.58,1404.15,14.62,21.61,554.83,2387.99,9061.05,1.3,47.3,522.16,2387.95,8146.83,8.4187,0.03,391,2388,100.0,38.97,23.3962
47,13,0.0023,-0.0005,100.0,518.67,642.37,1581.81,1399.37,14.62,21.61,554.18,2388.01,9063.67,1.3,47.25,522.2,2388.02,8144.05,8.3798,0.03,391,2388,100.0,39.02,23.4168
47,14,-0.0016,0.0004,100.0,518.67,642.08,1578.29,1395.7,14.62,21.61,554.21,2388.01,9070.42,1.3,47.13,522.17,2388.02,8147.25,8.4359,0.03,390,2388,100.0,39.08,23.4572
47,15,-0.0005,0.0002,100.0,518.67,642.11,1590.53,1396.66,14.62,21.61,553.46,2387.98,9062.51,1.3,47.24,522.47,2388.02,8144.59,8.3994,0.03,390,2388,100.0,39.03,23.4858
47,16,-0.0009,0.0,100.0,518.67,642.02,1588.73,1398.9,14.62,21.6,555.16,2387.97,9066.42,1.3,47.17,521.96,2387.98,8141.08,8.4188,0.03,392,2388,100.0,39.29,23.3971
47,17,0.0024,0.0002,100.0,518.67,641.94,1580.17,1393.7,14.62,21.61,554.72,2388.01,9059.86,1.3,46.98,522.83,2388.01,8148.43,8.3896,0.03,392,2388,100.0,38.97,23.4019
47,18,0.0026,-0.0005,100.0,518.67,642.56,1585.06,1400.7,14.62,21.61,554.32,2387.9,9064.85,1.3,47.05,522.78,2387.95,8149.09,8.4005,0.03,392,2388,100.0,39.02,23.495
47,19,0.0014,-0.0005,100.0,518.67,642.2,1582.16,1395.54,14.62,21.61,554.24,2387.99,9067.02,1.3,47.43,522.82,2387.98,8144.83,8.3767,0.03,390,2388,100.0,39.09,23.3073
47,20,0.001,-0.0002,100.0,518.67,641.98,1579.78,1405.51,14.62,21.61,554.98,2388.03,9065.74,1.3,47.27,522.38,2388.03,8140.33,8.4178,0.03,391,2388,100.0,39.07,23.3601
47,21,0.0013,-0.0003,100.0,518.67,641.8,1586.68,1408.07,14.62,21.61,554.13,2388.02,9067.49,1.3,47.11,522.78,2388.04,8144.02,8.4339,0.03,392,2388,100.0,39.14,23.3738
47,22,-0.0033,0.0001,100.0,518.67,641.88,1588.12,1398.95,14.62,21.61,554.66,2388.0,9059.01,1.3,47.15,522.01,2387.98,8148.65,8.3869,0.03,393,2388,100.0,38.9,23.3644
47,23,0.0019,0.0001,100.0,518.67,642.33,1589.08,1405.64,14.62,21.6,554.69,2388.01,9074.08,1.3,47.21,522.28,2388.01,8144.33,8.3818,0.03,392,2388,100.0,38.99,23.3279
47,24,-0.0024,-0.0003,100.0,518.67,641.97,1581.26,1400.66,14.62,21.61,554.69,2387.96,9068.9,1.3,47.2,522.1,2388.03,8144.81,8.3992,0.03,390,2388,100.0,39.05,23.3989
47,25,0.0011,0.0003,100.0,518.67,641.97,1576.05,1397.31,14.62,21.61,554.12,2388.01,9062.56,1.3,47.11,521.76,2388.04,8144.69,8.394,0.03,390,2388,100.0,38.8,23.5406
47,26,-0.004,-0.0001,100.0,518.67,642.01,1584.22,1403.91,14.62,21.61,554.17,2388.05,9065.92,1.3,47.27,522.44,2388.02,8146.25,8.3941,0.03,392,2388,100.0,39.24,23.4711
47,27,0.0,-0.0004,100.0,518.67,641.35,1582.95,1404.14,14.62,21.61,554.63,2387.97,9067.49,1.3,46.94,522.45,2388.05,8148.68,8.4026,0.03,392,2388,100.0,39.04,23.4434
47,28,-0.0011,0.0003,100.0,518.67,642.39,1586.61,1400.8,14.62,21.61,554.85,2387.99,9064.2,1.3,47.27,522.3,2388.0,8145.29,8.4185,0.03,390,2388,100.0,39.12,23.3532
47,29,0.0021,0.0004,100.0,518.67,641.98,1582.56,1396.1,14.62,21.61,554.08,2388.03,9070.61,1.3,47.07,522.27,2387.96,8148.45,8.4059,0.03,392,2388,100.0,39.25,23.369
47,30,-0.0016,-0.0001,100.0,518.67,641.88,1579.53,1393.06,14.62,21.61,554.5,2388.03,9063.39,1.3,47.12,522.26,2388.02,8148.28,8.3921,0.03,390,2388,100.0,39.04,23.3996
47,31,-0.0042,-0.0005,100.0,518.67,642.18,1581.87,1393.44,14.62,21.61,554.89,2388.06,9066.92,1.3,47.17,522.17,2388.03,8145.65,8.4029,0.03,393,2388,100.0,38.91,23.4207
47,32,-0.001,0.0001,100.0,518.67,643.04,1583.57,1392.99,14.62,21.61,554.0,2387.98,9063.22,1.3,47.2,522.1,2388.0,8145.7,8.3693,0.03,393,2388,100.0,38.94,23.3922
47,33,0.0002,-0.0003,100.0,518.67,642.78,1587.47,1402.32,14.62,21.61,554.15,2388.03,9064.15,1.3,47.16,522.44,2388.0,8142.85,8.3755,0.03,392,2388,100.0,39.0,23.3781
47,34,0.0029,-0.0003,100.0,518.67,642.43,1588.71,1402.53,14.62,21.61,554.52,2387.99,9063.86,1.3,47.12,522.56,2387.99,8143.79,8.3603,0.03,393,2388,100.0,39.22,23.3781
47,35,-0.0,0.0004,100.0,518.67,642.82,1580.7,1397.95,14.62,21.61,554.51,2387.98,9069.29,1.3,47.38,522.87,2387.98,8146.35,8.4071,0.03,392,2388,100.0,38.98,23.4313
47,36,-0.0008,-0.0,100.0,518.67,642.19,1582.73,1395.97,14.62,21.6,554.52,2388.04,9061.17,1.3,46.98,522.62,2388.0,8142.98,8.42,0.03,393,2388,100.0,38.93,23.3941
47,37,0.0008,0.0001,100.0,518.67,642.43,1584.72,1395.16,14.62,21.61,554.67,2388.0,9063.29,1.3,47.1,522.56,2388.0,8147.49,8.418,0.03,391,2388,100.0,38.99,23.3671
47,38,0.0013,-0.0003,100.0,518.67,641.77,1585.13,1399.56,14.62,21.61,554.34,2387.99,9064.13,1.3,47.09,522.08,2388.01,8141.99,8.3858,0.03,390,2388,100.0,39.12,23.4132
47,39,0.0033,0.0002,100.0,518.67,641.68,1584.17,1401.82,14.62,21.61,554.09,2387.99,9068.76,1.3,47.15,521.83,2388.04,8148.28,8.3963,0.03,392,2388,100.0,39.01,23.3532
47,40,-0.0009,0.0001,100.0,518.67,642.22,1584.92,1398.57,14.62,21.61,554.66,2388.01,9063.92,1.3,47.11,521.92,2387.99,8142.03,8.3957,0.03,390,2388,100.0,39.02,23.387
47,41,0.0026,0.0004,100.0,518.67,642.1,1587.49,1395.16,14.62,21.61,554.33,2388.01,9066.93,1.3,47.11,522.5,2388.05,8144.65,8.4048,0.03,393,2388,100.0,39.07,23.4207
47,42,-0.0007,-0.0,100.0,518.67,642.3,1577.88,1401.27,14.62,21.61,554.42,2388.05,9065.6,1.3,47.26,522.12,2388.01,8149.27,8.4308,0.03,391,2388,100.0,39.11,23.449
47,43,-0.0002,0.0001,100.0,518.67,642.4,1586.97,1402.6,14.62,21.61,553.92,2387.99,9070.42,1.3,47.11,522.51,2387.99,8148.55,8.4122,0.03,391,2388,100.0,39.06,23.4204
47,44,-0.0027,0.0004,100.0,518.67,642.25,1587.39,1397.36,14.62,21.61,554.44,2388.03,9067.51,1.3,47.21,522.91,2387.94,8143.71,8.3965,0.03,391,2388,100.0,39.04,23.3873
47,45,-0.0012,0.0004,100.0,518.67,642.81,1583.7,1395.63,14.62,21.61,554.65,2387.98,9066.32,1.3,47.03,521.88,2388.01,8148.63,8.3898,0.03,392,2388,100.0,38.99,23.4644
47,46,-0.0009,-0.0002,100.0,518.67,642.14,1590.31,1403.93,14.62,21.61,554.24,2388.01,9062.27,1.3,47.25,522.08,2388.06,8146.78,8.4002,0.03,391,2388,100.0,38.99,23.3927
47,47,-0.0,0.0,100.0,518.67,642.07,1586.49,1392.74,14.62,21.61,554.6,2388.01,9067.96,1.3,47.12,522.16,2388.04,8146.52,8.4245,0.03,392,2388,100.0,39.09,23.3596
47,48,0.0017,0.0001,100.0,518.67,641.94,1589.09,1400.99,14.62,21.61,554.37,2388.04,9064.46,1.3,47.19,522.3,2388.0,8146.12,8.421,0.03,392,2388,100.0,39.04,23.4083
47,49,-0.0015,-0.0003,100.0,518.67,642.52,1587.69,1398.19,14.62,21.61,554.35,2388.01,9074.41,1.3,47.13,522.78,2388.02,8149.22,8.427,0.03,392,2388,100.0,39.12,23.4402
47,50,0.0003,-0.0004,100.0,518.67,641.9,1582.73,1395.11,14.62,21.61,553.73,2388.04,9068.01,1.3,47.27,522.04,2388.01,8148.14,8.363,0.03,393,2388,100.0,39.04,23.3386
47,51,-0.0013,-0.0,100.0,518.67,641.81,1574.52,1402.21,14.62,21.61,553.46,2388.0,9065.73,1.3,47.13,521.58,2387.96,8145.76,8.4041,0.03,393,2388,100.0,39.04,23.4086
47,52,-0.002,0.0002,100.0,518.67,642.51,1583.03,1399.8,14.62,21.61,554.16,2387.99,9070.87,1.3,47.31,522.27,2388.02,8143.64,8.3647,0.03,392,2388,100.0,38.94,23.3559
47,53,0.0029,0.0001,100.0,518.67,641.92,1579.32,1401.24,14.62,21.61,554.12,2388.0,9070.73,1.3,47.32,522.3,2388.01,8144.15,8.4135,0.03,392,2388,100.0,38.96,23.4945
47,54,-0.0016,-0.0001,100.0,518.67,642.31,1585.36,1392.59,14.62,21.61,554.37,2388.01,9059.96,1.3,47.39,521.42,2388.07,8144.48,8.4136,0.03,392,2388,100.0,39.09,23.4004
47,55,0.0002,0.0,100.0,518.67,642.0,1575.47,1397.11,14.62,21.61,554.1,2388.02,9062.56,1.3,47.31,521.78,2387.96,8151.01,8.4088,0.03,392,2388,100.0,38.99,23.4662
47,56,-0.0021,-0.0003,100.0,518.67,642.1,1584.43,1394.51,14.62,21.6,554.55,2387.99,9070.0,1.3,47.12,522.98,2387.97,8145.71,8.4306,0.03,393,2388,100.0,38.98,23.4253
47,57,0.0031,-0.0,100.0,518.67,642.16,1586.05,1400.94,14.62,21.61,554.7,2388.01,9071.83,1.3,47.3,522.32,2387.98,8142.67,8.4171,0.03,391,2388,100.0,39.05,23.3678
47,58,0.0053,0.0003,100.0,518.67,641.68,1589.86,1405.6,14.62,21.61,554.87,2388.0,9066.39,1.3,47.38,521.97,2388.02,8145.8,8.3847,0.03,393,2388,100.0,38.93,23.4006
47,59,-0.001,0.0004,100.0,518.67,641.92,1578.76,1401.18,14.62,21.61,554.78,2388.0,9059.17,1.3,47.09,522.17,2388.0,8148.43,8.3935,0.03,391,2388,100.0,39.11,23.3763
47,60,0.0017,-0.0001,100.0,518.67,641.78,1585.71,1394.72,14.62,21.61,554.52,2387.99,9065.73,1.3,47.21,522.05,2387.99,8147.23,8.3953,0.03,390,2388,100.0,39.03,23.4252
47,61,-0.0015,-0.0003,100.0,518.67,641.57,1584.27,1408.5,14.62,21.61,554.37,2387.97,9074.97,1.3,47.14,522.27,2387.97,8149.28,8.4539,0.03,391,2388,100.0,38.86,23.4099
47,62,0.0014,-0.0005,100.0,518.67,641.99,1585.13,1398.9,14.62,21.61,554.6,2387.97,9068.86,1.3,47.21,522.19,2388.01,8152.3,8.4505,0.03,392,2388,100.0,38.86,23.3696
47,63,0.0011,0.0004,100.0,518.67,642.47,1586.03,1410.9,14.62,21.6,554.08,2388.06,9064.02,1.3,47.31,522.09,2388.03,8144.24,8.434,0.03,392,2388,100.0,39.07,23.3496
47,64,-0.0043,0.0004,100.0,518.67,642.22,1584.91,1394.21,14.62,21.61,554.61,2388.0,9066.69,1.3,47.3,522.3,2388.03,8148.15,8.4057,0.03,392,2388,100.0,38.88,23.4677
47,65,-0.0005,-0.0,100.0,518.67,641.83,1581.59,1405.33,14.62,21.61,553.51,2387.97,9063.53,1.3,47.34,522.02,2387.99,8145.5,8.3789,0.03,392,2388,100.0,39.1,23.5199
47,66,0.0012,0.0002,100.0,518.67,642.4,1584.11,1394.33,14.62,21.61,554.25,2388.04,9066.95,1.3,47.13,522.08,2388.02,8146.43,8.4152,0.03,391,2388,100.0,39.01,23.4295
47,67,0.0011,-0.0005,100.0,518.67,642.07,1583.78,1400.62,14.62,21.6,554.14,2388.01,9063.9,1.3,47.41,522.43,2387.98,8147.25,8.409,0.03,389,2388,100.0,39.07,23.4957
47,68,0.0012,-0.0001,100.0,518.67,642.11,1583.42,1392.88,14.62,21.61,554.45,2388.0,9066.72,1.3,47.28,522.55,2388.0,8146.22,8.4,0.03,393,2388,100.0,38.94,23.4111
47,69,0.001,-0.0004,100.0,518.67,642.49,1584.51,1390.08,14.62,21.61,554.27,2388.06,9064.23,1.3,47.41,521.9,2388.02,8146.24,8.3737,0.03,390,2388,100.0,38.98,23.4571
47,70,0.0011,-0.0001,100.0,518.67,642.47,1582.76,1403.26,14.62,21.61,554.27,2387.95,9067.28,1.3,47.21,522.28,2388.02,8149.31,8.4088,0.03,393,2388,100.0,39.05,23.3884
47,71,0.001,-0.0002,100.0,518.67,641.75,1582.75,1396.32,14.62,21.61,553.68,2388.07,9063.79,1.3,47.02,522.21,2388.03,8146.52,8.3785,0.03,391,2388,100.0,39.1,23.4067
47,72,0.0025,-0.0004,100.0,518.67,642.5,1578.69,1402.9,14.62,21.61,553.59,2388.01,9061.26,1.3,47.07,521.7,2387.95,8148.01,8.432,0.03,392,2388,100.0,38.76,23.4144
47,73,-0.0027,-0.0002,100.0,518.67,642.25,1580.98,1404.29,14.62,21.61,554.15,2388.0,9067.24,1.3,47.35,522.09,2388.04,8146.09,8.3851,0.03,390,2388,100.0,39.08,23.4314
47,74,0.0007,0.0002,100.0,518.67,641.75,1584.17,1392.6,14.62,21.61,554.62,2388.06,9065.72,1.3,47.29,522.32,2387.96,8146.03,8.3904,0.03,392,2388,100.0,38.85,23.3813
47,75,0.0023,-0.0004,100.0,518.67,642.66,1584.61,1400.37,14.62,21.61,554.44,2388.03,9065.57,1.3,47.37,523.06,2388.0,8148.32,8.4389,0.03,394,2388,100.0,38.94,23.3573
47,76,0.0046,0.0003,100.0,518.67,642.46,1578.97,1400.9,14.62,21.61,554.62,2388.01,9064.43,1.3,47.23,522.21,2388.0,8145.33,8.4069,0.03,394,2388,100.0,38.95,23.4458
47,77,0.0008,-0.0004,100.0,518.67,642.2,1584.25,1395.13,14.62,21.61,554.97,2388.05,9067.2,1.3,47.31,522.18,2388.06,8145.98,8.4292,0.03,392,2388,100.0,38.94,23.3946
47,78,-0.0003,-0.0001,100.0,518.67,642.47,1584.68,1404.65,14.62,21.61,554.61,2387.95,9065.91,1.3,47.38,522.18,2388.03,8148.06,8.4037,0.03,392,2388,100.0,38.86,23.4739
47,79,0.0009,0.0001,100.0,518.67,642.35,1587.21,1401.6,14.62,21.61,554.65,2388.03,9074.28,1.3,47.25,522.52,2387.96,8150.91,8.3818,0.03,393,2388,100.0,39.17,23.2787
47,80,-0.0007,-0.0003,100.0,518.67,642.7,1586.8,1395.98,14.62,21.61,555.37,2388.02,9068.67,1.3,47.06,522.32,2388.05,8147.3,8.4233,0.03,390,2388,100.0,39.16,23.474
47,81,-0.0045,0.0004,100.0,518.67,641.75,1584.43,1402.91,14.62,21.61,554.72,2388.06,9063.06,1.3,47.06,522.49,2388.04,8143.47,8.4147,0.03,393,2388,100.0,39.07,23.2813
47,82,-0.0007,-0.0004,100.0,518.67,642.3,1587.32,1404.18,14.62,21.61,554.29,2388.0,9066.23,1.3,47.23,522.17,2387.95,8149.27,8.3622,0.03,391,2388,100.0,38.95,23.3219
47,83,0.0011,0.0003,100.0,518.67,642.02,1587.69,1396.24,14.62,21.61,554.17,2388.04,9068.74,1.3,47.17,522.8,2388.01,8147.33,8.3872,0.03,393,2388,100.0,38.78,23.3408
47,84,0.0026,0.0003,100.0,518.67,642.5,1582.47,1395.91,14.62,21.61,553.79,2388.01,9071.49,1.3,47.34,521.81,2388.08,8148.79,8.4156,0.03,392,2388,100.0,38.91,23.3745
47,85,0.0005,-0.0001,100.0,518.67,642.25,1585.16,1401.33,14.62,21.61,553.61,2388.01,9063.16,1.3,47.25,522.5,2387.98,8150.45,8.4275,0.03,392,2388,100.0,38.97,23.3731
47,86,-0.0003,0.0002,100.0,518.67,642.49,1588.2,1397.12,14.62,21.6,554.5,2388.02,9061.62,1.3,47.23,522.49,2388.01,8146.45,8.38,0.03,392,2388,100.0,38.93,23.5193
47,87,-0.0012,0.0004,100.0,518.67,641.96,1581.52,1401.77,14.62,21.61,554.3,2388.01,9067.96,1.3,47.19,522.3,2388.09,8150.32,8.3813,0.03,393,2388,100.0,39.02,23.3624
47,88,-0.0033,0.0002,100.0,518.67,642.64,1585.66,1400.54,14.62,21.61,554.29,2388.07,9066.32,1.3,47.23,522.84,2387.98,8148.51,8.4308,0.03,392,2388,100.0,38.97,23.3916
47,89,-0.0021,0.0001,100.0,518.67,642.83,1585.81,1404.45,14.62,21.61,554.32,2387.99,9065.1,1.3,47.33,522.51,2388.01,8146.89,8.4305,0.03,393,2388,100.0,38.9,23.51
47,90,0.0001,-0.0004,100.0,518.67,642.23,1588.38,1403.15,14.62,21.61,554.08,2388.03,9069.86,1.3,47.29,522.35,2388.0,8147.48,8.4096,0.03,391,2388,100.0,38.99,23.4356
47,91,0.0014,-0.0,100.0,518.67,642.06,1581.02,1407.84,14.62,21.6,554.92,2388.1,9072.76,1.3,47.25,522.23,2388.01,8148.66,8.4057,0.03,392,2388,100.0,39.05,23.3854
47,92,-0.0007,0.0003,100.0,518.67,642.38,1591.43,1392.23,14.62,21.61,554.48,2388.01,9064.32,1.3,47.36,521.85,2388.04,8148.52,8.4082,0.03,390,2388,100.0,38.96,23.3628
47,93,-0.002,-0.0004,100.0,518.67,642.21,1585.38,1402.2,14.62,21.61,554.08,2387.97,9064.29,1.3,47.47,522.31,2388.04,8147.24,8.3987,0.03,392,2388,100.0,39.0,23.4203
47,94,0.0006,-0.0004,100.0,518.67,642.18,1579.57,1403.6,14.62,21.61,554.54,2388.04,9062.86,1.3,47.52,522.39,2388.01,8149.7,8.4471,0.03,393,2388,100.0,38.95,23.3349
47,95,-0.0016,0.0002,100.0,518.67,642.21,1593.68,1397.43,14.62,21.61,554.16,2388.04,9060.47,1.3,47.37,521.5,2388.01,8149.57,8.3654,0.03,392,2388,100.0,39.08,23.3771
47,96,-0.0037,0.0001,100.0,518.67,642.14,1581.19,1401.09,14.62,21.61,554.48,2388.02,9063.25,1.3,47.15,521.84,2388.06,8156.27,8.4038,0.03,391,2388,100.0,39.15,23.3933
47,97,0.0003,-0.0004,100.0,518.67,642.15,1584.34,1402.92,14.62,21.61,553.75,2388.02,9066.85,1.3,47.29,522.26,2388.06,8148.58,8.4086,0.03,391,2388,100.0,38.95,23.3737
47,98,-0.0051,0.0003,100.0,518.67,641.42,1583.37,1396.84,14.62,21.61,553.23,2388.04,9062.83,1.3,47.38,521.8,2388.05,8144.96,8.4117,0.03,392,2388,100.0,39.09,23.3579
47,99,-0.0003,0.0,100.0,518.67,642.58,1581.79,1404.53,14.62,21.61,554.34,2388.04,9070.58,1.3,47.34,522.16,2388.07,8152.69,8.4243,0.03,393,2388,100.0,38.86,23.3665
47,100,0.0047,0.0003,100.0,518.67,642.08,1585.68,1401.92,14.62,21.61,553.79,2387.99,9065.13,1.3,47.33,522.0,2388.02,8148.84,8.3747,0.03,392,2388,100.0,38.86,23.3906
47,101,0.0027,0.0003,100.0,518.67,641.96,1591.32,1399.9,14.62,21.61,553.93,2387.97,9068.19,1.3,47.13,521.61,2387.97,8147.26,8.3987,0.03,392,2388,100.0,38.85,23.4541
47,102,-0.0013,0.0002,100.0,518.67,642.66,1582.29,1402.69,14.62,21.61,554.85,2388.03,9067.14,1.3,47.43,522.57,2388.01,8154.6,8.392,0.03,392,2388,100.0,39.09,23.2522
47,103,0.0034,0.0002,100.0,518.67,642.98,1588.43,1404.6,14.62,21.61,554.19,2388.05,9069.72,1.3,47.34,521.76,2388.03,8152.41,8.4324,0.03,390,2388,100.0,39.01,23.3101
47,104,-0.0012,0.0002,100.0,518.67,642.49,1585.78,1398.75,14.62,21.61,554.92,2388.04,9065.11,1.3,47.32,521.97,2387.98,8149.91,8.4539,0.03,392,2388,100.0,38.74,23.3257
47,105,-0.0032,-0.0003,100.0,518.67,642.09,1588.22,1404.37,14.62,21.61,554.3,2388.03,9069.89,1.3,47.51,521.47,2388.05,8148.29,8.4147,0.03,394,2388,100.0,38.97,23.3703
47,106,-0.0005,0.0,100.0,518.67,642.07,1575.03,1409.09,14.62,21.61,554.29,2388.0,9067.26,1.3,47.37,522.13,2388.02,8151.15,8.4164,0.03,393,2388,100.0,38.94,23.4738
47,107,-0.0006,-0.0001,100.0,518.67,641.99,1585.05,1405.92,14.62,21.61,554.51,2388.05,9071.69,1.3,47.19,522.25,2388.05,8146.8,8.4383,0.03,392,2388,100.0,38.86,23.3731
47,108,0.0015,0.0003,100.0,518.67,642.69,1584.46,1401.48,14.62,21.61,554.0,2388.02,9068.11,1.3,47.24,522.34,2388.02,8150.13,8.4292,0.03,392,2388,100.0,38.99,23.3755
47,109,-0.0038,0.0002,100.0,518.67,642.33,1592.21,1414.4,14.62,21.61,554.3,2388.02,9070.17,1.3,47.42,522.65,2388.04,8152.9,8.4354,0.03,393,2388,100.0,38.87,23.3895
47,110,0.0,0.0004,100.0,518.67,642.46,1580.4,1403.36,14.62,21.61,554.48,2388.11,9070.64,1.3,47.29,522.04,2388.03,8151.6,8.3694,0.03,392,2388,100.0,39.1,23.4281
47,111,0.0053,0.0002,100.0,518.67,642.82,1585.75,1411.44,14.62,21.61,554.24,2388.01,9065.79,1.3,47.43,522.14,2388.05,8151.92,8.4228,0.03,393,2388,100.0,38.9,23.231
47,112,-0.002,0.0001,100.0,518.67,642.06,1592.48,1401.81,14.62,21.61,553.6,2387.98,9068.96,1.3,47.25,521.81,2388.04,8149.25,8.4182,0.03,390,2388,100.0,38.91,23.3327
47,113,-0.0027,-0.0005,100.0,518.67,642.18,1584.18,1405.17,14.62,21.61,553.95,2387.98,9070.94,1.3,47.29,521.78,2388.03,8153.47,8.3905,0.03,392,2388,100.0,38.71,23.3483
47,114,-0.0081,0.0004,100.0,518.67,642.19,1585.06,1410.45,14.62,21.61,553.76,2388.05,9067.87,1.3,47.3,522.05,2388.05,8146.16,8.3821,0.03,392,2388,100.0,38.74,23.2997
47,115,-0.0008,0.0003,100.0,518.67,642.26,1587.72,1404.52,14.62,21.61,553.83,2387.98,9072.23,1.3,47.44,522.12,2388.01,8149.13,8.4589,0.03,392,2388,100.0,38.98,23.4487
47,116,-0.0035,0.0004,100.0,518.67,642.87,1584.7,1399.63,14.62,21.61,554.19,2388.05,9068.4,1.3,47.38,522.49,2388.02,8142.07,8.4461,0.03,393,2388,100.0,39.0,23.2924
47,117,0.0023,-0.0001,100.0,518.67,642.15,1586.76,1407.32,14.62,21.61,554.0,2388.03,9069.67,1.3,47.46,521.84,2388.04,8150.99,8.4116,0.03,391,2388,100.0,38.81,23.3819
47,118,0.0021,-0.0003,100.0,518.67,642.24,1585.84,1395.94,14.62,21.61,552.66,2388.06,9066.11,1.3,47.16,522.47,2388.02,8145.3,8.4615,0.03,393,2388,100.0,38.94,23.3344
47,119,0.0058,0.0002,100.0,518.67,641.88,1587.51,1408.39,14.62,21.61,554.09,2388.0,9072.34,1.3,47.22,521.89,2388.06,8149.41,8.4035,0.03,391,2388,100.0,38.62,23.3157
47,120,-0.0009,-0.0005,100.0,518.67,642.14,1593.16,1399.21,14.62,21.61,553.1,2388.02,9075.81,1.3,47.49,521.7,2388.02,8155.34,8.4271,0.03,391,2388,100.0,38.84,23.3064
47,121,-0.0017,-0.0002,100.0,518.67,642.37,1588.91,1402.36,14.62,21.61,554.0,2388.03,9064.84,1.3,47.42,522.27,2388.08,8147.45,8.4031,0.03,392,2388,100.0,39.06,23.361
47,122,-0.0016,-0.0005,100.0,518.67,642.05,1588.81,1399.27,14.62,21.61,554.66,2388.05,9075.41,1.3,47.29,521.96,2388.03,8150.0,8.4332,0.03,392,2388,100.0,39.07,23.2488
47,123,0.0029,-0.0004,100.0,518.67,642.28,1585.77,1405.05,14.62,21.61,554.41,2388.14,9069.75,1.3,47.39,522.47,2388.05,8144.18,8.3917,0.03,393,2388,100.0,38.84,23.2879
47,124,-0.0054,0.0,100.0,518.67,642.98,1586.0,1405.08,14.62,21.61,553.24,2388.08,9066.84,1.3,47.39,522.23,2388.02,8150.15,8.4207,0.03,392,2388,100.0,38.77,23.3747
47,125,0.0019,-0.0004,100.0,518.67,642.1,1586.56,1406.34,14.62,21.61,553.67,2388.04,9080.3,1.3,47.52,521.82,2388.02,8157.34,8.4263,0.03,393,2388,100.0,38.91,23.3462
47,126,-0.0015,-0.0005,100.0,518.67,642.35,1586.81,1411.11,14.62,21.61,553.95,2388.11,9066.69,1.3,47.5,521.56,2388.01,8148.25,8.4196,0.03,393,2388,100.0,39.12,23.3697
47,127,-0.0022,-0.0005,100.0,518.67,642.33,1588.33,1405.95,14.62,21.61,554.69,2387.99,9065.45,1.3,47.44,522.23,2388.03,8152.18,8.4033,0.03,392,2388,100.0,38.94,23.39
47,128,0.0016,0.0004,100.0,518.67,642.55,1589.6,1404.22,14.62,21.61,553.81,2387.99,9078.83,1.3,47.44,522.32,2388.01,8154.51,8.4063,0.03,393,2388,100.0,38.86,23.3346
47,129,-0.0011,-0.0002,100.0,518.67,642.35,1583.8,1402.94,14.62,21.61,553.37,2388.04,9076.92,1.3,47.39,521.55,2388.05,8160.18,8.4036,0.03,392,2388,100.0,38.91,23.3945
47,130,0.0005,-0.0002,100.0,518.67,642.47,1590.18,1406.25,14.62,21.61,553.85,2388.03,9072.96,1.3,47.36,521.89,2388.05,8147.01,8.3933,0.03,394,2388,100.0,38.92,23.3359
47,131,-0.0022,-0.0001,100.0,518.67,642.4,1579.94,1401.11,14.62,21.61,553.66,2388.07,9070.68,1.3,47.57,521.75,2388.07,8148.34,8.4367,0.03,393,2388,100.0,38.87,23.2885
47,132,-0.0027,-0.0004,100.0,518.67,641.79,1583.46,1411.1,14.62,21.61,554.07,2387.97,9077.3,1.3,47.52,521.75,2388.07,8153.19,8.4369,0.03,394,2388,100.0,38.91,23.4065
47,133,-0.0022,0.0002,100.0,518.67,642.72,1593.37,1401.96,14.62,21.61,553.63,2388.03,9069.49,1.3,47.27,521.9,2388.05,8149.06,8.4125,0.03,392,2388,100.0,38.87,23.3309
47,134,0.005,-0.0,100.0,518.67,642.84,1582.69,1400.58,14.62,21.61,553.44,2388.02,9067.37,1.3,47.26,521.98,2388.0,8151.28,8.4323,0.03,392,2388,100.0,38.91,23.3861
47,135,0.0024,-0.0005,100.0,518.67,641.86,1595.35,1407.0,14.62,21.61,552.77,2388.09,9082.19,1.3,47.35,522.26,2388.09,8152.76,8.433,0.03,393,2388,100.0,38.71,23.267
47,136,-0.0011,-0.0002,100.0,518.67,642.74,1588.33,1406.68,14.62,21.61,553.76,2387.98,9074.92,1.3,47.39,521.46,2388.04,8153.64,8.4401,0.03,392,2388,100.0,38.87,23.379
47,137,-0.0013,-0.0002,100.0,518.67,642.7,1589.12,1401.39,14.62,21.61,553.25,2388.06,9074.0,1.3,47.53,521.59,2388.06,8155.36,8.4332,0.03,393,2388,100.0,38.88,23.2847
47,138,-0.0005,-0.0002,100.0,518.67,642.45,1589.6,1411.46,14.62,21.61,554.07,2388.06,9072.75,1.3,47.3,521.74,2388.07,8153.67,8.4531,0.03,392,2388,100.0,38.8,23.2686
47,139,-0.0016,-0.0003,100.0,518.67,642.57,1584.05,1408.4,14.62,21.61,553.52,2388.01,9077.18,1.3,47.43,521.85,2388.03,8152.77,8.4226,0.03,392,2388,100.0,38.94,23.4256
47,140,-0.0027,0.0003,100.0,518.67,642.84,1589.97,1399.76,14.62,21.61,553.87,2388.04,9069.57,1.3,47.3,521.28,2388.02,8150.24,8.4023,0.03,392,2388,100.0,38.87,23.3338
47,141,-0.0005,-0.0005,100.0,518.67,642.65,1588.13,1413.07,14.62,21.61,554.03,2388.08,9074.54,1.3,47.21,521.83,2388.07,8149.85,8.3931,0.03,393,2388,100.0,38.95,23.2914
47,142,-0.001,0.0,100.0,518.67,642.72,1580.05,1408.59,14.62,21.61,554.32,2388.02,9077.58,1.3,47.4,521.77,2388.05,8156.88,8.4696,0.03,392,2388,100.0,38.97,23.3538
47,143,0.002,-0.0005,100.0,518.67,642.7,1587.59,1405.27,14.62,21.61,553.74,2388.1,9069.37,1.3,47.45,521.69,2388.07,8151.16,8.4398,0.03,391,2388,100.0,38.75,23.4264
47,144,-0.0009,0.0003,100.0,518.67,642.14,1589.38,1401.06,14.62,21.61,553.04,2388.03,9072.16,1.3,47.39,521.72,2388.04,8152.3,8.4364,0.03,395,2388,100.0,38.81,23.2299
47,145,0.0013,-0.0003,100.0,518.67,642.65,1588.8,1399.62,14.62,21.61,552.87,2388.07,9066.15,1.3,47.32,521.82,2388.05,8156.02,8.4433,0.03,392,2388,100.0,38.75,23.3843
47,146,0.0031,0.0004,100.0,518.67,642.43,1586.78,1406.7,14.62,21.61,553.6,2388.07,9069.55,1.3,47.48,521.76,2388.03,8150.2,8.4358,0.03,392,2388,100.0,38.74,23.2274
47,147,0.0005,0.0004,100.0,518.67,642.62,1597.94,1404.59,14.62,21.61,553.69,2388.1,9081.37,1.3,47.53,521.37,2388.06,8148.92,8.4211,0.03,392,2388,100.0,38.79,23.2998
47,148,-0.0004,0.0002,100.0,518.67,642.56,1589.14,1405.85,14.62,21.61,553.11,2388.04,9077.78,1.3,47.49,521.97,2388.05,8152.77,8.4136,0.03,392,2388,100.0,38.93,23.3257
47,149,0.0017,-0.0004,100.0,518.67,642.25,1589.77,1402.6,14.62,21.61,553.58,2388.07,9076.72,1.3,47.37,521.38,2388.02,8153.24,8.4267,0.03,392,2388,100.0,38.93,23.2946
47,150,-0.0039,-0.0005,100.0,518.67,642.83,1588.18,1405.4,14.62,21.61,553.71,2388.08,9066.87,1.3,47.4,521.81,2388.12,8157.84,8.4068,0.03,393,2388,100.0,38.91,23.2845
47,151,-0.0,0.0,100.0,518.67,642.57,1590.14,1404.79,14.62,21.61,553.86,2388.05,9081.54,1.3,47.58,521.63,2388.04,8154.54,8.4609,0.03,394,2388,100.0,38.84,23.257
47,152,-0.0029,0.0,100.0,518.67,642.14,1591.49,1401.36,14.62,21.61,553.87,2388.09,9074.22,1.3,47.47,521.46,2388.1,8158.18,8.4696,0.03,393,2388,100.0,38.96,23.2933
47,153,-0.0023,-0.0003,100.0,518.67,642.39,1591.33,1415.96,14.62,21.61,553.52,2388.09,9085.46,1.3,47.51,521.52,2388.08,8153.71,8.4527,0.03,394,2388,100.0,38.88,23.2103
47,154,-0.0028,0.0002,100.0,518.67,642.71,1591.36,1412.01,14.62,21.61,552.89,2388.11,9073.82,1.3,47.61,521.37,2388.08,8155.33,8.422,0.03,393,2388,100.0,38.57,23.3289
47,155,0.0013,-0.0002,100.0,518.67,643.1,1586.7,1414.5,14.62,21.61,553.91,2388.07,9074.98,1.3,47.41,521.71,2388.13,8154.09,8.4319,0.03,393,2388,100.0,38.95,23.2409
47,156,-0.001,-0.0002,100.0,518.67,642.45,1588.64,1413.24,14.62,21.61,553.14,2388.07,9076.75,1.3,47.47,521.47,2388.05,8157.32,8.4409,0.03,393,2388,100.0,38.88,23.2812
47,157,0.0041,0.0004,100.0,518.67,642.78,1585.01,1407.19,14.62,21.61,552.97,2388.04,9069.95,1.3,47.59,521.75,2388.08,8155.52,8.4509,0.03,392,2388,100.0,38.83,23.2543
47,158,-0.0007,0.0002,100.0,518.67,643.21,1590.29,1411.36,14.62,21.61,553.15,2388.13,9075.93,1.3,47.67,520.98,2388.06,8156.42,8.4395,0.03,395,2388,100.0,38.63,23.2164
47,159,0.0015,0.0003,100.0,518.67,642.53,1592.17,1412.21,14.62,21.61,552.96,2388.07,9079.76,1.3,47.47,521.36,2388.1,8157.53,8.4692,0.03,394,2388,100.0,38.91,23.3325
47,160,-0.0014,-0.0004,100.0,518.67,642.49,1591.0,1405.85,14.62,21.61,554.0,2388.03,9076.05,1.3,47.63,521.41,2388.05,8154.31,8.4644,0.03,393,2388,100.0,38.86,23.3992
47,161,0.0029,0.0001,100.0,518.67,642.75,1595.15,1403.99,14.62,21.61,553.33,2388.1,9078.76,1.3,47.41,521.64,2388.05,8160.76,8.4428,0.03,393,2388,100.0,38.9,23.3298
47,162,0.0023,-0.0004,100.0,518.67,643.19,1596.5,1410.46,14.62,21.61,553.45,2388.03,9079.58,1.3,47.66,520.77,2388.0,8152.64,8.4377,0.03,395,2388,100.0,38.84,23.3044
47,163,-0.0013,0.0,100.0,518.67,642.68,1595.57,1403.14,14.62,21.61,553.09,2388.09,9078.05,1.3,47.55,521.34,2388.08,8156.38,8.4496,0.03,395,2388,100.0,38.77,23.2309
47,164,-0.0023,-0.0003,100.0,518.67,643.57,1590.89,1415.32,14.62,21.61,553.16,2388.08,9082.87,1.3,47.56,520.83,2388.08,8155.72,8.4377,0.03,393,2388,100.0,38.61,23.2545
47,165,0.0011,0.0002,100.0,518.67,642.63,1595.56,1417.79,14.62,21.61,553.23,2388.02,9081.83,1.3,47.55,521.29,2388.14,8152.71,8.4393,0.03,394,2388,100.0,38.8,23.307
47,166,-0.0011,-0.0004,100.0,518.67,642.87,1591.43,1409.8,14.62,21.61,553.94,2388.07,9080.28,1.3,47.56,520.99,2388.06,8156.58,8.4713,0.03,394,2388,100.0,38.74,23.2342
47,167,-0.0001,-0.0004,100.0,518.67,643.15,1591.64,1407.03,14.62,21.61,553.16,2388.07,9080.98,1.3,47.58,521.24,2388.06,8155.54,8.465,0.03,393,2388,100.0,38.79,23.2483
47,168,0.0006,0.0003,100.0,518.67,641.92,1589.02,1420.46,14.62,21.61,553.09,2388.08,9078.34,1.3,47.47,521.1,2388.11,8154.13,8.4305,0.03,393,2388,100.0,38.78,23.2023
47,169,-0.0033,-0.0003,100.0,518.67,643.02,1597.23,1409.48,14.62,21.61,553.16,2388.08,9083.5,1.3,47.64,520.78,2388.1,8154.99,8.4721,0.03,395,2388,100.0,38.81,23.2177
47,170,0.0016,0.0001,100.0,518.67,643.0,1590.81,1409.65,14.62,21.61,553.36,2388.09,9080.44,1.3,47.78,521.02,2388.13,8153.74,8.4712,0.03,393,2388,100.0,38.73,23.2731
47,171,-0.0006,-0.0002,100.0,518.67,642.69,1592.59,1411.85,14.62,21.61,552.99,2388.09,9087.05,1.3,47.81,520.96,2388.08,8159.45,8.4754,0.03,393,2388,100.0,38.83,23.2605
47,172,-0.0002,0.0002,100.0,518.67,642.83,1593.27,1420.82,14.62,21.61,553.78,2388.13,9082.22,1.3,47.45,521.33,2388.13,8157.24,8.451,0.03,394,2388,100.0,38.68,23.2224
47,173,0.0016,0.0001,100.0,518.67,642.76,1589.72,1408.5,14.62,21.61,553.34,2388.13,9081.05,1.3,47.74,520.91,2388.15,8162.29,8.4554,0.03,394,2388,100.0,38.73,23.2698
47,174,-0.0022,-0.0001,100.0,518.67,642.73,1603.82,1416.84,14.62,21.61,552.8,2388.15,9079.87,1.3,47.76,521.26,2388.11,8159.03,8.4522,0.03,394,2388,100.0,38.56,23.2984
47,175,0.0003,0.0003,100.0,518.67,643.37,1586.66,1414.65,14.62,21.61,553.24,2388.1,9085.55,1.3,47.58,521.35,2388.12,8158.32,8.4785,0.03,394,2388,100.0,38.7,23.2637
47,176,0.0053,-0.0001,100.0,518.67,643.2,1588.0,1412.74,14.62,21.61,552.13,2388.1,9085.48,1.3,47.72,521.35,2388.09,8166.33,8.42,0.03,394,2388,100.0,38.66,23.2887
47,177,0.0038,-0.0004,100.0,518.67,642.59,1591.89,1410.96,14.62,21.61,553.62,2388.09,9085.37,1.3,47.61,520.94,2388.07,8160.6,8.4529,0.03,394,2388,100.0,38.85,23.2514
47,178,-0.0026,-0.0001,100.0,518.67,643.0,1589.3,1419.35,14.62,21.61,553.41,2388.14,9088.07,1.3,47.62,520.75,2388.14,8156.23,8.4533,0.03,394,2388,100.0,38.94,23.2409
47,179,-0.003,0.0001,100.0,518.67,642.74,1599.01,1409.71,14.62,21.61,553.03,2388.08,9090.19,1.3,47.63,520.79,2388.08,8157.31,8.4837,0.03,395,2388,100.0,38.69,23.209
47,180,-0.0035,0.0,100.0,518.67,643.11,1595.48,1413.38,14.62,21.61,552.52,2388.12,9084.74,1.3,47.77,520.74,2388.08,8164.71,8.4831,0.03,393,2388,100.0,38.71,23.1991
47,181,-0.0035,0.0003,100.0,518.67,643.25,1596.7,1412.54,14.62,21.61,553.07,2388.14,9086.48,1.3,47.79,521.43,2388.1,8159.96,8.4695,0.03,394,2388,100.0,38.6,23.1514
47,182,-0.0009,-0.0002,100.0,518.67,642.92,1602.84,1415.35,14.62,21.61,553.25,2388.06,9084.66,1.3,47.49,520.93,2388.1,8166.77,8.4275,0.03,393,2388,100.0,38.58,23.2178
47,183,0.0021,0.0002,100.0,518.67,643.47,1593.24,1417.87,14.62,21.61,552.85,2388.09,9085.92,1.3,47.66,520.93,2388.11,8161.27,8.5075,0.03,394,2388,100.0,38.59,23.1667
47,184,-0.0004,0.0001,100.0,518.67,643.28,1600.34,1414.17,14.62,21.61,552.55,2388.12,9085.1,1.3,47.69,520.88,2388.16,8163.05,8.4681,0.03,395,2388,100.0,38.84,23.2984
47,185,0.0012,0.0002,100.0,518.67,643.2,1589.6,1414.65,14.62,21.61,551.68,2388.13,9089.57,1.3,47.75,520.79,2388.15,8164.77,8.4672,0.03,395,2388,100.0,38.78,23.1398
47,186,0.0007,-0.0002,100.0,518.67,643.03,1597.18,1420.9,14.62,21.61,552.53,2388.12,9091.74,1.3,47.85,521.16,2388.11,8167.18,8.4665,0.03,395,2388,100.0,38.77,23.2148
47,187,0.0031,0.0001,100.0,518.67,643.1,1591.92,1415.94,14.62,21.61,553.11,2388.14,9098.16,1.3,47.59,520.74,2388.14,8164.27,8.4654,0.03,393,2388,100.0,38.78,23.1375
47,188,-0.0004,-0.0002,100.0,518.67,642.79,1594.86,1422.6,14.62,21.61,553.14,2388.07,9092.04,1.3,47.87,520.79,2388.14,8160.44,8.4657,0.03,395,2388,100.0,38.85,23.1549
47,189,-0.0017,-0.0003,100.0,518.67,643.6,1588.23,1416.07,14.62,21.61,552.74,2388.14,9093.48,1.3,47.7,521.0,2388.12,8166.76,8.4749,0.03,395,2388,100.0,38.62,23.1605
47,190,0.0029,0.0002,100.0,518.67,642.58,1599.1,1417.1,14.62,21.61,552.37,2388.12,9092.34,1.3,47.81,520.86,2388.11,8164.87,8.4962,0.03,394,2388,100.0,38.65,23.1856
47,191,-0.0004,-0.0005,100.0,518.67,642.93,1599.84,1410.03,14.62,21.61,552.82,2388.21,9088.84,1.3,47.76,520.75,2388.11,8164.28,8.4839,0.03,395,2388,100.0,38.69,23.1444
47,192,-0.0016,0.0004,100.0,518.67,643.23,1597.43,1419.79,14.62,21.61,552.3,2388.15,9084.48,1.3,47.8,520.11,2388.15,8171.67,8.4801,0.03,395,2388,100.0,38.64,23.1599
47,193,-0.0013,0.0002,100.0,518.67,643.8,1603.73,1415.5,14.62,21.61,552.46,2388.09,9087.06,1.3,47.77,521.01,2388.11,8167.32,8.4949,0.03,394,2388,100.0,38.58,23.1101
47,194,0.0038,-0.0002,100.0,518.67,643.52,1595.3,1425.64,14.62,21.61,552.76,2388.09,9089.81,1.3,47.96,519.99,2388.11,8163.51,8.5068,0.03,396,2388,100.0,38.53,23.1098
47,195,0.0058,0.0002,100.0,518.67,643.19,1599.61,1422.83,14.62,21.61,553.11,2388.12,9101.84,1.3,47.77,520.73,2388.06,8165.6,8.4709,0.03,393,2388,100.0,38.77,23.0628
47,196,-0.0009,-0.0002,100.0,518.67,643.63,1597.71,1417.23,14.62,21.61,552.88,2388.21,9094.9,1.3,47.94,520.67,2388.12,8165.74,8.4911,0.03,396,2388,100.0,38.58,23.1176
47,197,0.0036,-0.0004,100.0,518.67,642.95,1605.33,1419.36,14.62,21.61,551.5,2388.13,9099.43,1.3,47.81,520.44,2388.13,8167.15,8.4904,0.03,396,2388,100.0,38.61,23.1407
47,198,-0.002,-0.0005,100.0,518.67,642.75,1595.13,1424.51,14.62,21.61,552.03,2388.15,9086.83,1.3,48.02,520.39,2388.13,8165.76,8.4854,0.03,395,2388,100.0,38.65,23.1176
47,199,0.0052,0.0004,100.0,518.67,643.28,1599.02,1424.43,14.62,21.61,552.16,2388.16,9092.46,1.3,48.01,520.28,2388.15,8165.48,8.4941,0.03,394,2388,100.0,38.62,23.0752
47,200,-0.0,0.0003,100.0,518.67,643.08,1596.65,1426.1,14.62,21.61,551.53,2388.17,9094.81,1.3,48.03,519.99,2388.15,8171.1,8.5028,0.03,396,2388,100.0,38.49,23.0787
47,201,0.0004,-0.0005,100.0,518.67,643.6,1593.02,1415.24,14.62,21.61,552.42,2388.19,9096.77,1.3,48.04,520.53,2388.15,8171.36,8.4752,0.03,395,2388,100.0,38.68,23.1646
47,202,-0.005,0.0004,100.0,518.67,643.1,1600.95,1422.52,14.62,21.61,552.08,2388.14,9098.73,1.3,48.07,520.49,2388.2,8170.05,8.4844,0.03,395,2388,100.0,38.66,22.9843
47,203,0.0032,-0.0003,100.0,518.67,643.41,1593.11,1426.57,14.62,21.61,552.11,2388.12,9096.51,1.3,47.84,520.43,2388.2,8171.3,8.5001,0.03,396,2388,100.0,38.49,23.0978
47,204,0.0032,-0.0004,100.0,518.67,642.93,1604.59,1436.65,14.62,21.61,551.42,2388.17,9094.7,1.3,48.13,520.23,2388.15,8167.8,8.5228,0.03,395,2388,100.0,38.68,23.1709
47,205,-0.0069,-0.0001,100.0,518.67,643.65,1604.96,1426.06,14.62,21.61,552.2,2388.16,9100.79,1.3,47.98,520.43,2388.15,8173.16,8.5473,0.03,396,2388,100.0,38.56,23.191
47,206,-0.002,0.0001,100.0,518.67,643.19,1598.99,1425.61,14.62,21.61,552.35,2388.16,9098.91,1.3,47.96,520.64,2388.15,8166.29,8.4887,0.03,396,2388,100.0,38.42,23.0552
47,207,-0.0024,-0.0003,100.0,518.67,643.31,1605.32,1426.49,14.62,21.61,551.04,2388.18,9099.45,1.3,48.13,520.12,2388.23,8176.28,8.5257,0.03,396,2388,100.0,38.36,23.065
47,208,-0.0006,-0.0005,100.0,518.67,644.02,1598.2,1420.91,14.62,21.61,552.08,2388.16,9101.7,1.3,48.12,519.5,2388.19,8174.65,8.53,0.03,397,2388,100.0,38.57,23.1465
47,209,0.0044,-0.0,100.0,518.67,643.22,1597.77,1427.12,14.62,21.61,551.47,2388.19,9109.37,1.3,48.05,520.5,2388.18,8173.07,8.5429,0.03,396,2388,100.0,38.4,23.1393
47,210,-0.0015,0.0001,100.0,518.67,643.78,1606.28,1422.21,14.62,21.61,551.76,2388.2,9109.62,1.3,48.0,519.87,2388.2,8174.55,8.5324,0.03,396,2388,100.0,38.52,23.107
47,211,-0.0006,-0.0005,100.0,518.67,642.96,1605.71,1433.16,14.62,21.61,551.77,2388.2,9097.78,1.3,48.14,520.18,2388.21,8173.23,8.4635,0.03,396,2388,100.0,38.25,23.0423
47,212,-0.0021,0.0004,100.0,518.67,643.4,1600.06,1427.67,14.62,21.61,551.63,2388.24,9110.6,1.3,47.97,520.55,2388.23,8171.29,8.5209,0.03,396,2388,100.0,38.53,23.0345
47,213,-0.0015,-0.0003,100.0,518.67,643.9,1604.52,1422.89,14.62,21.61,551.93,2388.21,9109.27,1.3,48.23,520.18,2388.23,8176.56,8.527,0.03,397,2388,100.0,38.59,22.965
47,214,0.0032,-0.0001,100.0,518.67,643.5,1602.64,1433.3,14.62,21.61,551.7,2388.21,9107.27,1.3,48.28,519.72,2388.22,8176.36,8.5238,0.03,395,2388,100.0,38.48,23.1299
49,1,0.0019,0.0002,100.0,518.67,642.31,1595.57,1401.2,14.62,21.61,553.33,2388.12,9041.44,1.3,47.52,521.72,2388.12,8128.95,8.419,0.03,394,2388,100.0,38.87,23.3481
49,2,-0.0023,0.0001,100.0,518.67,642.37,1583.9,1400.51,14.62,21.61,553.25,2388.1,9044.2,1.3,47.54,521.68,2388.12,8121.26,8.4351,0.03,392,2388,100.0,38.62,23.229
49,3,-0.0014,0.0002,100.0,518.67,643.07,1588.82,1408.52,14.62,21.61,553.36,2388.14,9044.87,1.3,47.51,521.15,2388.14,8126.3,8.4225,0.03,392,2388,100.0,38.77,23.2212
49,4,0.0014,-0.0004,100.0,518.67,642.74,1589.17,1410.89,14.62,21.61,553.59,2388.13,9044.73,1.3,47.3,521.25,2388.1,8130.1,8.4122,0.03,393,2388,100.0,38.9,23.1871
49,5,-0.0018,0.0004,100.0,518.67,642.67,1597.75,1406.88,14.62,21.61,553.22,2388.06,9038.16,1.3,47.42,521.43,2388.1,8118.92,8.4456,0.03,393,2388,100.0,38.79,23.2603
49,6,-0.0052,-0.0003,100.0,518.67,642.48,1591.5,1406.92,14.62,21.61,553.69,2388.14,9038.0,1.3,47.53,522.11,2388.17,8128.21,8.4061,0.03,392,2388,100.0,38.8,23.3882
49,7,0.0024,-0.0002,100.0,518.67,642.79,1586.42,1403.15,14.62,21.61,553.81,2388.04,9042.66,1.3,47.42,521.31,2388.09,8125.82,8.4086,0.03,392,2388,100.0,38.79,23.2537
49,8,0.0032,0.0002,100.0,518.67,642.84,1583.72,1402.64,14.62,21.61,553.39,2388.14,9052.53,1.3,47.39,521.24,2388.08,8121.69,8.415,0.03,393,2388,100.0,38.85,23.3083
49,9,-0.001,0.0001,100.0,518.67,642.54,1589.21,1408.57,14.62,21.61,553.43,2388.13,9048.25,1.3,47.6,521.3,2388.13,8129.77,8.4307,0.03,392,2388,100.0,38.84,23.2707
49,10,0.0001,0.0001,100.0,518.67,642.1,1582.51,1402.66,14.62,21.61,553.28,2388.08,9045.12,1.3,47.44,521.48,2388.12,8129.52,8.4286,0.03,394,2388,100.0,38.91,23.21
49,11,-0.0026,0.0003,100.0,518.67,642.65,1586.08,1406.77,14.62,21.61,553.89,2388.11,9041.0,1.3,47.44,521.85,2388.1,8127.82,8.4157,0.03,392,2388,100.0,38.85,23.3905
49,12,-0.0016,0.0002,100.0,518.67,641.96,1591.5,1404.06,14.62,21.61,553.66,2388.16,9036.62,1.3,47.56,521.78,2388.1,8124.51,8.386,0.03,392,2388,100.0,38.89,23.3118
49,13,-0.0025,-0.0004,100.0,518.67,642.66,1584.42,1389.68,14.62,21.61,552.93,2388.1,9050.28,1.3,47.52,521.87,2388.14,8123.05,8.4244,0.03,393,2388,100.0,39.14,23.2094
49,14,0.0011,-0.0003,100.0,518.67,642.46,1582.09,1412.11,14.62,21.61,554.38,2388.09,9050.1,1.3,47.63,521.81,2388.13,8121.3,8.4668,0.03,391,2388,100.0,38.76,23.3011
49,15,-0.0027,0.0001,100.0,518.67,642.69,1586.17,1406.92,14.62,21.61,553.34,2388.11,9052.51,1.3,47.59,521.24,2388.1,8127.6,8.42,0.03,395,2388,100.0,38.78,23.2952
49,16,0.0003,-0.0004,100.0,518.67,642.53,1588.85,1405.52,14.62,21.61,553.11,2388.13,9050.71,1.3,47.38,522.02,2388.08,8122.41,8.4268,0.03,393,2388,100.0,38.87,23.4287
49,17,0.0011,-0.0002,100.0,518.67,642.56,1593.82,1410.71,14.62,21.61,553.73,2388.12,9043.58,1.3,47.46,521.83,2388.13,8129.76,8.441,0.03,392,2388,100.0,38.85,23.2939
49,18,-0.0001,-0.0005,100.0,518.67,642.75,1593.13,1406.56,14.62,21.61,553.37,2388.1,9047.39,1.3,47.6,521.63,2388.18,8124.01,8.3984,0.03,393,2388,100.0,38.94,23.1498
49,19,0.0,0.0001,100.0,518.67,642.42,1581.02,1396.56,14.62,21.61,552.79,2388.13,9052.51,1.3,47.44,521.78,2388.11,8121.95,8.4266,0.03,392,2388,100.0,38.82,23.2514
49,20,-0.0021,-0.0,100.0,518.67,642.7,1586.6,1406.91,14.62,21.61,553.45,2388.16,9047.83,1.3,47.56,521.66,2388.14,8134.64,8.4143,0.03,393,2388,100.0,38.77,23.2923
49,21,0.0001,0.0003,100.0,518.67,642.28,1597.79,1401.38,14.62,21.61,553.74,2388.08,9038.49,1.3,47.41,521.62,2388.11,8127.2,8.4262,0.03,393,2388,100.0,38.84,23.3315
49,22,0.0028,-0.0005,100.0,518.67,642.91,1588.33,1404.09,14.62,21.61,553.31,2388.12,9054.22,1.3,47.52,521.65,2388.12,8125.94,8.4206,0.03,393,2388,100.0,38.84,23.2878
49,23,0.0013,-0.0002,100.0,518.67,642.27,1588.82,1408.5,14.62,21.61,553.57,2388.15,9035.05,1.3,47.2,521.44,2388.13,8128.59,8.4183,0.03,394,2388,100.0,38.89,23.3006
49,24,0.001,-0.0001,100.0,518.67,643.54,1581.77,1408.63,14.62,21.61,553.81,2388.1,9043.09,1.3,47.44,521.03,2388.08,8121.02,8.4238,0.03,393,2388,100.0,38.63,23.2887
49,25,0.0023,-0.0002,100.0,518.67,643.03,1590.76,1404.64,14.62,21.61,553.99,2388.08,9049.72,1.3,47.51,521.42,2388.11,8124.23,8.4059,0.03,391,2388,100.0,38.76,23.368
49,26,-0.0005,-0.0002,100.0,518.67,642.17,1589.64,1408.56,14.62,21.61,553.42,2388.09,9042.85,1.3,47.56,521.78,2388.1,8120.35,8.4198,0.03,392,2388,100.0,38.89,23.3934
49,27,-0.0007,0.0004,100.0,518.67,642.41,1592.51,1409.84,14.62,21.61,553.69,2388.13,9046.1,1.3,47.49,521.6,2388.13,8122.99,8.4303,0.03,392,2388,100.0,38.94,23.2167
49,28,-0.0007,0.0003,100.0,518.67,642.25,1584.27,1405.18,14.62,21.61,553.62,2388.1,9049.57,1.3,47.39,521.82,2388.1,8123.05,8.426,0.03,393,2388,100.0,38.91,23.3103
49,29,0.0004,0.0001,100.0,518.67,643.17,1589.79,1411.59,14.62,21.61,553.16,2388.16,9041.75,1.3,47.53,521.31,2388.1,8118.11,8.416,0.03,394,2388,100.0,39.05,23.3732
49,30,-0.0006,0.0002,100.0,518.67,642.59,1584.97,1402.61,14.62,21.61,553.21,2388.08,9041.51,1.3,47.31,521.58,2388.1,8125.89,8.4391,0.03,393,2388,100.0,38.78,23.2756
49,31,0.0001,-0.0003,100.0,518.67,642.51,1589.2,1403.36,14.62,21.61,553.46,2388.14,9041.32,1.3,47.37,521.06,2388.12,8124.1,8.4114,0.03,393,2388,100.0,38.74,23.3764
49,32,-0.0014,-0.0002,100.0,518.67,642.93,1589.06,1409.03,14.62,21.61,552.88,2388.17,9042.04,1.3,47.71,521.37,2388.14,8127.59,8.3945,0.03,392,2388,100.0,38.87,23.2173
49,33,-0.002,0.0002,100.0,518.67,642.05,1590.63,1408.19,14.62,21.61,553.32,2388.12,9042.16,1.3,47.69,521.32,2388.15,8123.6,8.4585,0.03,394,2388,100.0,38.9,23.2626
49,34,-0.0006,-0.0001,100.0,518.67,642.65,1593.91,1404.79,14.62,21.61,553.29,2388.11,9042.22,1.3,47.41,521.56,2388.13,8118.93,8.4204,0.03,393,2388,100.0,38.84,23.3675
49,35,-0.0008,-0.0004,100.0,518.67,643.45,1590.74,1404.67,14.62,21.61,553.56,2388.12,9045.23,1.3,47.24,521.99,2388.08,8129.16,8.4142,0.03,393,2388,100.0,39.04,23.1894
49,36,0.0038,0.0003,100.0,518.67,641.9,1591.63,1404.88,14.62,21.61,553.57,2388.12,9042.5,1.3,47.51,521.43,2388.14,8123.04,8.4674,0.03,393,2388,100.0,38.95,23.2955
49,37,-0.0006,0.0001,100.0,518.67,642.49,1592.13,1408.03,14.62,21.61,554.29,2388.14,9049.26,1.3,47.55,521.51,2388.14,8127.96,8.4318,0.03,393,2388,100.0,38.95,23.2534
49,38,0.0014,-0.0005,100.0,518.67,642.64,1583.5,1409.77,14.62,21.61,553.69,2388.07,9049.03,1.3,47.63,521.5,2388.09,8125.54,8.419,0.03,393,2388,100.0,38.75,23.3002
49,39,-0.0023,-0.0002,100.0,518.67,642.39,1582.69,1404.45,14.62,21.61,553.25,2388.1,9041.99,1.3,47.55,521.35,2388.11,8126.35,8.4512,0.03,393,2388,100.0,38.77,23.3319
49,40,-0.0009,0.0002,100.0,518.67,642.29,1585.78,1410.14,14.62,21.61,553.36,2388.14,9041.12,1.3,47.45,521.5,2388.15,8121.9,8.4687,0.03,393,2388,100.0,38.75,23.3071
49,41,0.0041,-0.0002,100.0,518.67,642.77,1589.44,1411.41,14.62,21.61,553.92,2388.12,9046.19,1.3,47.42,521.86,2388.09,8122.96,8.4625,0.03,393,2388,100.0,38.87,23.303
49,42,-0.0029,-0.0004,100.0,518.67,642.81,1591.09,1401.27,14.62,21.61,553.08,2388.1,9039.47,1.3,47.54,521.68,2388.14,8121.85,8.4485,0.03,392,2388,100.0,38.84,23.3008
49,43,0.0007,0.0003,100.0,518.67,642.41,1586.5,1407.63,14.62,21.61,553.37,2388.17,9049.53,1.3,47.56,521.66,2388.08,8127.64,8.3887,0.03,392,2388,100.0,38.88,23.3528
49,44,0.0003,0.0005,100.0,518.67,642.46,1586.31,1410.46,14.62,21.61,552.87,2388.12,9037.6,1.3,47.54,521.43,2388.13,8122.48,8.444,0.03,393,2388,100.0,38.89,23.3859
49,45,0.0016,-0.0,100.0,518.67,642.58,1587.28,1405.66,14.62,21.61,553.57,2388.11,9043.65,1.3,47.6,521.32,2388.13,8128.3,8.4392,0.03,393,2388,100.0,38.71,23.2468
49,46,-0.0006,0.0002,100.0,518.67,642.26,1594.31,1415.29,14.62,21.61,553.98,2388.15,9051.83,1.3,47.69,521.76,2388.11,8127.5,8.4373,0.03,393,2388,100.0,38.87,23.2625
49,47,-0.0044,-0.0005,100.0,518.67,642.58,1592.7,1409.25,14.62,21.61,553.62,2388.14,9045.06,1.3,47.66,521.44,2388.15,8129.1,8.4445,0.03,394,2388,100.0,38.66,23.3348
49,48,-0.0001,0.0004,100.0,518.67,642.32,1585.86,1405.65,14.62,21.61,553.17,2388.11,9042.14,1.3,47.54,521.62,2388.12,8128.5,8.4496,0.03,393,2388,100.0,38.73,23.28
49,49,0.0002,-0.0001,100.0,518.67,642.48,1584.77,1407.57,14.62,21.61,552.98,2388.14,9053.19,1.3,47.51,520.93,2388.08,8121.3,8.4799,0.03,393,2388,100.0,38.98,23.4417
49,50,0.0002,-0.0001,100.0,518.67,642.35,1587.4,1403.72,14.62,21.61,553.53,2388.1,9041.8,1.3,47.54,521.77,2388.13,8125.62,8.4328,0.03,392,2388,100.0,38.81,23.2344
49,51,0.0004,-0.0,100.0,518.67,642.1,1593.78,1404.47,14.62,21.61,553.4,2388.07,9053.36,1.3,47.41,521.54,2388.19,8127.66,8.4382,0.03,392,2388,100.0,38.89,23.3237
49,52,-0.0007,-0.0001,100.0,518.67,642.44,1589.79,1403.74,14.62,21.61,553.18,2388.13,9045.93,1.3,47.48,521.37,2388.14,8126.44,8.3865,0.03,392,2388,100.0,38.98,23.3352
49,53,-0.0024,-0.0004,100.0,518.67,642.09,1593.19,1404.18,14.62,21.61,553.04,2388.11,9044.54,1.3,47.55,521.56,2388.07,8125.56,8.4438,0.03,393,2388,100.0,38.83,23.2421
49,54,-0.0039,-0.0002,100.0,518.67,642.57,1589.47,1403.5,14.62,21.61,553.96,2388.16,9043.73,1.3,47.51,521.4,2388.11,8121.68,8.4498,0.03,393,2388,100.0,38.61,23.2013
49,55,-0.001,0.0004,100.0,518.67,642.66,1593.9,1409.4,14.62,21.61,553.46,2388.11,9049.17,1.3,47.56,521.51,2388.1,8126.9,8.4012,0.03,392,2388,100.0,38.83,23.3161
49,56,0.0003,-0.0003,100.0,518.67,642.43,1595.59,1412.24,14.62,21.61,553.0,2388.1,9039.12,1.3,47.53,521.54,2388.13,8127.94,8.4505,0.03,392,2388,100.0,38.74,23.2486
49,57,0.0025,0.0004,100.0,518.67,642.28,1587.92,1402.66,14.62,21.61,553.35,2388.13,9046.22,1.3,47.69,521.22,2388.12,8123.36,8.4481,0.03,393,2388,100.0,38.7,23.3669
49,58,0.0,0.0001,100.0,518.67,642.95,1592.41,1409.13,14.62,21.61,553.63,2388.1,9045.97,1.3,47.59,521.17,2388.1,8123.16,8.4345,0.03,392,2388,100.0,38.79,23.3413
49,59,-0.0037,0.0004,100.0,518.67,642.43,1589.59,1409.11,14.62,21.61,553.38,2388.09,9046.71,1.3,47.56,522.0,2388.11,8124.28,8.4183,0.03,393,2388,100.0,38.95,23.2474
49,60,-0.0003,-0.0003,100.0,518.67,642.73,1595.22,1402.88,14.62,21.61,554.35,2388.14,9039.75,1.3,47.64,521.22,2388.1,8124.89,8.4686,0.03,393,2388,100.0,38.9,23.2885
49,61,-0.0032,0.0004,100.0,518.67,642.92,1596.38,1410.74,14.62,21.61,552.77,2388.11,9047.97,1.3,47.54,521.35,2388.11,8126.46,8.4509,0.03,393,2388,100.0,38.96,23.3148
49,62,0.0002,0.0004,100.0,518.67,642.92,1594.92,1411.51,14.62,21.61,553.47,2388.13,9048.04,1.3,47.47,521.4,2388.14,8131.26,8.4407,0.03,393,2388,100.0,38.75,23.2271
49,63,0.0034,0.0004,100.0,518.67,642.19,1586.72,1408.98,14.62,21.61,553.33,2388.16,9051.66,1.3,47.56,520.85,2388.18,8128.32,8.456,0.03,393,2388,100.0,38.9,23.2818
49,64,0.0012,0.0002,100.0,518.67,642.73,1602.22,1408.2,14.62,21.61,553.96,2388.16,9039.4,1.3,47.62,521.55,2388.12,8126.21,8.4412,0.03,393,2388,100.0,38.93,23.4138
49,65,-0.0015,0.0002,100.0,518.67,642.33,1594.69,1407.33,14.62,21.61,553.6,2388.14,9048.62,1.3,47.46,521.33,2388.11,8132.0,8.465,0.03,393,2388,100.0,38.8,23.3232
49,66,-0.0008,0.0004,100.0,518.67,642.64,1590.76,1412.31,14.62,21.61,553.46,2388.17,9040.16,1.3,47.66,521.13,2388.18,8124.96,8.456,0.03,393,2388,100.0,38.87,23.3365
49,67,0.0,-0.0001,100.0,518.67,642.05,1583.12,1406.63,14.62,21.61,553.52,2388.12,9041.84,1.3,47.5,521.04,2388.15,8126.01,8.4365,0.03,392,2388,100.0,38.87,23.3682
49,68,0.001,-0.0004,100.0,518.67,643.14,1584.12,1415.83,14.62,21.61,553.32,2388.09,9046.75,1.3,47.33,521.08,2388.1,8127.79,8.4388,0.03,394,2388,100.0,38.66,23.3793
49,69,0.0013,0.0002,100.0,518.67,642.25,1585.18,1405.75,14.62,21.61,553.19,2388.16,9040.0,1.3,47.66,521.72,2388.12,8130.13,8.4297,0.03,393,2388,100.0,38.88,23.3328
49,70,0.0027,0.0001,100.0,518.67,642.89,1587.82,1410.67,14.62,21.61,553.69,2388.11,9042.29,1.3,47.52,521.37,2388.09,8129.79,8.4111,0.03,393,2388,100.0,39.04,23.1984
49,71,0.0027,0.0004,100.0,518.67,642.49,1592.68,1407.86,14.62,21.61,553.57,2388.12,9047.44,1.3,47.47,521.03,2388.12,8127.94,8.4314,0.03,393,2388,100.0,38.57,23.1957
49,72,-0.0012,0.0001,100.0,518.67,642.49,1587.98,1406.75,14.62,21.61,552.73,2388.11,9044.75,1.3,47.47,521.46,2388.12,8122.29,8.4654,0.03,392,2388,100.0,38.76,23.4077
49,73,-0.001,-0.0005,100.0,518.67,642.83,1581.49,1412.9,14.62,21.61,554.19,2388.14,9048.79,1.3,47.43,521.67,2388.12,8125.74,8.4445,0.03,392,2388,100.0,38.73,23.3167
49,74,-0.0,0.0002,100.0,518.67,642.55,1589.2,1417.38,14.62,21.61,553.6,2388.12,9042.44,1.3,47.61,520.96,2388.11,8123.81,8.4489,0.03,394,2388,100.0,38.67,23.3266
49,75,-0.0002,0.0004,100.0,518.67,643.03,1587.12,1406.02,14.62,21.61,553.42,2388.1,9044.13,1.3,47.6,521.05,2388.09,8120.63,8.4288,0.03,392,2388,100.0,38.91,23.259
49,76,-0.0004,-0.0002,100.0,518.67,642.54,1586.46,1412.26,14.62,21.61,552.71,2388.11,9046.56,1.3,47.49,521.44,2388.14,8124.68,8.3922,0.03,393,2388,100.0,38.93,23.2817
49,77,-0.0048,-0.0004,100.0,518.67,642.45,1586.36,1412.17,14.62,21.61,553.44,2388.09,9048.26,1.3,47.43,521.61,2388.11,8128.37,8.4001,0.03,392,2388,100.0,38.83,23.3002
49,78,-0.0011,-0.0002,100.0,518.67,643.28,1596.87,1411.91,14.62,21.61,553.8,2388.11,9047.84,1.3,47.58,521.29,2388.13,8128.24,8.4163,0.03,392,2388,100.0,38.83,23.3029
49,79,-0.0002,-0.0005,100.0,518.67,642.77,1586.31,1406.54,14.62,21.61,553.28,2388.12,9051.13,1.3,47.62,521.26,2388.13,8126.3,8.4311,0.03,394,2388,100.0,38.84,23.2196
49,80,0.0067,-0.0004,100.0,518.67,642.71,1591.58,1411.07,14.62,21.61,553.65,2388.12,9051.04,1.3,47.48,521.19,2388.16,8129.4,8.4636,0.03,392,2388,100.0,39.0,23.2872
49,81,0.0002,0.0001,100.0,518.67,643.05,1596.82,1413.28,14.62,21.61,553.18,2388.14,9050.58,1.3,47.54,521.33,2388.13,8126.03,8.4389,0.03,394,2388,100.0,38.87,23.2843
49,82,-0.0005,0.0002,100.0,518.67,642.71,1587.19,1410.41,14.62,21.61,552.73,2388.13,9041.52,1.3,47.46,520.76,2388.12,8128.21,8.4584,0.03,393,2388,100.0,38.96,23.2967
49,83,0.0013,0.0002,100.0,518.67,642.96,1584.66,1411.53,14.62,21.61,552.86,2388.09,9043.9,1.3,47.72,521.52,2388.08,8130.61,8.4427,0.03,395,2388,100.0,38.64,23.1529
49,84,-0.002,-0.0,100.0,518.67,642.69,1594.57,1409.7,14.62,21.61,554.33,2388.14,9047.11,1.3,47.33,521.36,2388.15,8125.65,8.459,0.03,393,2388,100.0,38.87,23.2499
49,85,-0.0,-0.0003,100.0,518.67,642.75,1594.64,1407.77,14.62,21.61,553.11,2388.12,9033.33,1.3,47.51,521.28,2388.15,8125.84,8.4315,0.03,392,2388,100.0,38.84,23.2652
49,86,-0.0006,0.0002,100.0,518.67,642.9,1587.98,1405.42,14.62,21.61,553.41,2388.08,9046.47,1.3,47.4,521.3,2388.12,8125.6,8.4129,0.03,393,2388,100.0,38.8,23.2511
49,87,0.0023,0.0003,100.0,518.67,642.13,1594.83,1411.49,14.62,21.61,552.99,2388.11,9044.06,1.3,47.55,521.33,2388.09,8128.0,8.4635,0.03,393,2388,100.0,38.84,23.3938
49,88,0.0008,-0.0001,100.0,518.67,642.73,1590.17,1411.61,14.62,21.61,553.02,2388.16,9049.85,1.3,47.53,521.13,2388.14,8128.85,8.43,0.03,392,2388,100.0,38.88,23.24
49,89,-0.0008,0.0,100.0,518.67,642.35,1592.32,1404.61,14.62,21.61,553.79,2388.16,9045.96,1.3,47.49,521.03,2388.15,8127.32,8.3946,0.03,392,2388,100.0,38.92,23.3491
49,90,-0.0032,-0.0004,100.0,518.67,642.55,1598.89,1412.16,14.62,21.61,553.3,2388.12,9037.6,1.3,47.38,521.17,2388.12,8129.22,8.4151,0.03,393,2388,100.0,38.77,23.3834
49,91,-0.0001,0.0002,100.0,518.67,642.89,1594.01,1403.77,14.62,21.61,553.47,2388.15,9042.59,1.3,47.65,521.62,2388.14,8127.79,8.4251,0.03,392,2388,100.0,38.94,23.2363
49,92,-0.002,-0.0005,100.0,518.67,642.65,1584.1,1410.7,14.62,21.61,553.45,2388.14,9050.24,1.3,47.38,521.04,2388.17,8129.8,8.4759,0.03,392,2388,100.0,38.89,23.3538
49,93,-0.0018,0.0001,100.0,518.67,643.02,1593.62,1408.16,14.62,21.61,553.84,2388.13,9037.25,1.3,47.56,521.32,2388.09,8119.21,8.4199,0.03,394,2388,100.0,38.82,23.2435
49,94,-0.0012,-0.0004,100.0,518.67,642.85,1598.51,1404.21,14.62,21.61,553.04,2388.13,9048.32,1.3,47.75,521.34,2388.2,8126.16,8.4564,0.03,393,2388,100.0,38.75,23.2999
49,95,0.0003,-0.0003,100.0,518.67,642.59,1591.74,1404.04,14.62,21.61,553.72,2388.14,9047.75,1.3,47.6,521.34,2388.11,8126.73,8.4596,0.03,393,2388,100.0,38.77,23.38
49,96,0.0003,0.0003,100.0,518.67,642.67,1591.06,1412.07,14.62,21.61,553.03,2388.11,9036.31,1.3,47.53,521.52,2388.12,8127.92,8.4166,0.03,393,2388,100.0,38.77,23.3117
49,97,0.0,0.0003,100.0,518.67,642.85,1590.23,1412.59,14.62,21.61,552.91,2388.16,9041.37,1.3,47.57,520.72,2388.09,8131.0,8.4448,0.03,394,2388,100.0,38.76,23.3442
49,98,0.0022,0.0001,100.0,518.67,642.67,1583.72,1418.35,14.62,21.61,552.75,2388.14,9043.12,1.3,47.76,520.75,2388.14,8130.01,8.4657,0.03,391,2388,100.0,38.76,23.2831
49,99,-0.0025,-0.0005,100.0,518.67,643.3,1589.48,1410.44,14.62,21.61,553.56,2388.17,9046.71,1.3,47.37,521.03,2388.13,8126.91,8.462,0.03,393,2388,100.0,38.86,23.2351
49,100,0.001,-0.0004,100.0,518.67,642.55,1587.58,1408.95,14.62,21.61,552.86,2388.15,9043.91,1.3,47.75,521.48,2388.15,8129.87,8.437,0.03,392,2388,100.0,38.94,23.3381
49,101,-0.0006,0.0003,100.0,518.67,642.64,1584.88,1407.76,14.62,21.61,553.27,2388.15,9044.18,1.3,47.41,520.92,2388.14,8132.73,8.4571,0.03,392,2388,100.0,38.73,23.1751
49,102,0.0019,-0.0002,100.0,518.67,642.21,1595.3,1406.31,14.62,21.61,553.05,2388.16,9032.99,1.3,47.56,521.08,2388.17,8124.37,8.4576,0.03,394,2388,100.0,38.6,23.3487
49,103,-0.0003,-0.0002,100.0,518.67,642.66,1589.73,1408.27,14.62,21.61,552.91,2388.14,9045.1,1.3,47.71,521.13,2388.16,8121.25,8.4765,0.03,394,2388,100.0,38.7,23.2772
49,104,-0.0037,-0.0001,100.0,518.67,642.26,1586.04,1410.59,14.62,21.61,553.53,2388.14,9048.59,1.3,47.53,521.74,2388.09,8123.75,8.4437,0.03,394,2388,100.0,38.75,23.1774
49,105,-0.0011,-0.0003,100.0,518.67,642.7,1594.92,1406.62,14.62,21.61,552.78,2388.15,9051.16,1.3,47.53,521.36,2388.18,8126.92,8.4663,0.03,393,2388,100.0,38.81,23.304
49,106,0.0001,-0.0003,100.0,518.67,643.03,1588.9,1416.69,14.62,21.61,553.77,2388.15,9047.99,1.3,47.61,521.69,2388.1,8126.96,8.4299,0.03,393,2388,100.0,38.71,23.2877
49,107,0.0016,-0.0005,100.0,518.67,642.65,1591.83,1408.18,14.62,21.61,553.26,2388.15,9049.03,1.3,47.61,521.43,2388.09,8128.67,8.4329,0.03,393,2388,100.0,38.78,23.2249
49,108,-0.004,-0.0,100.0,518.67,642.33,1599.75,1405.7,14.62,21.61,552.96,2388.1,9052.15,1.3,47.64,521.66,2388.12,8129.36,8.4277,0.03,395,2388,100.0,38.66,23.2367
49,109,-0.0021,-0.0004,100.0,518.67,642.72,1592.49,1411.15,14.62,21.61,553.02,2388.09,9051.37,1.3,47.64,521.66,2388.12,8123.84,8.4267,0.03,392,2388,100.0,38.79,23.2572
49,110,-0.0011,-0.0004,100.0,518.67,642.73,1589.49,1409.69,14.62,21.61,552.65,2388.17,9051.72,1.3,47.64,521.18,2388.14,8128.52,8.4962,0.03,395,2388,100.0,38.87,23.3109
49,111,0.001,0.0002,100.0,518.67,642.99,1595.28,1407.06,14.62,21.61,552.8,2388.15,9046.09,1.3,47.54,521.33,2388.11,8120.37,8.413,0.03,393,2388,100.0,38.74,23.2977
49,112,-0.0017,0.0002,100.0,518.67,642.75,1592.07,1406.83,14.62,21.61,553.2,2388.14,9039.91,1.3,47.54,521.4,2388.13,8127.48,8.4154,0.03,394,2388,100.0,38.95,23.2976
49,113,-0.0018,-0.0003,100.0,518.67,642.57,1592.95,1411.27,14.62,21.61,553.03,2388.16,9048.12,1.3,47.88,521.2,2388.14,8127.18,8.4695,0.03,394,2388,100.0,38.66,23.3278
49,114,-0.0009,-0.0003,100.0,518.67,642.61,1588.87,1411.2,14.62,21.61,553.28,2388.11,9042.1,1.3,47.68,520.67,2388.11,8124.25,8.4543,0.03,393,2388,100.0,38.61,23.2703
49,115,-0.0016,0.0002,100.0,518.67,643.18,1587.02,1415.31,14.62,21.61,552.99,2388.16,9053.18,1.3,47.61,521.38,2388.11,8126.45,8.4637,0.03,394,2388,100.0,38.8,23.3781
49,116,0.0023,0.0001,100.0,518.67,642.81,1590.1,1405.01,14.62,21.61,552.55,2388.12,9046.42,1.3,47.59,521.09,2388.12,8131.39,8.4257,0.03,394,2388,100.0,38.71,23.3232
49,117,-0.002,-0.0002,100.0,518.67,643.17,1596.81,1407.67,14.62,21.61,553.25,2388.11,9047.39,1.3,47.69,521.35,2388.15,8127.56,8.4291,0.03,393,2388,100.0,38.66,23.2735
49,118,0.0001,0.0003,100.0,518.67,642.89,1588.57,1416.41,14.62,21.61,553.03,2388.16,9047.61,1.3,47.62,521.16,2388.16,8123.12,8.4205,0.03,394,2388,100.0,38.63,23.2938
49,119,-0.0005,0.0002,100.0,518.67,643.1,1583.6,1411.27,14.62,21.61,553.12,2388.13,9050.82,1.3,47.49,521.09,2388.08,8132.66,8.4241,0.03,393,2388,100.0,38.89,23.2403
49,120,-0.0032,-0.0003,100.0,518.67,642.63,1594.69,1410.25,14.62,21.61,553.02,2388.14,9041.05,1.3,47.44,521.15,2388.12,8127.91,8.463,0.03,393,2388,100.0,38.81,23.1605
49,121,0.0041,0.0002,100.0,518.67,642.88,1589.37,1413.19,14.62,21.61,553.43,2388.17,9046.73,1.3,47.62,521.24,2388.16,8125.56,8.4656,0.03,394,2388,100.0,38.84,23.1794
49,122,-0.0015,0.0002,100.0,518.67,642.21,1591.46,1413.56,14.62,21.61,552.96,2388.18,9043.66,1.3,47.72,521.32,2388.15,8126.47,8.4407,0.03,393,2388,100.0,38.98,23.2443
49,123,-0.0005,0.0001,100.0,518.67,642.99,1594.62,1411.09,14.62,21.61,553.06,2388.16,9042.09,1.3,47.77,520.94,2388.13,8128.07,8.4406,0.03,391,2388,100.0,38.71,23.2554
49,124,0.0034,-0.0005,100.0,518.67,642.49,1591.09,1411.18,14.62,21.61,553.0,2388.17,9047.0,1.3,47.64,521.1,2388.14,8118.58,8.4107,0.03,393,2388,100.0,38.78,23.2694
49,125,0.0041,0.0002,100.0,518.67,643.12,1592.99,1409.5,14.62,21.61,552.81,2388.13,9051.87,1.3,47.72,520.89,2388.18,8127.5,8.4489,0.03,392,2388,100.0,38.94,23.2548
49,126,0.0009,-0.0003,100.0,518.67,643.05,1589.8,1403.94,14.62,21.61,552.52,2388.13,9041.95,1.3,47.62,521.25,2388.16,8129.75,8.4692,0.03,394,2388,100.0,38.72,23.321
49,127,0.0032,-0.0,100.0,518.67,642.62,1581.8,1404.83,14.62,21.61,553.01,2388.18,9054.59,1.3,47.51,521.32,2388.17,8133.24,8.4298,0.03,391,2388,100.0,38.81,23.2819
49,128,-0.0022,0.0,100.0,518.67,642.61,1592.03,1417.94,14.62,21.61,553.49,2388.15,9053.44,1.3,47.46,520.77,2388.15,8130.1,8.4433,0.03,394,2388,100.0,38.94,23.2662
49,129,0.0005,0.0003,100.0,518.67,642.86,1583.56,1407.12,14.62,21.61,553.08,2388.08,9047.36,1.3,47.7,521.47,2388.11,8129.5,8.4198,0.03,394,2388,100.0,38.99,23.2648
49,130,-0.0015,-0.0001,100.0,518.67,642.46,1586.31,1408.89,14.62,21.61,552.96,2388.14,9045.11,1.3,47.76,521.69,2388.15,8124.78,8.4593,0.03,393,2388,100.0,38.66,23.2575
49,131,-0.0012,0.0003,100.0,518.67,642.74,1591.85,1415.46,14.62,21.61,552.93,2388.15,9053.6,1.3,47.69,521.08,2388.14,8124.69,8.4677,0.03,394,2388,100.0,38.56,23.2752
49,132,-0.0019,0.0004,100.0,518.67,643.06,1595.34,1415.01,14.62,21.61,553.18,2388.17,9045.07,1.3,47.69,520.77,2388.14,8127.56,8.4841,0.03,394,2388,100.0,38.69,23.2147
49,133,0.0012,-0.0004,100.0,518.67,643.19,1589.07,1408.2,14.62,21.61,553.09,2388.18,9042.2,1.3,47.75,520.72,2388.11,8131.7,8.4609,0.03,395,2388,100.0,38.85,23.4292
49,134,0.0008,-0.0002,100.0,518.67,642.81,1595.47,1418.93,14.62,21.61,552.98,2388.11,9050.85,1.3,47.63,521.16,2388.15,8128.69,8.4287,0.03,394,2388,100.0,38.7,23.3183
49,135,0.0005,0.0002,100.0,518.67,642.85,1589.96,1416.63,14.62,21.61,553.1,2388.18,9054.46,1.3,47.81,520.77,2388.14,8131.06,8.4724,0.03,393,2388,100.0,38.62,23.1865
49,136,-0.0016,0.0005,100.0,518.67,642.89,1590.77,1409.45,14.62,21.61,552.69,2388.14,9050.5,1.3,47.61,521.07,2388.17,8129.08,8.4506,0.03,393,2388,100.0,38.58,23.1275
49,137,0.004,-0.0003,100.0,518.67,643.04,1587.7,1415.05,14.62,21.61,553.39,2388.21,9054.92,1.3,47.43,521.04,2388.14,8127.05,8.4435,0.03,393,2388,100.0,38.73,23.2724
49,138,0.0013,0.0002,100.0,518.67,642.46,1595.26,1408.44,14.62,21.61,552.72,2388.15,9040.01,1.3,47.74,521.28,2388.17,8126.26,8.4309,0.03,394,2388,100.0,38.94,23.3259
49,139,0.0002,0.0001,100.0,518.67,643.15,1591.5,1418.85,14.62,21.61,552.54,2388.14,9049.05,1.3,47.41,520.65,2388.16,8126.78,8.4672,0.03,393,2388,100.0,38.79,23.2748
49,140,0.004,-0.0003,100.0,518.67,642.58,1597.01,1412.54,14.62,21.61,553.18,2388.13,9040.91,1.3,47.71,521.31,2388.15,8127.0,8.4738,0.03,394,2388,100.0,38.86,23.2843
49,141,-0.0021,-0.0001,100.0,518.67,642.95,1587.88,1414.95,14.62,21.61,552.73,2388.18,9048.93,1.3,47.73,521.57,2388.12,8130.77,8.4181,0.03,394,2388,100.0,38.86,23.2873
49,142,-0.0054,0.0002,100.0,518.67,642.83,1592.21,1414.31,14.62,21.61,553.16,2388.15,9051.25,1.3,47.67,521.11,2388.15,8123.56,8.4615,0.03,395,2388,100.0,38.68,23.3007
49,143,-0.0008,-0.0002,100.0,518.67,642.61,1591.78,1419.28,14.62,21.61,553.11,2388.18,9050.0,1.3,47.57,521.25,2388.18,8122.31,8.4429,0.03,393,2388,100.0,38.72,23.277
49,144,0.0033,0.0003,100.0,518.67,643.31,1588.59,1415.31,14.62,21.61,553.4,2388.15,9060.27,1.3,47.63,521.18,2388.11,8127.72,8.4564,0.03,394,2388,100.0,38.73,23.3002
49,145,0.0001,0.0,100.0,518.67,642.58,1597.26,1412.29,14.62,21.61,552.48,2388.18,9052.93,1.3,47.82,520.72,2388.16,8129.65,8.4711,0.03,393,2388,100.0,38.87,23.1744
49,146,-0.0045,0.0002,100.0,518.67,642.83,1588.1,1420.95,14.62,21.61,552.25,2388.22,9039.07,1.3,47.61,520.88,2388.11,8123.06,8.4477,0.03,394,2388,100.0,38.81,23.1877
49,147,-0.0037,-0.0002,100.0,518.67,643.06,1583.77,1413.08,14.62,21.61,552.65,2388.11,9047.69,1.3,47.68,521.1,2388.12,8131.24,8.4503,0.03,394,2388,100.0,38.8,23.2493
49,148,-0.0005,-0.0004,100.0,518.67,643.71,1599.8,1419.15,14.62,21.61,552.58,2388.2,9046.98,1.3,47.95,521.08,2388.19,8130.93,8.4635,0.03,395,2388,100.0,38.7,23.1896
49,149,0.0014,0.0002,100.0,518.67,642.32,1595.76,1406.58,14.62,21.61,552.41,2388.19,9049.28,1.3,47.9,521.08,2388.16,8136.89,8.4486,0.03,395,2388,100.0,38.6,23.2546
49,150,0.001,0.0004,100.0,518.67,642.72,1592.9,1411.83,14.62,21.61,552.59,2388.08,9051.37,1.3,47.85,521.08,2388.14,8128.52,8.4784,0.03,392,2388,100.0,38.93,23.2818
49,151,0.0009,0.0001,100.0,518.67,642.37,1601.61,1407.43,14.62,21.61,552.94,2388.15,9058.66,1.3,47.85,520.32,2388.2,8133.38,8.4571,0.03,394,2388,100.0,38.63,23.3411
49,152,0.0034,0.0004,100.0,518.67,642.93,1587.16,1420.99,14.62,21.61,552.4,2388.18,9050.73,1.3,47.69,521.08,2388.19,8129.14,8.4583,0.03,394,2388,100.0,38.7,23.2323
49,153,-0.0014,-0.0004,100.0,518.67,642.79,1593.76,1415.15,14.62,21.61,552.76,2388.19,9055.13,1.3,47.73,520.69,2388.16,8130.59,8.4366,0.03,393,2388,100.0,38.69,23.2917
49,154,0.0022,-0.0005,100.0,518.67,643.25,1591.43,1412.76,14.62,21.61,553.06,2388.1,9056.91,1.3,47.62,520.88,2388.18,8126.83,8.4506,0.03,394,2388,100.0,38.72,23.3045
49,155,-0.0012,0.0002,100.0,518.67,642.57,1589.48,1415.94,14.62,21.61,552.41,2388.2,9056.28,1.3,47.56,520.8,2388.16,8126.23,8.4653,0.03,394,2388,100.0,38.58,23.1464
49,156,0.0035,0.0004,100.0,518.67,642.79,1594.77,1415.85,14.62,21.61,552.36,2388.16,9049.43,1.3,47.57,521.02,2388.14,8129.05,8.4839,0.03,394,2388,100.0,38.91,23.2816
49,157,0.0008,-0.0004,100.0,518.67,642.49,1594.0,1413.11,14.62,21.61,552.13,2388.2,9054.69,1.3,47.79,521.0,2388.16,8129.94,8.4936,0.03,394,2388,100.0,38.56,23.2103
49,158,0.0006,0.0003,100.0,518.67,642.93,1596.7,1414.66,14.62,21.61,552.06,2388.22,9051.37,1.3,47.68,520.69,2388.22,8131.77,8.4817,0.03,394,2388,100.0,38.54,23.2619
49,159,0.0002,-0.0001,100.0,518.67,642.86,1592.2,1421.05,14.62,21.61,552.51,2388.18,9050.99,1.3,47.77,520.57,2388.14,8129.5,8.5062,0.03,393,2388,100.0,38.5,23.1741
49,160,-0.0013,0.0004,100.0,518.67,643.1,1587.88,1412.96,14.62,21.61,552.02,2388.25,9052.9,1.3,47.64,521.21,2388.2,8127.27,8.508,0.03,395,2388,100.0,38.69,23.2708
49,161,-0.0017,-0.0005,100.0,518.67,643.71,1597.09,1418.8,14.62,21.61,552.93,2388.15,9050.53,1.3,47.65,520.74,2388.12,8134.53,8.4427,0.03,395,2388,100.0,38.8,23.2943
49,162,-0.004,-0.0005,100.0,518.67,643.02,1594.63,1420.69,14.62,21.61,552.44,2388.2,9047.74,1.3,47.85,521.1,2388.12,8128.47,8.5198,0.03,395,2388,100.0,38.6,23.2265
49,163,0.0027,0.0,100.0,518.67,642.71,1596.12,1410.52,14.62,21.61,552.35,2388.19,9051.36,1.3,47.83,520.16,2388.15,8128.56,8.4981,0.03,397,2388,100.0,38.58,23.1522
49,164,-0.0001,-0.0001,100.0,518.67,643.16,1593.52,1413.06,14.62,21.61,552.35,2388.19,9046.93,1.3,47.68,520.31,2388.15,8130.87,8.4667,0.03,396,2388,100.0,38.59,23.1956
49,165,-0.0012,-0.0004,100.0,518.67,642.99,1598.2,1418.34,14.62,21.61,552.74,2388.19,9049.8,1.3,47.83,521.08,2388.23,8128.97,8.4564,0.03,394,2388,100.0,38.87,23.243
49,166,0.0003,-0.0005,100.0,518.67,642.91,1596.27,1420.58,14.62,21.61,552.5,2388.16,9050.45,1.3,47.71,520.46,2388.21,8130.96,8.4702,0.03,394,2388,100.0,38.56,23.2507
49,167,0.0012,-0.0004,100.0,518.67,643.04,1591.8,1419.46,14.62,21.61,552.12,2388.19,9051.71,1.3,47.71,520.88,2388.16,8131.52,8.459,0.03,395,2388,100.0,38.68,23.1924
49,168,0.001,0.0002,100.0,518.67,642.28,1594.04,1425.86,14.62,21.61,552.43,2388.17,9052.42,1.3,47.92,520.87,2388.16,8129.73,8.4911,0.03,396,2388,100.0,38.83,23.1747
49,169,0.0,0.0002,100.0,518.67,642.95,1588.35,1417.26,14.62,21.61,552.52,2388.21,9061.9,1.3,48.01,520.53,2388.18,8126.88,8.4834,0.03,393,2388,100.0,38.73,23.1119
49,170,0.0004,0.0001,100.0,518.67,642.7,1596.33,1422.19,14.62,21.61,552.91,2388.21,9053.78,1.3,47.77,520.9,2388.17,8129.07,8.4831,0.03,395,2388,100.0,38.72,23.2716
49,171,-0.0049,-0.0005,100.0,518.67,643.1,1595.11,1414.76,14.62,21.61,551.87,2388.19,9060.23,1.3,47.77,520.71,2388.19,8135.33,8.4644,0.03,394,2388,100.0,38.76,23.1836
49,172,-0.0016,-0.0004,100.0,518.67,643.32,1600.19,1421.2,14.62,21.61,552.88,2388.14,9052.9,1.3,47.94,521.22,2388.16,8135.55,8.4647,0.03,395,2388,100.0,38.73,23.1155
49,173,0.0007,0.0002,100.0,518.67,643.48,1600.94,1420.94,14.62,21.61,552.87,2388.17,9057.8,1.3,47.77,520.57,2388.16,8137.76,8.4889,0.03,394,2388,100.0,38.66,23.2022
49,174,0.002,-0.0003,100.0,518.67,643.27,1594.78,1418.93,14.62,21.61,551.79,2388.14,9043.21,1.3,47.62,520.46,2388.18,8127.84,8.4934,0.03,396,2388,100.0,38.57,23.2351
49,175,-0.0009,-0.0002,100.0,518.67,642.88,1598.03,1418.26,14.62,21.61,552.78,2388.2,9059.3,1.3,47.82,520.72,2388.21,8135.73,8.5106,0.03,395,2388,100.0,38.68,23.1267
49,176,-0.0015,0.0003,100.0,518.67,643.02,1594.53,1423.65,14.62,21.61,552.3,2388.2,9048.46,1.3,47.91,519.94,2388.22,8133.65,8.5042,0.03,393,2388,100.0,38.55,23.1877
49,177,0.0039,0.0,100.0,518.67,643.4,1600.06,1416.9,14.62,21.61,552.38,2388.16,9054.13,1.3,47.78,520.3,2388.19,8130.69,8.4835,0.03,396,2388,100.0,38.62,23.1796
49,178,-0.0023,0.0003,100.0,518.67,643.01,1599.47,1417.26,14.62,21.61,552.19,2388.21,9059.67,1.3,47.79,520.85,2388.25,8134.91,8.4558,0.03,396,2388,100.0,38.62,23.1078
49,179,-0.0019,-0.0004,100.0,518.67,643.2,1595.24,1417.57,14.62,21.61,553.12,2388.16,9056.85,1.3,47.99,520.52,2388.18,8131.84,8.4878,0.03,394,2388,100.0,38.37,23.1942
49,180,0.0033,-0.0002,100.0,518.67,643.66,1591.83,1412.99,14.62,21.61,552.72,2388.19,9057.07,1.3,47.81,520.4,2388.21,8132.12,8.4653,0.03,394,2388,100.0,38.6,23.2724
49,181,-0.0006,-0.0003,100.0,518.67,642.75,1592.99,1417.27,14.62,21.61,551.94,2388.2,9057.15,1.3,47.75,520.66,2388.2,8132.71,8.5031,0.03,394,2388,100.0,38.67,23.2777
49,182,-0.0006,-0.0003,100.0,518.67,643.19,1602.6,1427.34,14.62,21.61,551.73,2388.22,9055.67,1.3,47.96,519.91,2388.25,8130.44,8.4748,0.03,394,2388,100.0,38.62,23.0867
49,183,0.004,0.0002,100.0,518.67,642.75,1591.31,1411.85,14.62,21.61,552.4,2388.18,9050.45,1.3,47.94,520.32,2388.21,8132.37,8.4982,0.03,396,2388,100.0,38.5,23.1203
49,184,0.0003,-0.0002,100.0,518.67,642.9,1591.54,1420.59,14.62,21.61,552.0,2388.18,9050.76,1.3,47.87,520.21,2388.18,8133.46,8.5173,0.03,395,2388,100.0,38.61,23.0887
49,185,-0.0027,0.0001,100.0,518.67,642.74,1596.08,1417.62,14.62,21.61,551.74,2388.2,9052.72,1.3,47.91,520.01,2388.22,8134.66,8.5033,0.03,394,2388,100.0,38.53,23.2249
49,186,0.0047,0.0004,100.0,518.67,642.97,1597.13,1417.4,14.62,21.61,551.98,2388.24,9060.69,1.3,47.81,520.91,2388.19,8132.57,8.515,0.03,396,2388,100.0,38.62,23.0599
49,187,-0.0017,-0.0004,100.0,518.67,643.46,1598.97,1414.84,14.62,21.61,553.18,2388.21,9045.13,1.3,47.78,520.28,2388.2,8128.3,8.4991,0.03,396,2388,100.0,38.53,23.2028
49,188,-0.0008,0.0001,100.0,518.67,642.66,1589.6,1422.8,14.62,21.61,551.43,2388.23,9055.23,1.3,47.95,520.73,2388.21,8126.41,8.4925,0.03,395,2388,100.0,38.39,23.0949
49,189,0.0041,-0.0003,100.0,518.67,642.79,1595.15,1420.13,14.62,21.61,552.06,2388.21,9056.74,1.3,48.02,520.37,2388.21,8133.96,8.4859,0.03,395,2388,100.0,38.58,23.2186
49,190,-0.0006,-0.0004,100.0,518.67,642.74,1600.09,1418.94,14.62,21.61,551.23,2388.21,9059.53,1.3,47.96,520.76,2388.18,8129.27,8.4972,0.03,395,2388,100.0,38.56,23.1198
49,191,0.0028,0.0001,100.0,518.67,643.79,1592.77,1428.35,14.62,21.61,552.3,2388.27,9059.27,1.3,47.82,520.13,2388.23,8128.91,8.4903,0.03,395,2388,100.0,38.63,23.1865
49,192,0.0,0.0004,100.0,518.67,642.7,1598.82,1425.99,14.62,21.61,552.05,2388.24,9061.41,1.3,48.0,520.68,2388.19,8132.5,8.5033,0.03,394,2388,100.0,38.61,23.2251
49,193,-0.0026,0.0003,100.0,518.67,643.75,1600.14,1423.97,14.62,21.61,551.95,2388.17,9056.58,1.3,47.94,520.37,2388.24,8133.98,8.5273,0.03,394,2388,100.0,38.61,23.1785
49,194,0.0017,0.0004,100.0,518.67,643.25,1594.99,1428.22,14.62,21.61,551.89,2388.23,9062.39,1.3,48.06,519.78,2388.23,8130.56,8.4601,0.03,395,2388,100.0,38.66,23.0321
49,195,-0.0026,-0.0001,100.0,518.67,643.82,1604.4,1427.23,14.62,21.61,551.28,2388.21,9051.67,1.3,48.03,519.93,2388.27,8134.37,8.4918,0.03,397,2388,100.0,38.56,23.0371
49,196,0.0027,0.0001,100.0,518.67,643.29,1593.68,1424.58,14.62,21.61,551.78,2388.23,9058.21,1.3,48.0,520.37,2388.19,8130.95,8.4966,0.03,393,2388,100.0,38.55,23.2057
49,197,0.0018,-0.0003,100.0,518.67,643.44,1600.98,1428.75,14.62,21.61,551.58,2388.24,9064.1,1.3,48.15,520.32,2388.2,8136.18,8.5141,0.03,395,2388,100.0,38.44,23.1146
49,198,-0.0013,-0.0004,100.0,518.67,643.59,1598.16,1426.73,14.62,21.61,551.21,2388.22,9048.48,1.3,48.17,520.02,2388.28,8132.28,8.5064,0.03,396,2388,100.0,38.66,23.1804
49,199,0.0039,-0.0005,100.0,518.67,643.91,1594.75,1425.14,14.62,21.61,552.13,2388.22,9060.4,1.3,47.92,519.61,2388.21,8138.68,8.4862,0.03,394,2388,100.0,38.55,23.1165
49,200,-0.0006,-0.0001,100.0,518.67,643.4,1597.43,1425.16,14.62,21.61,551.23,2388.21,9059.56,1.3,48.11,519.85,2388.23,8134.52,8.4963,0.03,395,2388,100.0,38.39,23.1005
49,201,-0.0013,-0.0003,100.0,518.67,643.55,1600.32,1423.72,14.62,21.61,552.66,2388.28,9058.26,1.3,47.92,520.29,2388.21,8133.05,8.4657,0.03,396,2388,100.0,38.55,23.1569
49,202,-0.0033,-0.0004,100.0,518.67,643.26,1599.96,1435.41,14.62,21.61,551.41,2388.22,9053.91,1.3,48.11,520.21,2388.26,8134.46,8.5148,0.03,396,2388,100.0,38.63,23.1576
49,203,0.001,0.0002,100.0,518.67,643.58,1596.89,1424.97,14.62,21.61,551.76,2388.25,9059.28,1.3,48.01,520.1,2388.22,8130.69,8.5472,0.03,397,2388,100.0,38.57,23.014
49,204,-0.0024,-0.0003,100.0,518.67,643.64,1590.75,1423.68,14.62,21.61,551.43,2388.25,9070.09,1.3,48.1,519.26,2388.22,8134.48,8.5561,0.03,396,2388,100.0,38.55,23.1325
49,205,0.0022,-0.0002,100.0,518.67,642.99,1603.6,1425.09,14.62,21.61,551.9,2388.22,9052.1,1.3,47.99,519.77,2388.24,8132.84,8.5413,0.03,395,2388,100.0,38.64,23.065
49,206,0.0004,0.0,100.0,518.67,643.48,1603.09,1426.65,14.62,21.61,552.05,2388.27,9058.6,1.3,48.31,519.85,2388.22,8132.4,8.5527,0.03,397,2388,100.0,38.55,22.9967
49,207,0.0033,-0.0,100.0,518.67,643.72,1596.69,1423.79,14.62,21.61,551.2,2388.26,9063.43,1.3,48.18,519.41,2388.25,8132.4,8.508,0.03,397,2388,100.0,38.57,23.0009
49,208,-0.0001,-0.0002,100.0,518.67,643.2,1594.51,1431.92,14.62,21.61,551.96,2388.22,9064.43,1.3,48.23,520.1,2388.19,8128.08,8.5142,0.03,396,2388,100.0,38.5,23.136
49,209,0.0029,-0.0004,100.0,518.67,644.08,1604.93,1418.24,14.62,21.61,551.75,2388.3,9062.54,1.3,47.95,519.6,2388.32,8135.96,8.4972,0.03,396,2388,100.0,38.5,23.1663
49,210,0.0012,0.0003,100.0,518.67,643.57,1596.47,1433.41,14.62,21.61,551.49,2388.26,9056.83,1.3,48.12,519.7,2388.21,8132.69,8.4965,0.03,397,2388,100.0,38.64,23.1973
49,211,-0.0034,-0.0005,100.0,518.67,643.48,1605.85,1433.55,14.62,21.61,551.37,2388.34,9061.58,1.3,48.16,519.72,2388.29,8139.93,8.5333,0.03,396,2388,100.0,38.44,23.1226
49,212,-0.0002,-0.0005,100.0,518.67,643.34,1598.92,1428.57,14.62,21.61,551.34,2388.22,9065.34,1.3,48.03,519.88,2388.29,8134.67,8.5116,0.03,396,2388,100.0,38.5,23.1368
49,213,-0.0024,-0.0002,100.0,518.67,643.8,1597.25,1428.56,14.62,21.61,551.71,2388.24,9065.19,1.3,48.26,519.54,2388.28,8137.82,8.5363,0.03,397,2388,100.0,38.45,23.0635
49,214,0.0002,0.0001,100.0,518.67,643.64,1599.32,1427.87,14.62,21.61,550.97,2388.31,9069.14,1.3,48.16,519.02,2388.29,8133.65,8.5176,0.03,396,2388,100.0,38.46,23.1829
49,215,0.0026,-0.0005,100.0,518.67,644.2,1593.84,1433.24,14.62,21.61,550.72,2388.26,9058.19,1.3,48.26,519.25,2388.3,8138.39,8.5046,0.03,396,2388,100.0,38.46,23.0171
53,1,-0.002,-0.0003,100.0,518.67,642.33,1589.39,1407.73,14.62,21.61,554.42,2388.09,9065.54,1.3,47.47,522.14,2388.1,8146.36,8.4451,0.03,392,2388,100.0,38.91,23.2416
53,2,0.0026,-0.0001,100.0,518.67,642.65,1586.85,1407.05,14.62,21.61,553.99,2388.06,9064.74,1.3,47.32,522.29,2388.07,8141.85,8.4543,0.03,392,2388,100.0,38.74,23.5065
53,3,-0.0016,-0.0003,100.0,518.67,641.7,1583.06,1397.92,14.62,21.61,553.97,2388.0,9055.57,1.3,47.34,521.9,2388.05,8138.86,8.4192,0.03,392,2388,100.0,38.87,23.3221
53,4,-0.0007,0.0003,100.0,518.67,642.52,1584.19,1402.41,14.62,21.61,553.77,2388.07,9063.3,1.3,47.34,521.6,2388.06,8138.48,8.4328,0.03,392,2388,100.0,38.86,23.427
53,5,0.0008,-0.0003,100.0,518.67,642.41,1587.38,1400.73,14.62,21.61,553.94,2388.03,9057.34,1.3,47.43,521.75,2388.02,8138.52,8.3914,0.03,393,2388,100.0,38.92,23.3399
53,6,0.0001,-0.0001,100.0,518.67,642.45,1588.68,1398.73,14.62,21.61,554.03,2388.08,9053.5,1.3,47.37,521.87,2388.12,8140.44,8.4392,0.03,392,2388,100.0,39.13,23.3291
53,7,-0.0039,-0.0,100.0,518.67,642.76,1585.02,1400.97,14.62,21.61,553.84,2388.06,9067.56,1.3,47.31,521.68,2388.05,8142.13,8.4197,0.03,392,2388,100.0,38.93,23.4027
53,8,0.0008,0.0001,100.0,518.67,642.19,1586.23,1399.29,14.62,21.61,554.26,2388.09,9059.63,1.3,47.48,521.81,2388.07,8140.29,8.4079,0.03,392,2388,100.0,39.05,23.3508
53,9,-0.0005,-0.0,100.0,518.67,642.7,1582.96,1401.05,14.62,21.61,554.15,2388.06,9057.86,1.3,47.42,522.11,2388.04,8137.18,8.4343,0.03,392,2388,100.0,38.98,23.3708
53,10,-0.0007,-0.0002,100.0,518.67,642.49,1584.81,1401.99,14.62,21.61,554.14,2388.01,9067.05,1.3,47.38,522.22,2388.06,8140.04,8.4194,0.03,393,2388,100.0,38.94,23.3621
53,11,-0.0018,-0.0005,100.0,518.67,642.22,1583.8,1403.49,14.62,21.61,554.0,2388.02,9064.52,1.3,47.15,522.08,2388.05,8139.59,8.3929,0.03,391,2388,100.0,38.77,23.3473
53,12,0.0016,0.0005,100.0,518.67,641.87,1590.68,1403.76,14.62,21.61,553.73,2388.0,9062.78,1.3,47.42,522.35,2388.05,8140.31,8.4422,0.03,391,2388,100.0,39.09,23.4389
53,13,-0.0022,0.0004,100.0,518.67,642.17,1595.97,1407.32,14.62,21.61,553.84,2388.05,9052.96,1.3,47.38,521.92,2388.08,8140.89,8.3914,0.03,392,2388,100.0,38.85,23.4165
53,14,0.0036,-0.0001,100.0,518.67,642.14,1579.92,1403.23,14.62,21.61,553.46,2388.05,9056.61,1.3,47.53,522.04,2388.06,8143.19,8.4731,0.03,393,2388,100.0,39.03,23.4137
53,15,-0.0022,0.0004,100.0,518.67,642.56,1587.85,1401.8,14.62,21.61,554.13,2388.03,9060.89,1.3,47.18,522.4,2388.03,8140.65,8.4304,0.03,393,2388,100.0,39.19,23.3667
53,16,-0.0025,-0.0001,100.0,518.67,642.53,1580.18,1402.35,14.62,21.61,553.59,2388.05,9057.94,1.3,47.45,522.22,2388.06,8140.54,8.4048,0.03,392,2388,100.0,38.9,23.4223
53,17,0.001,0.0003,100.0,518.67,642.6,1587.78,1397.58,14.62,21.61,553.68,2388.13,9064.49,1.3,47.36,522.23,2388.04,8146.08,8.4069,0.03,394,2388,100.0,38.87,23.413
53,18,0.0016,0.0002,100.0,518.67,642.17,1593.15,1403.15,14.62,21.61,553.93,2388.05,9062.66,1.3,47.46,521.79,2388.07,8132.49,8.4432,0.03,393,2388,100.0,38.85,23.3182
53,19,0.0019,-0.0001,100.0,518.67,642.65,1583.6,1404.34,14.62,21.61,554.05,2388.07,9059.08,1.3,47.53,521.77,2388.06,8142.39,8.4088,0.03,392,2388,100.0,38.91,23.4
53,20,-0.0005,0.0005,100.0,518.67,642.8,1591.1,1401.42,14.62,21.61,553.37,2388.08,9060.61,1.3,47.31,522.12,2388.02,8143.12,8.4107,0.03,393,2388,100.0,39.01,23.3917
53,21,0.0001,0.0001,100.0,518.67,642.52,1586.83,1395.11,14.62,21.61,553.99,2388.04,9061.02,1.3,47.37,522.24,2388.08,8141.38,8.4084,0.03,393,2388,100.0,38.94,23.344
53,22,0.0004,-0.0001,100.0,518.67,641.9,1587.96,1403.71,14.62,21.61,553.31,2388.07,9062.64,1.3,47.45,521.76,2388.02,8140.2,8.4549,0.03,391,2388,100.0,38.96,23.2755
53,23,0.0023,0.0004,100.0,518.67,642.61,1585.59,1402.46,14.62,21.61,553.8,2388.05,9059.24,1.3,47.39,521.71,2388.03,8140.34,8.4261,0.03,393,2388,100.0,38.81,23.4494
53,24,0.001,0.0001,100.0,518.67,642.54,1590.73,1409.08,14.62,21.61,553.73,2388.08,9060.44,1.3,47.47,521.6,2388.05,8135.1,8.4626,0.03,394,2388,100.0,38.84,23.3491
53,25,-0.0019,-0.0003,100.0,518.67,642.74,1583.09,1408.11,14.62,21.61,553.66,2388.03,9068.35,1.3,47.39,521.76,2388.04,8143.61,8.4221,0.03,392,2388,100.0,38.96,23.2925
53,26,-0.0029,-0.0004,100.0,518.67,642.46,1585.87,1399.51,14.62,21.61,553.91,2388.03,9064.76,1.3,47.43,521.94,2388.04,8143.51,8.4352,0.03,392,2388,100.0,39.06,23.3651
53,27,0.0041,0.0001,100.0,518.67,642.45,1580.47,1404.09,14.62,21.61,553.62,2388.03,9056.23,1.3,47.51,521.86,2388.06,8141.92,8.4066,0.03,392,2388,100.0,38.92,23.3085
53,28,0.005,-0.0001,100.0,518.67,642.58,1590.89,1404.78,14.62,21.61,553.79,2388.12,9055.96,1.3,47.37,521.99,2388.06,8143.09,8.4273,0.03,392,2388,100.0,38.84,23.3255
53,29,-0.0002,-0.0003,100.0,518.67,642.09,1590.18,1406.27,14.62,21.61,554.06,2388.1,9062.46,1.3,47.52,521.81,2387.99,8136.68,8.3914,0.03,392,2388,100.0,39.01,23.3982
53,30,0.0026,-0.0001,100.0,518.67,642.37,1588.81,1407.05,14.62,21.61,554.48,2388.07,9061.41,1.3,47.38,522.09,2388.08,8144.91,8.4022,0.03,392,2388,100.0,38.99,23.296
53,31,-0.0011,-0.0002,100.0,518.67,642.24,1586.54,1401.94,14.62,21.6,553.37,2388.07,9057.65,1.3,47.38,521.68,2388.06,8136.94,8.4212,0.03,391,2388,100.0,38.96,23.3953
53,32,0.0012,0.0003,100.0,518.67,642.33,1587.83,1400.34,14.62,21.61,553.17,2388.07,9057.79,1.3,47.44,521.31,2387.98,8138.54,8.4097,0.03,392,2388,100.0,38.83,23.2882
53,33,-0.003,-0.0,100.0,518.67,642.11,1585.96,1401.5,14.62,21.61,553.59,2388.04,9063.9,1.3,47.31,521.78,2388.04,8137.23,8.4329,0.03,392,2388,100.0,38.81,23.3623
53,34,-0.0033,0.0002,100.0,518.67,642.65,1585.09,1409.02,14.62,21.61,554.64,2388.02,9068.72,1.3,47.36,521.12,2388.07,8143.13,8.439,0.03,392,2388,100.0,38.97,23.445
53,35,-0.0029,-0.0003,100.0,518.67,642.37,1584.34,1402.66,14.62,21.61,553.91,2388.04,9062.4,1.3,47.32,521.62,2388.06,8140.04,8.4361,0.03,392,2388,100.0,39.01,23.3309
53,36,0.0038,0.0,100.0,518.67,642.32,1592.96,1408.17,14.62,21.61,553.67,2388.08,9053.45,1.3,47.24,522.08,2388.04,8137.98,8.4265,0.03,391,2388,100.0,38.95,23.3724
53,37,0.0026,0.0004,100.0,518.67,642.4,1589.56,1407.75,14.62,21.61,553.64,2388.06,9063.68,1.3,47.41,521.89,2388.05,8145.79,8.4056,0.03,393,2388,100.0,38.83,23.4553
53,38,0.003,0.0,100.0,518.67,642.08,1592.01,1399.76,14.62,21.61,553.77,2388.07,9062.64,1.3,47.41,522.28,2388.04,8141.03,8.4077,0.03,391,2388,100.0,38.87,23.3572
53,39,0.0008,0.0004,100.0,518.67,642.89,1588.75,1403.05,14.62,21.61,553.67,2388.1,9059.72,1.3,47.48,522.06,2388.08,8146.96,8.3639,0.03,393,2388,100.0,38.87,23.3097
53,40,0.0008,-0.0001,100.0,518.67,642.32,1589.66,1403.58,14.62,21.61,554.27,2388.03,9066.58,1.3,47.55,521.56,2388.04,8136.0,8.4324,0.03,391,2388,100.0,38.89,23.3813
53,41,-0.0013,0.0005,100.0,518.67,642.32,1591.26,1402.52,14.62,21.61,554.48,2388.05,9054.05,1.3,47.39,521.95,2388.07,8140.15,8.4321,0.03,392,2388,100.0,38.91,23.3865
53,42,0.0013,0.0002,100.0,518.67,642.26,1587.45,1405.02,14.62,21.61,553.1,2388.06,9063.27,1.3,47.38,522.09,2388.06,8141.78,8.3915,0.03,391,2388,100.0,38.92,23.315
53,43,0.0027,0.0005,100.0,518.67,642.96,1590.48,1408.62,14.62,21.61,553.67,2388.07,9060.8,1.3,47.21,521.88,2388.07,8144.56,8.4173,0.03,393,2388,100.0,38.9,23.4905
53,44,-0.0027,-0.0002,100.0,518.67,643.41,1592.38,1396.65,14.62,21.61,553.89,2388.1,9062.26,1.3,47.53,521.72,2388.04,8143.21,8.4282,0.03,391,2388,100.0,38.95,23.3288
53,45,0.0004,0.0004,100.0,518.67,641.79,1586.09,1403.7,14.62,21.61,553.82,2388.05,9062.88,1.3,47.28,522.23,2388.03,8138.64,8.3641,0.03,391,2388,100.0,38.73,23.4475
53,46,0.0013,-0.0001,100.0,518.67,642.17,1585.53,1400.26,14.62,21.61,553.45,2388.06,9060.16,1.3,47.51,521.56,2388.06,8137.7,8.4349,0.03,393,2388,100.0,38.78,23.3843
53,47,-0.0001,-0.0,100.0,518.67,642.77,1584.68,1404.72,14.62,21.61,553.59,2388.05,9061.08,1.3,47.36,521.93,2388.08,8135.36,8.4227,0.03,392,2388,100.0,38.82,23.3819
53,48,0.0021,0.0003,100.0,518.67,642.36,1588.1,1402.17,14.62,21.6,554.29,2388.09,9059.12,1.3,47.3,521.89,2388.02,8143.47,8.4071,0.03,392,2388,100.0,38.93,23.3574
53,49,0.0025,0.0004,100.0,518.67,642.52,1589.92,1401.57,14.62,21.61,554.27,2388.12,9061.55,1.3,47.43,521.76,2388.06,8141.58,8.4436,0.03,394,2388,100.0,38.8,23.2958
53,50,-0.0029,-0.0002,100.0,518.67,642.3,1583.21,1400.47,14.62,21.6,554.09,2388.05,9066.75,1.3,47.37,521.66,2387.99,8142.71,8.412,0.03,391,2388,100.0,38.88,23.3694
53,51,-0.0014,-0.0005,100.0,518.67,642.55,1590.24,1407.33,14.62,21.61,553.97,2388.07,9063.05,1.3,47.25,521.91,2388.14,8142.94,8.4244,0.03,392,2388,100.0,39.04,23.4124
53,52,0.0031,-0.0002,100.0,518.67,642.41,1592.82,1399.7,14.62,21.61,553.55,2388.07,9069.62,1.3,47.46,521.69,2388.08,8139.75,8.4019,0.03,392,2388,100.0,38.93,23.2233
53,53,0.0062,0.0001,100.0,518.67,642.75,1598.02,1405.6,14.62,21.61,553.64,2388.07,9065.73,1.3,47.36,522.17,2388.06,8137.61,8.441,0.03,393,2388,100.0,38.82,23.3437
53,54,-0.0019,0.0005,100.0,518.67,642.79,1584.54,1398.43,14.62,21.61,553.58,2388.06,9062.75,1.3,47.46,522.03,2388.05,8138.16,8.4285,0.03,392,2388,100.0,38.86,23.4542
53,55,0.0031,0.0003,100.0,518.67,642.67,1592.11,1406.87,14.62,21.61,554.14,2388.08,9061.96,1.3,47.35,521.04,2388.08,8147.12,8.4057,0.03,392,2388,100.0,39.03,23.3498
53,56,-0.0028,0.0005,100.0,518.67,642.24,1592.0,1407.28,14.62,21.61,553.86,2388.07,9062.89,1.3,47.37,521.9,2388.09,8144.9,8.412,0.03,393,2388,100.0,38.72,23.3746
53,57,-0.0009,0.0002,100.0,518.67,641.98,1581.24,1398.28,14.62,21.61,553.59,2388.03,9066.27,1.3,47.52,522.12,2388.03,8147.9,8.3917,0.03,395,2388,100.0,38.8,23.3231
53,58,0.001,0.0005,100.0,518.67,642.9,1595.09,1401.57,14.62,21.61,554.2,2388.07,9067.38,1.3,47.45,521.8,2388.04,8149.0,8.4625,0.03,394,2388,100.0,38.94,23.3368
53,59,-0.0035,0.0002,100.0,518.67,642.57,1590.82,1402.28,14.62,21.61,554.04,2388.06,9063.4,1.3,47.51,521.69,2388.07,8141.76,8.4625,0.03,392,2388,100.0,38.96,23.3725
53,60,0.0006,-0.0004,100.0,518.67,642.67,1592.16,1410.95,14.62,21.61,553.52,2388.05,9062.9,1.3,47.33,521.76,2388.05,8138.47,8.4645,0.03,392,2388,100.0,38.83,23.416
53,61,-0.003,-0.0003,100.0,518.67,642.73,1592.11,1407.31,14.62,21.61,553.88,2388.13,9061.37,1.3,47.28,521.71,2388.09,8140.45,8.472,0.03,394,2388,100.0,38.99,23.4569
53,62,0.0001,0.0004,100.0,518.67,642.78,1586.26,1403.0,14.62,21.61,554.02,2388.08,9060.22,1.3,47.44,521.69,2388.05,8139.27,8.4158,0.03,393,2388,100.0,38.77,23.243
53,63,0.0007,0.0001,100.0,518.67,642.57,1584.07,1401.63,14.62,21.61,553.18,2388.04,9066.16,1.3,47.42,521.9,2388.1,8144.21,8.4335,0.03,394,2388,100.0,38.84,23.3984
53,64,0.0045,-0.0001,100.0,518.67,642.37,1583.46,1408.07,14.62,21.61,553.38,2388.07,9065.92,1.3,47.34,521.64,2388.03,8144.66,8.4185,0.03,393,2388,100.0,38.84,23.4021
53,65,-0.0011,0.0001,100.0,518.67,642.21,1590.83,1403.41,14.62,21.61,553.78,2388.03,9058.46,1.3,47.3,521.87,2388.0,8140.95,8.4264,0.03,393,2388,100.0,38.98,23.2507
53,66,0.0024,-0.0002,100.0,518.67,642.7,1589.4,1403.22,14.62,21.61,554.05,2388.08,9062.89,1.3,47.34,521.66,2388.12,8136.21,8.4331,0.03,392,2388,100.0,38.79,23.275
53,67,-0.0043,-0.0002,100.0,518.67,642.99,1590.4,1405.79,14.62,21.61,554.06,2388.07,9063.3,1.3,47.43,521.98,2388.03,8147.6,8.436,0.03,392,2388,100.0,38.65,23.3821
53,68,0.0025,0.0005,100.0,518.67,642.52,1587.8,1398.04,14.62,21.61,554.47,2388.06,9064.4,1.3,47.35,521.31,2388.0,8140.67,8.4144,0.03,392,2388,100.0,38.93,23.3725
53,69,-0.0028,0.0004,100.0,518.67,642.68,1590.93,1400.3,14.62,21.61,553.84,2388.04,9065.83,1.3,47.36,521.57,2388.05,8142.0,8.4616,0.03,392,2388,100.0,38.74,23.2457
53,70,-0.0002,0.0005,100.0,518.67,642.78,1588.58,1407.24,14.62,21.61,553.88,2388.09,9071.85,1.3,47.59,522.02,2388.07,8142.5,8.4181,0.03,392,2388,100.0,38.82,23.3538
53,71,-0.0002,-0.0003,100.0,518.67,642.69,1589.16,1404.61,14.62,21.61,553.29,2388.07,9058.07,1.3,47.44,521.77,2388.08,8139.74,8.4565,0.03,392,2388,100.0,38.88,23.1929
53,72,-0.0022,-0.0002,100.0,518.67,642.54,1598.75,1401.51,14.62,21.61,554.12,2388.1,9057.56,1.3,47.46,521.81,2388.11,8143.3,8.4469,0.03,391,2388,100.0,38.88,23.1876
53,73,-0.0011,0.0001,100.0,518.67,642.49,1588.8,1412.01,14.62,21.61,554.08,2388.08,9066.95,1.3,47.64,521.33,2388.09,8145.13,8.3923,0.03,392,2388,100.0,38.79,23.3735
53,74,0.0031,-0.0004,100.0,518.67,642.56,1590.85,1409.58,14.62,21.61,553.82,2388.08,9070.88,1.3,47.29,521.69,2388.09,8149.19,8.458,0.03,393,2388,100.0,38.81,23.3089
53,75,-0.0045,0.0004,100.0,518.67,642.35,1585.98,1407.58,14.62,21.61,554.04,2388.11,9065.16,1.3,47.38,522.0,2388.0,8143.67,8.4079,0.03,394,2388,100.0,38.93,23.35
53,76,0.0047,-0.0,100.0,518.67,642.87,1586.4,1408.82,14.62,21.61,554.35,2388.07,9069.67,1.3,47.56,521.43,2388.06,8150.36,8.4113,0.03,393,2388,100.0,38.89,23.3097
53,77,0.0014,-0.0004,100.0,518.67,642.18,1588.19,1401.85,14.62,21.61,553.23,2388.09,9068.67,1.3,47.63,521.84,2388.1,8147.11,8.4027,0.03,393,2388,100.0,38.94,23.2504
53,78,0.0018,0.0004,100.0,518.67,642.59,1589.05,1413.18,14.62,21.61,553.8,2388.07,9063.57,1.3,47.45,522.03,2388.1,8145.26,8.4628,0.03,394,2388,100.0,39.16,23.3414
53,79,0.0008,-0.0002,100.0,518.67,642.38,1585.03,1396.14,14.62,21.61,554.34,2388.08,9057.31,1.3,47.48,522.02,2388.11,8144.83,8.4227,0.03,393,2388,100.0,39.07,23.3337
53,80,-0.0009,-0.0001,100.0,518.67,642.53,1584.9,1410.08,14.62,21.61,554.2,2388.09,9069.25,1.3,47.29,521.74,2388.09,8142.49,8.4569,0.03,393,2388,100.0,38.81,23.2529
53,81,-0.0033,-0.0001,100.0,518.67,642.29,1592.86,1409.75,14.62,21.61,553.93,2388.02,9061.7,1.3,47.44,521.6,2388.05,8142.92,8.4018,0.03,393,2388,100.0,38.9,23.279
53,82,-0.0013,-0.0003,100.0,518.67,642.8,1591.78,1406.89,14.62,21.61,554.18,2388.03,9068.23,1.3,47.4,521.78,2388.03,8149.46,8.4268,0.03,393,2388,100.0,38.99,23.4044
53,83,0.0002,-0.0001,100.0,518.67,642.73,1592.55,1399.88,14.62,21.61,553.24,2388.06,9065.47,1.3,47.25,522.23,2388.06,8153.05,8.4199,0.03,394,2388,100.0,38.84,23.3033
53,84,-0.0023,0.0005,100.0,518.67,642.98,1588.77,1409.45,14.62,21.61,553.11,2388.02,9067.82,1.3,47.45,521.89,2388.12,8144.09,8.4078,0.03,392,2388,100.0,38.95,23.325
53,85,0.0018,0.0003,100.0,518.67,642.59,1586.46,1413.3,14.62,21.61,553.43,2388.05,9062.93,1.3,47.37,521.67,2388.04,8150.38,8.4336,0.03,391,2388,100.0,38.83,23.3325
53,86,0.0022,0.0005,100.0,518.67,642.35,1584.41,1408.09,14.62,21.61,553.51,2388.04,9070.27,1.3,47.52,521.27,2388.03,8149.05,8.4298,0.03,395,2388,100.0,39.13,23.2688
53,87,0.0021,0.0002,100.0,518.67,642.84,1589.9,1411.09,14.62,21.61,553.4,2388.07,9065.4,1.3,47.46,521.79,2388.0,8148.31,8.3996,0.03,392,2388,100.0,38.89,23.3316
53,88,0.0,-0.0004,100.0,518.67,642.19,1592.5,1401.32,14.62,21.61,553.67,2388.07,9076.8,1.3,47.59,521.39,2388.05,8147.16,8.5004,0.03,392,2388,100.0,38.79,23.3815
53,89,-0.0,0.0001,100.0,518.67,642.32,1592.64,1407.6,14.62,21.61,553.54,2388.06,9067.25,1.3,47.47,521.9,2388.08,8143.85,8.4202,0.03,393,2388,100.0,39.1,23.23
53,90,0.0019,-0.0003,100.0,518.67,642.4,1589.2,1409.87,14.62,21.61,553.17,2388.05,9071.08,1.3,47.41,521.23,2388.09,8151.47,8.4204,0.03,392,2388,100.0,38.78,23.3978
53,91,0.0014,-0.0002,100.0,518.67,642.35,1587.43,1405.58,14.62,21.61,553.86,2388.06,9065.47,1.3,47.47,521.51,2388.1,8143.19,8.391,0.03,393,2388,100.0,38.93,23.3352
53,92,0.0009,0.0003,100.0,518.67,642.46,1591.63,1411.44,14.62,21.61,553.26,2388.06,9067.24,1.3,47.39,521.7,2387.97,8150.5,8.4551,0.03,393,2388,100.0,38.8,23.2247
53,93,0.002,0.0004,100.0,518.67,642.96,1585.07,1404.6,14.62,21.61,553.58,2388.06,9072.8,1.3,47.58,521.97,2388.09,8152.12,8.4191,0.03,392,2388,100.0,38.94,23.3221
53,94,-0.0015,0.0,100.0,518.67,642.68,1586.29,1407.85,14.62,21.61,553.53,2388.06,9065.33,1.3,47.52,521.74,2388.07,8148.43,8.4271,0.03,392,2388,100.0,38.95,23.3118
53,95,0.0021,-0.0001,100.0,518.67,642.6,1587.04,1412.84,14.62,21.61,553.75,2388.09,9063.48,1.3,47.48,521.33,2388.05,8149.22,8.4319,0.03,393,2388,100.0,38.93,23.2607
53,96,0.0032,0.0005,100.0,518.67,642.29,1596.43,1408.94,14.62,21.61,552.74,2388.08,9067.48,1.3,47.23,521.07,2388.04,8152.09,8.4288,0.03,394,2388,100.0,38.85,23.3818
53,97,0.0004,0.0005,100.0,518.67,642.35,1581.37,1407.11,14.62,21.61,553.57,2388.12,9061.19,1.3,47.52,522.0,2388.0,8147.66,8.4206,0.03,392,2388,100.0,38.84,23.4626
53,98,0.0034,0.0,100.0,518.67,642.4,1587.2,1410.02,14.62,21.61,553.52,2388.06,9065.54,1.3,47.69,522.19,2388.11,8148.81,8.4192,0.03,393,2388,100.0,38.87,23.2445
53,99,-0.0013,-0.0004,100.0,518.67,642.77,1588.04,1417.45,14.62,21.61,553.14,2388.0,9068.82,1.3,47.55,521.68,2388.04,8150.14,8.4157,0.03,393,2388,100.0,38.99,23.2926
53,100,-0.0003,0.0,100.0,518.67,642.39,1588.38,1407.06,14.62,21.61,553.51,2388.11,9066.92,1.3,47.53,521.66,2388.06,8146.72,8.4548,0.03,393,2388,100.0,38.93,23.3007
53,101,0.0005,-0.0003,100.0,518.67,642.28,1588.93,1399.99,14.62,21.61,554.28,2388.07,9071.11,1.3,47.57,521.28,2388.07,8146.9,8.3977,0.03,394,2388,100.0,38.97,23.253
53,102,0.0029,-0.0003,100.0,518.67,642.77,1587.02,1406.42,14.62,21.61,553.68,2388.08,9066.58,1.3,47.48,521.81,2388.1,8146.76,8.4507,0.03,393,2388,100.0,38.88,23.3409
53,103,-0.0053,0.0003,100.0,518.67,642.62,1593.98,1408.39,14.62,21.61,553.5,2388.1,9070.21,1.3,47.46,521.83,2388.11,8145.96,8.3917,0.03,391,2388,100.0,38.99,23.1898
53,104,-0.0043,-0.0004,100.0,518.67,643.12,1592.45,1401.44,14.62,21.61,554.0,2388.07,9075.11,1.3,47.64,521.8,2388.1,8144.38,8.4157,0.03,393,2388,100.0,38.86,23.3243
53,105,-0.0011,0.0005,100.0,518.67,642.88,1587.68,1400.56,14.62,21.61,553.47,2388.07,9070.05,1.3,47.31,521.43,2388.06,8148.67,8.459,0.03,393,2388,100.0,38.81,23.3184
53,106,-0.0009,-0.0003,100.0,518.67,642.49,1590.96,1406.04,14.62,21.61,553.72,2388.05,9078.13,1.3,47.49,521.39,2388.04,8151.4,8.4405,0.03,391,2388,100.0,38.86,23.2772
53,107,-0.0023,-0.0002,100.0,518.67,642.53,1588.82,1410.21,14.62,21.61,553.64,2388.03,9072.53,1.3,47.47,521.46,2388.06,8147.23,8.4138,0.03,393,2388,100.0,38.83,23.3709
53,108,0.0029,0.0005,100.0,518.67,642.79,1592.31,1409.01,14.62,21.61,552.49,2388.09,9069.27,1.3,47.49,521.53,2388.1,8145.98,8.4583,0.03,394,2388,100.0,38.92,23.3406
53,109,0.0017,0.0004,100.0,518.67,642.13,1590.81,1404.35,14.62,21.61,553.15,2388.08,9066.38,1.3,47.49,521.74,2388.08,8147.23,8.4188,0.03,394,2388,100.0,38.73,23.2951
53,110,0.0012,-0.0002,100.0,518.67,642.55,1585.66,1406.5,14.62,21.61,553.84,2388.09,9070.08,1.3,47.33,521.51,2388.06,8158.06,8.4478,0.03,393,2388,100.0,38.98,23.1763
53,111,-0.003,-0.0004,100.0,518.67,642.57,1589.76,1405.52,14.62,21.61,553.74,2388.12,9072.87,1.3,47.39,521.95,2388.09,8149.77,8.4192,0.03,393,2388,100.0,38.83,23.2521
53,112,-0.0013,0.0001,100.0,518.67,642.91,1591.62,1406.86,14.62,21.61,552.84,2388.05,9076.78,1.3,47.38,521.41,2388.02,8155.85,8.4034,0.03,393,2388,100.0,38.99,23.2997
53,113,0.0001,-0.0,100.0,518.67,642.7,1585.47,1411.99,14.62,21.61,553.64,2388.08,9072.59,1.3,47.43,521.64,2388.07,8153.86,8.4713,0.03,393,2388,100.0,38.75,23.2904
53,114,-0.0034,0.0004,100.0,518.67,642.56,1593.36,1412.76,14.62,21.61,552.38,2388.05,9075.28,1.3,47.55,520.99,2388.04,8154.24,8.4525,0.03,393,2388,100.0,38.79,23.3224
53,115,-0.0015,0.0002,100.0,518.67,642.55,1589.46,1410.6,14.62,21.61,553.3,2388.08,9075.88,1.3,47.34,521.58,2388.04,8155.76,8.4131,0.03,393,2388,100.0,38.81,23.3737
53,116,0.0001,0.0001,100.0,518.67,642.41,1588.68,1403.62,14.62,21.61,553.62,2388.05,9069.22,1.3,47.65,521.79,2388.11,8154.2,8.4153,0.03,393,2388,100.0,38.91,23.2399
53,117,0.0008,0.0002,100.0,518.67,642.7,1593.44,1410.49,14.62,21.61,552.6,2388.07,9073.54,1.3,47.36,521.71,2388.07,8151.63,8.4107,0.03,392,2388,100.0,38.69,23.2592
53,118,-0.0003,-0.0002,100.0,518.67,642.6,1590.73,1403.49,14.62,21.61,553.4,2388.04,9074.92,1.3,47.54,521.66,2388.07,8155.87,8.4134,0.03,391,2388,100.0,39.02,23.3121
53,119,-0.0003,-0.0002,100.0,518.67,642.81,1595.17,1406.6,14.62,21.61,553.1,2388.06,9069.11,1.3,47.58,521.44,2388.06,8155.2,8.4458,0.03,392,2388,100.0,38.85,23.3565
53,120,0.0008,-0.0002,100.0,518.67,642.4,1592.45,1406.24,14.62,21.61,553.56,2388.0,9068.8,1.3,47.39,521.51,2388.04,8153.4,8.4466,0.03,393,2388,100.0,38.8,23.2436
53,121,0.0057,-0.0003,100.0,518.67,642.69,1591.1,1408.57,14.62,21.61,553.35,2388.04,9075.71,1.3,47.58,521.25,2388.02,8155.27,8.4587,0.03,395,2388,100.0,38.79,23.2405
53,122,-0.002,0.0003,100.0,518.67,642.89,1585.09,1407.02,14.62,21.61,552.87,2388.04,9078.9,1.3,47.59,521.75,2388.09,8148.82,8.4502,0.03,393,2388,100.0,38.92,23.3892
53,123,-0.0002,-0.0002,100.0,518.67,643.32,1595.18,1412.45,14.62,21.61,554.14,2388.09,9079.42,1.3,47.51,521.25,2388.1,8157.87,8.4609,0.03,394,2388,100.0,38.69,23.2218
53,124,0.0011,0.0003,100.0,518.67,642.86,1591.25,1410.38,14.62,21.61,552.72,2388.12,9082.77,1.3,47.57,521.64,2388.06,8155.79,8.4602,0.03,395,2388,100.0,38.88,23.2964
53,125,0.0024,0.0002,100.0,518.67,643.2,1587.13,1415.68,14.62,21.61,553.6,2388.09,9079.41,1.3,47.35,521.06,2388.11,8153.55,8.4423,0.03,393,2388,100.0,38.79,23.312
53,126,-0.0011,0.0002,100.0,518.67,642.76,1585.75,1409.78,14.62,21.61,553.34,2388.06,9081.75,1.3,47.57,521.44,2388.07,8158.78,8.4327,0.03,393,2388,100.0,38.85,23.3083
53,127,0.0009,-0.0001,100.0,518.67,642.51,1590.28,1409.54,14.62,21.61,553.08,2388.1,9077.69,1.3,47.67,521.57,2388.06,8156.72,8.4371,0.03,393,2388,100.0,38.87,23.2946
53,128,0.0011,0.0002,100.0,518.67,642.5,1586.28,1410.81,14.62,21.61,553.15,2388.07,9083.56,1.3,47.55,521.44,2388.07,8160.03,8.4094,0.03,394,2388,100.0,38.88,23.294
53,129,-0.003,-0.0005,100.0,518.67,642.6,1586.63,1414.36,14.62,21.61,553.01,2388.05,9081.36,1.3,47.56,521.1,2388.13,8156.7,8.4155,0.03,393,2388,100.0,38.91,23.268
53,130,0.0012,-0.0003,100.0,518.67,642.98,1594.42,1404.66,14.62,21.61,553.51,2388.09,9078.63,1.3,47.5,521.68,2388.11,8154.28,8.4407,0.03,392,2388,100.0,38.68,23.198
53,131,-0.001,0.0004,100.0,518.67,642.17,1591.61,1415.54,14.62,21.61,553.89,2388.11,9084.85,1.3,47.77,521.82,2388.06,8158.51,8.4328,0.03,393,2388,100.0,38.95,23.2396
53,132,0.0032,-0.0001,100.0,518.67,642.64,1583.62,1411.1,14.62,21.61,553.15,2388.08,9078.33,1.3,47.5,521.06,2388.14,8158.36,8.4735,0.03,394,2388,100.0,38.76,23.2222
53,133,0.0023,-0.0003,100.0,518.67,642.47,1592.05,1417.37,14.62,21.61,553.32,2388.07,9075.86,1.3,47.52,521.56,2388.12,8156.08,8.4613,0.03,392,2388,100.0,38.75,23.3671
53,134,-0.0011,0.0002,100.0,518.67,643.11,1595.75,1407.34,14.62,21.61,553.13,2388.11,9083.86,1.3,47.77,522.08,2388.05,8153.67,8.4873,0.03,394,2388,100.0,38.8,23.2528
53,135,-0.0007,-0.0001,100.0,518.67,643.1,1596.3,1409.4,14.62,21.61,553.59,2388.1,9088.85,1.3,47.43,521.71,2388.08,8160.52,8.4147,0.03,393,2388,100.0,38.99,23.23
53,136,0.0046,0.0003,100.0,518.67,642.49,1594.19,1410.97,14.62,21.61,553.3,2388.06,9080.13,1.3,47.65,521.28,2388.06,8159.2,8.4819,0.03,394,2388,100.0,38.71,23.161
53,137,0.0002,0.0,100.0,518.67,642.87,1586.57,1405.96,14.62,21.61,553.64,2388.09,9087.19,1.3,47.53,520.99,2388.08,8159.51,8.4515,0.03,393,2388,100.0,38.79,23.2403
53,138,0.0018,-0.0004,100.0,518.67,642.6,1586.84,1409.79,14.62,21.61,552.87,2388.09,9086.31,1.3,47.62,521.77,2388.08,8162.37,8.4296,0.03,392,2388,100.0,38.73,23.3491
53,139,0.0,-0.0003,100.0,518.67,642.53,1589.31,1417.68,14.62,21.61,554.2,2388.04,9083.32,1.3,47.67,521.34,2388.07,8159.45,8.4686,0.03,393,2388,100.0,38.79,23.3027
53,140,-0.0006,-0.0003,100.0,518.67,642.91,1597.66,1412.49,14.62,21.61,553.33,2388.11,9090.76,1.3,47.47,521.63,2388.09,8161.37,8.4275,0.03,393,2388,100.0,38.77,23.1791
53,141,0.0022,0.0001,100.0,518.67,642.93,1589.98,1407.86,14.62,21.61,553.31,2388.06,9086.53,1.3,47.71,521.69,2388.05,8159.45,8.4758,0.03,393,2388,100.0,38.7,23.1342
53,142,-0.0009,0.0002,100.0,518.67,642.6,1588.17,1413.43,14.62,21.61,553.24,2388.11,9091.36,1.3,47.56,520.79,2388.07,8161.56,8.4894,0.03,394,2388,100.0,38.48,23.2616
53,143,-0.0021,-0.0002,100.0,518.67,642.91,1599.75,1413.82,14.62,21.61,553.25,2388.07,9093.35,1.3,47.75,521.69,2388.06,8170.46,8.4341,0.03,393,2388,100.0,38.65,23.2325
53,144,0.0001,-0.0,100.0,518.67,641.99,1593.98,1410.25,14.62,21.61,552.77,2388.06,9086.84,1.3,47.56,521.35,2388.04,8163.04,8.4509,0.03,393,2388,100.0,38.91,23.2183
53,145,0.0026,-0.0002,100.0,518.67,642.41,1593.01,1413.8,14.62,21.61,552.75,2388.09,9093.91,1.3,47.61,521.4,2388.07,8164.61,8.4206,0.03,394,2388,100.0,38.85,23.3119
53,146,0.002,-0.0003,100.0,518.67,643.13,1595.32,1410.04,14.62,21.61,553.11,2388.1,9083.69,1.3,47.66,521.01,2388.12,8163.57,8.474,0.03,393,2388,100.0,38.77,23.3
53,147,0.0017,-0.0002,100.0,518.67,642.92,1583.95,1409.47,14.62,21.61,553.36,2388.09,9093.05,1.3,47.54,521.71,2388.06,8165.27,8.4745,0.03,394,2388,100.0,38.93,23.2549
53,148,-0.0011,-0.0001,100.0,518.67,642.84,1598.57,1410.03,14.62,21.61,552.84,2388.12,9089.86,1.3,47.73,520.54,2388.04,8165.48,8.4451,0.03,393,2388,100.0,38.65,23.2892
53,149,0.0036,0.0002,100.0,518.67,642.69,1599.77,1412.64,14.62,21.61,552.79,2388.11,9093.92,1.3,47.62,521.31,2388.06,8168.73,8.401,0.03,394,2388,100.0,38.8,23.1392
53,150,-0.001,0.0005,100.0,518.67,643.31,1588.61,1409.39,14.62,21.61,552.84,2388.11,9097.18,1.3,47.63,521.06,2388.09,8167.64,8.4693,0.03,393,2388,100.0,38.78,23.3048
53,151,0.0024,0.0001,100.0,518.67,643.02,1595.37,1421.22,14.62,21.61,552.86,2388.07,9090.85,1.3,47.74,521.06,2388.14,8163.82,8.45,0.03,393,2388,100.0,38.53,23.2231
53,152,0.0042,0.0004,100.0,518.67,642.57,1589.71,1415.53,14.62,21.61,552.68,2388.11,9086.22,1.3,47.57,521.1,2388.09,8171.37,8.4468,0.03,393,2388,100.0,38.68,23.2918
53,153,-0.0004,0.0005,100.0,518.67,643.04,1594.75,1413.13,14.62,21.61,552.62,2388.08,9091.91,1.3,47.74,522.05,2388.08,8171.02,8.4508,0.03,393,2388,100.0,38.6,23.1493
53,154,-0.0022,0.0002,100.0,518.67,643.03,1596.1,1407.29,14.62,21.61,552.74,2388.07,9091.55,1.3,47.68,520.83,2388.12,8169.63,8.4744,0.03,395,2388,100.0,38.75,23.2005
53,155,0.0015,0.0002,100.0,518.67,643.16,1591.2,1418.16,14.62,21.61,552.75,2388.06,9098.02,1.3,47.44,520.72,2388.07,8171.53,8.4991,0.03,394,2388,100.0,38.76,23.2799
53,156,0.0036,-0.0002,100.0,518.67,642.9,1590.62,1410.85,14.62,21.61,552.48,2388.13,9097.5,1.3,47.88,520.9,2388.08,8172.93,8.4536,0.03,394,2388,100.0,38.77,23.1978
53,157,-0.0002,0.0005,100.0,518.67,643.36,1597.67,1401.54,14.62,21.61,553.55,2388.1,9089.41,1.3,47.63,520.21,2388.1,8175.54,8.4476,0.03,396,2388,100.0,38.71,23.2513
53,158,-0.0,-0.0005,100.0,518.67,642.61,1586.39,1414.7,14.62,21.61,552.85,2388.05,9099.79,1.3,47.65,520.6,2388.09,8173.42,8.4535,0.03,393,2388,100.0,38.69,23.2686
53,159,0.0003,-0.0002,100.0,518.67,642.95,1593.91,1414.58,14.62,21.61,553.08,2388.09,9105.79,1.3,47.58,521.51,2388.13,8179.85,8.4829,0.03,393,2388,100.0,38.76,23.2241
53,160,-0.0003,-0.0004,100.0,518.67,642.56,1592.66,1413.14,14.62,21.61,552.25,2388.1,9103.42,1.3,47.75,521.25,2388.12,8179.69,8.4946,0.03,393,2388,100.0,38.71,23.204
53,161,-0.0056,0.0003,100.0,518.67,643.05,1596.4,1415.9,14.62,21.61,552.91,2388.06,9102.95,1.3,47.82,521.05,2388.15,8177.53,8.444,0.03,394,2388,100.0,38.78,23.1837
53,162,-0.0003,0.0002,100.0,518.67,643.39,1589.57,1411.69,14.62,21.61,553.13,2388.11,9103.74,1.3,47.74,520.8,2388.09,8175.49,8.4763,0.03,395,2388,100.0,38.52,23.2697
53,163,0.0015,0.0005,100.0,518.67,643.46,1593.89,1418.94,14.62,21.61,552.48,2388.07,9101.01,1.3,47.81,521.09,2388.1,8179.62,8.4404,0.03,395,2388,100.0,38.65,23.2333
53,164,-0.0005,0.0002,100.0,518.67,643.3,1593.14,1423.34,14.62,21.61,552.51,2388.16,9110.95,1.3,47.7,520.36,2388.09,8176.77,8.4589,0.03,396,2388,100.0,38.68,23.1825
53,165,-0.004,0.0002,100.0,518.67,643.23,1593.42,1414.19,14.62,21.61,553.31,2388.11,9104.81,1.3,47.77,520.64,2388.07,8182.32,8.4545,0.03,394,2388,100.0,38.78,23.2019
53,166,0.0026,-0.0001,100.0,518.67,643.12,1597.62,1412.26,14.62,21.61,552.6,2388.08,9109.47,1.3,47.79,521.4,2388.1,8187.41,8.4667,0.03,395,2388,100.0,38.72,23.1563
53,167,0.0024,-0.0003,100.0,518.67,643.1,1595.83,1422.17,14.62,21.61,553.34,2388.12,9109.39,1.3,47.78,520.73,2388.09,8182.89,8.4432,0.03,393,2388,100.0,38.6,23.1481
53,168,0.0046,-0.0004,100.0,518.67,643.08,1600.46,1420.62,14.62,21.61,552.27,2388.12,9108.1,1.3,47.78,521.01,2388.08,8187.38,8.4817,0.03,395,2388,100.0,38.63,23.2471
53,169,-0.0017,-0.0003,100.0,518.67,643.73,1599.73,1419.9,14.62,21.61,553.06,2388.13,9116.28,1.3,47.91,520.83,2388.15,8182.88,8.4903,0.03,393,2388,100.0,38.49,23.1867
53,170,-0.0006,-0.0005,100.0,518.67,643.02,1595.92,1421.87,14.62,21.61,552.85,2388.07,9121.53,1.3,47.73,520.26,2388.1,8188.71,8.4953,0.03,395,2388,100.0,38.61,23.1807
53,171,0.0003,0.0003,100.0,518.67,643.07,1595.05,1416.71,14.62,21.61,552.66,2388.07,9122.08,1.3,47.58,520.64,2388.14,8194.64,8.4955,0.03,396,2388,100.0,38.73,23.2634
53,172,-0.0009,0.0,100.0,518.67,643.21,1591.8,1417.09,14.62,21.61,551.85,2388.11,9123.32,1.3,47.76,520.46,2388.11,8188.56,8.4701,0.03,396,2388,100.0,38.64,23.1709
53,173,0.0003,-0.0003,100.0,518.67,643.39,1601.08,1407.21,14.62,21.61,552.44,2388.11,9123.17,1.3,47.79,520.69,2388.09,8194.65,8.4973,0.03,395,2388,100.0,38.64,23.1678
53,174,0.0021,-0.0002,100.0,518.67,643.13,1601.25,1422.38,14.62,21.61,552.76,2388.05,9132.53,1.3,47.88,520.98,2388.09,8197.43,8.486,0.03,393,2388,100.0,38.68,23.0817
53,175,-0.0006,0.0002,100.0,518.67,643.21,1596.61,1416.79,14.62,21.61,552.86,2388.05,9133.02,1.3,47.91,521.05,2388.12,8198.99,8.4566,0.03,395,2388,100.0,38.62,23.1741
53,176,0.0027,-0.0002,100.0,518.67,643.06,1594.02,1416.65,14.62,21.61,552.88,2388.11,9122.2,1.3,47.78,520.36,2388.07,8191.37,8.4736,0.03,395,2388,100.0,38.62,23.2057
53,177,0.0059,0.0001,100.0,518.67,643.37,1597.61,1415.09,14.62,21.61,552.66,2388.15,9128.58,1.3,47.96,520.46,2388.13,8190.16,8.5108,0.03,394,2388,100.0,38.78,23.2846
53,178,-0.0014,-0.0004,100.0,518.67,642.68,1596.45,1423.78,14.62,21.61,552.5,2388.12,9129.45,1.3,47.96,521.11,2388.1,8200.12,8.463,0.03,395,2388,100.0,38.59,23.1172
53,179,-0.0002,-0.0002,100.0,518.67,642.87,1596.82,1421.71,14.62,21.61,552.73,2388.1,9131.95,1.3,47.87,520.56,2388.1,8201.98,8.4766,0.03,396,2388,100.0,38.59,23.1856
53,180,-0.0028,-0.0005,100.0,518.67,643.2,1599.77,1414.61,14.62,21.61,552.39,2388.12,9139.6,1.3,47.94,520.24,2388.15,8199.27,8.4671,0.03,396,2388,100.0,38.64,23.1846
53,181,-0.0047,0.0003,100.0,518.67,643.19,1598.61,1424.12,14.62,21.61,551.97,2388.1,9138.15,1.3,47.91,520.25,2388.14,8207.27,8.5073,0.03,395,2388,100.0,38.5,23.1596
53,182,0.0006,0.0002,100.0,518.67,643.28,1596.58,1424.75,14.62,21.61,552.16,2388.1,9140.96,1.3,47.9,520.5,2388.19,8196.21,8.4917,0.03,394,2388,100.0,38.61,23.1815
53,183,-0.0019,0.0003,100.0,518.67,643.33,1597.62,1428.43,14.62,21.61,552.58,2388.15,9143.52,1.3,48.09,520.42,2388.07,8207.03,8.5008,0.03,397,2388,100.0,38.64,23.1111
53,184,0.0028,-0.0002,100.0,518.67,643.98,1598.65,1425.08,14.62,21.61,552.12,2388.13,9138.55,1.3,48.04,520.05,2388.15,8209.84,8.4819,0.03,395,2388,100.0,38.51,23.1913
53,185,0.003,0.0005,100.0,518.67,643.44,1600.4,1420.29,14.62,21.61,552.4,2388.16,9142.03,1.3,47.84,520.41,2388.13,8213.24,8.4906,0.03,396,2388,100.0,38.61,23.1144
53,186,-0.0026,-0.0,100.0,518.67,643.76,1603.49,1421.44,14.62,21.61,552.26,2388.16,9148.96,1.3,48.02,520.4,2388.15,8213.21,8.4877,0.03,397,2388,100.0,38.6,23.0892
53,187,-0.0005,-0.0002,100.0,518.67,643.7,1600.45,1426.43,14.62,21.61,552.03,2388.16,9147.04,1.3,48.05,520.72,2388.16,8214.98,8.5172,0.03,395,2388,100.0,38.54,23.1469
53,188,-0.0014,0.0,100.0,518.67,643.43,1605.95,1419.71,14.62,21.61,551.93,2388.16,9148.21,1.3,47.97,520.59,2388.14,8218.62,8.4865,0.03,398,2388,100.0,38.47,23.1633
53,189,0.0016,-0.0005,100.0,518.67,644.12,1602.6,1429.04,14.62,21.61,551.78,2388.15,9150.57,1.3,48.09,520.21,2388.17,8220.41,8.5371,0.03,397,2388,100.0,38.29,23.1289
53,190,0.0021,-0.0002,100.0,518.67,643.94,1599.71,1421.84,14.62,21.61,552.22,2388.15,9151.86,1.3,48.02,520.16,2388.13,8222.04,8.5174,0.03,397,2388,100.0,38.45,23.0076
53,191,-0.0016,0.0003,100.0,518.67,644.16,1608.16,1424.87,14.62,21.61,551.84,2388.13,9160.31,1.3,48.02,519.99,2388.13,8228.95,8.5085,0.03,398,2388,100.0,38.56,23.1925
53,192,-0.0026,0.0004,100.0,518.67,643.24,1607.08,1429.98,14.62,21.61,551.39,2388.19,9159.26,1.3,48.15,519.8,2388.2,8225.39,8.5009,0.03,397,2388,100.0,38.44,23.1553
53,193,-0.0002,0.0002,100.0,518.67,643.48,1605.99,1431.6,14.62,21.61,552.04,2388.2,9163.48,1.3,48.07,520.61,2388.2,8230.55,8.5836,0.03,397,2388,100.0,38.25,23.0927
53,194,-0.0023,-0.0003,100.0,518.67,643.97,1605.24,1429.29,14.62,21.61,552.28,2388.18,9167.7,1.3,48.15,520.5,2388.12,8234.23,8.5116,0.03,396,2388,100.0,38.36,23.0233
53,195,-0.0001,-0.0004,100.0,518.67,644.18,1612.63,1423.19,14.62,21.61,552.53,2388.14,9162.47,1.3,48.18,519.68,2388.17,8230.96,8.5196,0.03,396,2388,100.0,38.32,23.0419
57,1,-0.0037,-0.0004,100.0,518.67,642.64,1593.48,1402.4,14.62,21.61,553.58,2388.07,9049.3,1.3,47.41,521.82,2388.08,8136.11,8.3973,0.03,391,2388,100.0,38.96,23.3836
57,2,0.0038,-0.0,100.0,518.67,641.94,1586.18,1397.07,14.62,21.61,553.94,2388.05,9048.85,1.3,47.2,521.82,2388.05,8135.12,8.4227,0.03,393,2388,100.0,38.94,23.368
57,3,-0.0014,-0.0004,100.0,518.67,642.19,1591.6,1407.08,14.62,21.61,554.51,2388.11,9049.73,1.3,47.43,521.98,2388.06,8130.46,8.42,0.03,393,2388,100.0,38.88,23.4072
57,4,-0.0002,-0.0003,100.0,518.67,642.66,1588.64,1396.73,14.62,21.61,554.21,2388.11,9038.04,1.3,47.42,522.19,2388.04,8136.11,8.446,0.03,393,2388,100.0,38.97,23.3827
57,5,-0.0022,0.0004,100.0,518.67,642.48,1589.61,1408.72,14.62,21.61,553.52,2388.09,9046.44,1.3,47.47,521.8,2388.07,8128.88,8.4349,0.03,392,2388,100.0,38.67,23.3019
57,6,-0.0017,-0.0004,100.0,518.67,642.0,1586.4,1397.39,14.62,21.61,554.33,2388.03,9060.78,1.3,47.45,522.16,2388.06,8132.49,8.4302,0.03,394,2388,100.0,39.09,23.4559
57,7,-0.0011,-0.0005,100.0,518.67,642.27,1578.13,1407.15,14.62,21.61,554.09,2388.04,9052.65,1.3,47.26,522.68,2387.99,8133.53,8.4043,0.03,393,2388,100.0,38.87,23.3655
57,8,0.0,-0.0003,100.0,518.67,642.39,1590.65,1396.75,14.62,21.61,553.93,2388.05,9039.78,1.3,47.32,522.1,2388.11,8129.08,8.4106,0.03,393,2388,100.0,38.95,23.3547
57,9,-0.0035,-0.0005,100.0,518.67,642.87,1587.52,1399.3,14.62,21.61,554.95,2388.08,9045.12,1.3,47.35,522.11,2388.05,8132.56,8.4274,0.03,393,2388,100.0,38.88,23.3217
57,10,-0.0006,-0.0003,100.0,518.67,642.7,1583.95,1402.36,14.62,21.61,554.38,2388.08,9056.1,1.3,47.39,522.26,2388.06,8132.43,8.4475,0.03,392,2388,100.0,38.91,23.4265
57,11,0.0026,0.0001,100.0,518.67,642.46,1584.69,1402.15,14.62,21.61,554.0,2388.07,9047.78,1.3,47.34,522.33,2388.06,8135.69,8.4025,0.03,393,2388,100.0,38.99,23.3497
57,12,-0.0003,-0.0002,100.0,518.67,642.66,1585.84,1405.32,14.62,21.61,553.98,2388.03,9052.31,1.3,47.41,521.82,2388.05,8132.28,8.4294,0.03,393,2388,100.0,38.98,23.4722
57,13,0.0014,-0.0001,100.0,518.67,642.02,1584.93,1401.05,14.62,21.61,554.23,2388.08,9051.1,1.3,47.44,521.85,2388.12,8126.27,8.4206,0.03,391,2388,100.0,39.09,23.3077
57,14,0.0014,-0.0001,100.0,518.67,642.74,1585.87,1400.77,14.62,21.61,553.89,2388.12,9056.15,1.3,47.13,521.85,2388.11,8133.1,8.4345,0.03,393,2388,100.0,39.04,23.3957
57,15,-0.0006,0.0004,100.0,518.67,641.95,1590.39,1403.26,14.62,21.61,553.44,2388.14,9053.76,1.3,47.36,521.43,2388.06,8125.23,8.4061,0.03,392,2388,100.0,39.03,23.3704
57,16,-0.0003,-0.0002,100.0,518.67,642.25,1583.06,1394.64,14.62,21.61,553.98,2388.08,9043.8,1.3,47.13,522.47,2388.08,8128.44,8.3969,0.03,394,2388,100.0,38.94,23.382
57,17,0.001,-0.0005,100.0,518.67,642.35,1585.93,1404.35,14.62,21.61,553.63,2388.04,9052.89,1.3,47.31,521.76,2388.14,8128.86,8.3926,0.03,391,2388,100.0,39.02,23.4033
57,18,-0.0004,-0.0005,100.0,518.67,642.01,1587.74,1405.64,14.62,21.61,553.51,2388.04,9047.0,1.3,47.3,522.18,2388.09,8129.3,8.4117,0.03,393,2388,100.0,38.82,23.3115
57,19,-0.0011,0.0002,100.0,518.67,642.16,1587.96,1403.47,14.62,21.61,553.49,2388.11,9052.3,1.3,47.59,521.63,2388.07,8127.76,8.3961,0.03,392,2388,100.0,38.88,23.3028
57,20,0.0026,-0.0005,100.0,518.67,642.74,1587.18,1406.77,14.62,21.61,554.12,2388.03,9043.82,1.3,47.3,522.28,2388.06,8134.13,8.403,0.03,392,2388,100.0,38.92,23.4218
57,21,0.0004,0.0001,100.0,518.67,642.3,1586.16,1403.1,14.62,21.61,553.98,2388.05,9046.63,1.3,47.21,521.83,2388.06,8133.06,8.4349,0.03,392,2388,100.0,38.91,23.355
57,22,-0.0032,0.0002,100.0,518.67,642.33,1579.32,1397.23,14.62,21.61,554.28,2388.09,9052.72,1.3,47.35,521.55,2388.11,8137.75,8.4293,0.03,391,2388,100.0,39.03,23.3531
57,23,0.0003,0.0003,100.0,518.67,642.77,1588.33,1399.28,14.62,21.61,554.12,2388.05,9050.2,1.3,47.29,521.87,2388.0,8129.4,8.4297,0.03,392,2388,100.0,38.88,23.2694
57,24,0.0033,-0.0,100.0,518.67,642.65,1586.97,1405.22,14.62,21.61,553.79,2388.01,9046.42,1.3,47.32,521.99,2388.05,8134.97,8.4177,0.03,392,2388,100.0,39.0,23.3688
57,25,0.0017,0.0001,100.0,518.67,642.65,1584.95,1404.09,14.62,21.61,554.45,2388.09,9061.65,1.3,47.63,521.68,2388.1,8135.55,8.4187,0.03,392,2388,100.0,39.08,23.3005
57,26,0.0028,0.0004,100.0,518.67,642.01,1584.39,1409.99,14.62,21.6,554.35,2388.01,9045.58,1.3,47.3,522.07,2388.05,8128.64,8.3846,0.03,393,2388,100.0,38.97,23.4061
57,27,-0.0003,0.0002,100.0,518.67,642.24,1586.8,1396.78,14.62,21.61,554.28,2388.08,9047.77,1.3,47.33,522.28,2388.07,8130.43,8.3978,0.03,393,2388,100.0,38.82,23.406
57,28,0.0038,-0.0005,100.0,518.67,642.43,1585.55,1401.98,14.62,21.61,553.22,2388.16,9047.27,1.3,47.23,521.8,2388.03,8130.51,8.456,0.03,393,2388,100.0,38.9,23.4147
57,29,-0.0039,0.0004,100.0,518.67,642.47,1584.86,1404.57,14.62,21.61,553.76,2388.03,9044.86,1.3,47.23,521.88,2388.05,8131.66,8.3828,0.03,392,2388,100.0,38.88,23.4126
57,30,-0.0051,0.0001,100.0,518.67,642.19,1592.99,1390.35,14.62,21.61,553.93,2388.06,9039.8,1.3,47.28,521.74,2388.07,8133.16,8.434,0.03,393,2388,100.0,38.95,23.2258
57,31,-0.0011,0.0001,100.0,518.67,642.37,1581.17,1405.48,14.62,21.61,554.31,2388.08,9049.6,1.3,47.57,521.38,2388.08,8131.67,8.3972,0.03,391,2388,100.0,38.91,23.2808
57,32,-0.0039,-0.0004,100.0,518.67,642.7,1589.06,1410.09,14.62,21.61,554.31,2388.08,9053.0,1.3,47.37,521.77,2388.02,8139.74,8.4152,0.03,393,2388,100.0,39.03,23.454
57,33,0.002,-0.0002,100.0,518.67,642.59,1580.61,1393.08,14.62,21.61,553.5,2388.08,9051.66,1.3,47.28,522.28,2388.06,8130.25,8.4128,0.03,391,2388,100.0,39.02,23.3196
57,34,-0.0018,-0.0001,100.0,518.67,641.84,1590.6,1403.72,14.62,21.61,553.83,2388.06,9058.15,1.3,47.53,521.6,2388.12,8131.18,8.4007,0.03,392,2388,100.0,38.92,23.3577
57,35,-0.0003,-0.0,100.0,518.67,642.13,1588.52,1407.28,14.62,21.61,554.24,2388.06,9043.47,1.3,47.48,522.32,2388.07,8130.42,8.3933,0.03,393,2388,100.0,38.85,23.4341
57,36,0.0023,0.0,100.0,518.67,642.32,1585.56,1401.31,14.62,21.61,553.46,2388.07,9053.06,1.3,47.52,521.24,2388.1,8135.68,8.452,0.03,391,2388,100.0,38.98,23.3515
57,37,-0.0012,-0.0002,100.0,518.67,641.97,1588.01,1406.09,14.62,21.61,553.43,2388.06,9044.76,1.3,47.21,522.15,2388.1,8135.24,8.4486,0.03,393,2388,100.0,38.75,23.4992
57,38,0.0019,-0.0004,100.0,518.67,642.62,1585.32,1399.73,14.62,21.61,553.94,2388.08,9048.47,1.3,47.37,522.37,2388.08,8131.7,8.4218,0.03,392,2388,100.0,39.23,23.3812
57,39,-0.0009,0.0001,100.0,518.67,642.37,1591.21,1403.75,14.62,21.61,553.6,2388.01,9054.2,1.3,47.28,522.21,2388.08,8134.23,8.4272,0.03,392,2388,100.0,38.86,23.3355
57,40,0.001,-0.0002,100.0,518.67,641.68,1579.67,1405.19,14.62,21.61,553.48,2388.08,9047.11,1.3,47.43,521.81,2388.07,8130.77,8.4074,0.03,393,2388,100.0,38.9,23.4048
57,41,0.0021,0.0004,100.0,518.67,642.1,1593.06,1402.96,14.62,21.61,553.63,2388.1,9048.5,1.3,47.21,521.7,2388.11,8132.25,8.4208,0.03,393,2388,100.0,38.9,23.3181
57,42,-0.0002,0.0002,100.0,518.67,642.54,1584.14,1397.7,14.62,21.61,554.37,2388.08,9043.62,1.3,47.18,521.99,2388.08,8131.77,8.4267,0.03,392,2388,100.0,38.82,23.3376
57,43,-0.0044,-0.0004,100.0,518.67,641.59,1586.15,1406.06,14.62,21.61,553.52,2388.12,9049.8,1.3,47.34,521.5,2388.06,8125.71,8.3896,0.03,394,2388,100.0,38.79,23.2991
57,44,-0.0008,-0.0004,100.0,518.67,642.48,1585.91,1401.68,14.62,21.61,553.57,2388.08,9038.72,1.3,47.18,522.06,2388.07,8128.46,8.3731,0.03,393,2388,100.0,39.07,23.3478
57,45,0.0035,-0.0,100.0,518.67,642.76,1584.91,1410.21,14.62,21.61,554.17,2388.07,9052.16,1.3,47.49,522.23,2388.07,8129.78,8.4499,0.03,392,2388,100.0,38.71,23.444
57,46,0.002,0.0,100.0,518.67,642.74,1582.19,1397.98,14.62,21.61,554.34,2388.08,9054.63,1.3,47.31,521.61,2388.11,8130.38,8.4277,0.03,392,2388,100.0,39.04,23.3469
57,47,-0.0003,-0.0002,100.0,518.67,642.39,1584.87,1400.91,14.62,21.61,553.26,2388.15,9050.06,1.3,47.28,521.65,2388.09,8134.15,8.4619,0.03,392,2388,100.0,38.91,23.3216
57,48,-0.0031,-0.0005,100.0,518.67,642.17,1585.84,1402.14,14.62,21.61,554.01,2388.07,9047.5,1.3,47.5,521.73,2388.09,8128.38,8.414,0.03,394,2388,100.0,38.78,23.3214
57,49,-0.0019,0.0002,100.0,518.67,642.56,1585.47,1401.05,14.62,21.61,553.98,2388.07,9046.34,1.3,47.49,521.89,2388.08,8133.33,8.4004,0.03,392,2388,100.0,38.86,23.3607
57,50,0.0047,-0.0005,100.0,518.67,642.89,1590.75,1397.95,14.62,21.61,554.36,2388.1,9053.31,1.3,47.39,521.79,2388.03,8130.05,8.4036,0.03,392,2388,100.0,38.79,23.3338
57,51,0.0004,0.0002,100.0,518.67,642.9,1584.9,1403.85,14.62,21.61,553.62,2388.02,9041.5,1.3,47.26,522.2,2388.06,8127.23,8.4287,0.03,392,2388,100.0,38.87,23.4168
57,52,-0.0017,0.0003,100.0,518.67,642.56,1589.78,1399.83,14.62,21.61,554.32,2388.12,9044.18,1.3,47.33,522.17,2388.04,8128.61,8.3995,0.03,393,2388,100.0,38.87,23.2895
57,53,-0.0007,0.0004,100.0,518.67,642.84,1596.23,1399.12,14.62,21.61,553.21,2388.11,9044.98,1.3,47.39,521.71,2388.08,8133.82,8.4385,0.03,393,2388,100.0,39.09,23.3639
57,54,-0.0004,-0.0002,100.0,518.67,642.47,1589.25,1398.54,14.62,21.61,553.76,2388.09,9043.06,1.3,47.43,521.8,2388.12,8130.08,8.4309,0.03,394,2388,100.0,39.03,23.3659
57,55,-0.0011,0.0003,100.0,518.67,642.23,1583.01,1395.66,14.62,21.61,553.71,2388.04,9055.25,1.3,47.5,522.35,2388.0,8133.77,8.4146,0.03,391,2388,100.0,38.86,23.3669
57,56,-0.004,-0.0003,100.0,518.67,642.5,1593.52,1402.15,14.62,21.61,553.03,2388.03,9053.58,1.3,47.41,522.37,2388.1,8129.22,8.3997,0.03,392,2388,100.0,38.77,23.3993
57,57,-0.0016,-0.0001,100.0,518.67,642.42,1590.41,1403.39,14.62,21.61,554.27,2388.11,9048.37,1.3,47.46,521.97,2388.09,8129.29,8.4397,0.03,393,2388,100.0,38.93,23.2477
57,58,0.0027,0.0004,100.0,518.67,643.22,1589.56,1397.41,14.62,21.61,553.55,2388.14,9053.13,1.3,47.37,521.8,2388.11,8137.3,8.4278,0.03,393,2388,100.0,38.83,23.3732
57,59,0.0005,0.0001,100.0,518.67,642.67,1583.4,1410.26,14.62,21.61,553.12,2388.03,9047.23,1.3,47.49,521.43,2388.1,8134.71,8.44,0.03,392,2388,100.0,38.81,23.3404
57,60,0.0067,-0.0002,100.0,518.67,642.94,1588.28,1403.23,14.62,21.61,553.15,2388.09,9041.66,1.3,47.36,521.83,2388.1,8130.45,8.4618,0.03,393,2388,100.0,38.92,23.4183
57,61,-0.0011,-0.0004,100.0,518.67,642.25,1590.3,1400.96,14.62,21.6,553.29,2388.11,9050.49,1.3,47.53,521.4,2388.14,8134.38,8.4407,0.03,392,2388,100.0,38.9,23.234
57,62,0.0016,0.0003,100.0,518.67,642.4,1594.44,1404.98,14.62,21.61,553.22,2388.06,9044.93,1.3,47.5,521.56,2388.09,8130.61,8.4625,0.03,394,2388,100.0,38.97,23.3897
57,63,-0.0005,-0.0002,100.0,518.67,642.38,1587.46,1413.64,14.62,21.61,553.97,2388.06,9048.51,1.3,47.42,521.33,2388.09,8125.73,8.4324,0.03,392,2388,100.0,38.87,23.4107
57,64,-0.0032,-0.0001,100.0,518.67,642.5,1582.95,1405.42,14.62,21.61,553.75,2388.12,9044.63,1.3,47.51,521.62,2388.04,8124.45,8.4606,0.03,394,2388,100.0,38.93,23.3744
57,65,0.0023,0.0001,100.0,518.67,643.1,1591.13,1408.48,14.62,21.61,553.34,2388.06,9050.49,1.3,47.59,522.25,2388.12,8129.41,8.4163,0.03,392,2388,100.0,39.0,23.2173
57,66,-0.0013,0.0002,100.0,518.67,642.07,1590.99,1409.49,14.62,21.61,553.73,2388.11,9049.42,1.3,47.31,521.77,2388.09,8127.72,8.4225,0.03,391,2388,100.0,38.8,23.2473
57,67,-0.0002,-0.0004,100.0,518.67,642.66,1588.57,1397.84,14.62,21.61,553.35,2388.16,9054.67,1.3,47.61,521.63,2388.09,8134.92,8.4603,0.03,392,2388,100.0,38.89,23.4041
57,68,0.0011,-0.0005,100.0,518.67,641.96,1588.22,1401.69,14.62,21.61,553.38,2388.14,9049.76,1.3,47.46,521.04,2388.09,8132.25,8.45,0.03,393,2388,100.0,39.09,23.2718
57,69,0.0025,0.0002,100.0,518.67,642.53,1594.01,1408.35,14.62,21.61,553.72,2388.08,9047.57,1.3,47.34,522.23,2388.13,8119.8,8.4154,0.03,394,2388,100.0,38.82,23.3204
57,70,-0.0007,0.0001,100.0,518.67,642.53,1593.73,1402.87,14.62,21.61,553.62,2388.08,9039.63,1.3,47.4,521.76,2388.08,8127.03,8.4098,0.03,391,2388,100.0,38.99,23.1992
57,71,-0.0038,0.0001,100.0,518.67,641.88,1589.41,1408.89,14.62,21.61,554.0,2388.09,9052.57,1.3,47.36,521.35,2388.11,8138.11,8.4045,0.03,393,2388,100.0,39.0,23.2634
57,72,0.0028,0.0004,100.0,518.67,642.13,1589.23,1403.38,14.62,21.61,553.67,2388.04,9047.88,1.3,47.45,522.01,2388.11,8128.38,8.4149,0.03,394,2388,100.0,38.88,23.352
57,73,-0.001,0.0004,100.0,518.67,642.78,1584.77,1410.85,14.62,21.61,554.22,2388.13,9044.28,1.3,47.57,520.94,2388.13,8126.93,8.426,0.03,395,2388,100.0,38.77,23.2394
57,74,-0.0041,0.0001,100.0,518.67,642.75,1587.18,1403.99,14.62,21.61,553.8,2388.12,9048.42,1.3,47.51,521.58,2388.15,8128.78,8.4271,0.03,393,2388,100.0,38.76,23.3394
57,75,0.0066,0.0005,100.0,518.67,642.48,1591.09,1403.25,14.62,21.61,553.65,2388.12,9047.74,1.3,47.41,521.31,2388.08,8132.3,8.4321,0.03,393,2388,100.0,38.86,23.2441
57,76,0.0009,0.0,100.0,518.67,642.92,1601.85,1409.0,14.62,21.61,553.93,2388.11,9045.3,1.3,47.56,521.33,2388.13,8131.12,8.4467,0.03,394,2388,100.0,38.75,23.2092
57,77,-0.0022,-0.0,100.0,518.67,642.5,1580.1,1403.4,14.62,21.61,553.43,2388.05,9053.47,1.3,47.66,522.06,2388.16,8127.24,8.4066,0.03,392,2388,100.0,38.94,23.2951
57,78,0.0008,0.0001,100.0,518.67,642.58,1587.8,1406.62,14.62,21.61,553.7,2388.09,9048.9,1.3,47.47,521.27,2388.1,8130.68,8.4598,0.03,394,2388,100.0,38.84,23.259
57,79,-0.0017,0.0001,100.0,518.67,642.5,1584.98,1405.57,14.62,21.61,553.57,2388.12,9048.12,1.3,47.56,521.2,2388.12,8130.07,8.4236,0.03,394,2388,100.0,38.89,23.2973
57,80,0.0018,-0.0002,100.0,518.67,642.75,1592.43,1402.17,14.62,21.61,553.97,2388.13,9047.35,1.3,47.36,521.53,2388.14,8128.78,8.4222,0.03,394,2388,100.0,38.88,23.1531
57,81,0.0015,0.0,100.0,518.67,643.23,1588.45,1407.0,14.62,21.61,553.68,2388.13,9043.75,1.3,47.6,521.51,2388.1,8128.38,8.4404,0.03,393,2388,100.0,38.89,23.1935
57,82,0.0037,0.0004,100.0,518.67,643.1,1586.93,1407.37,14.62,21.61,553.59,2388.06,9048.08,1.3,47.57,521.3,2388.13,8131.69,8.4398,0.03,393,2388,100.0,38.97,23.3651
57,83,0.0056,-0.0002,100.0,518.67,642.56,1586.05,1405.66,14.62,21.61,553.23,2388.1,9051.55,1.3,47.46,521.85,2388.04,8127.2,8.4136,0.03,393,2388,100.0,39.1,23.2385
57,84,0.0029,-0.0004,100.0,518.67,642.32,1587.27,1406.76,14.62,21.61,553.56,2388.15,9047.42,1.3,47.72,521.96,2388.04,8131.94,8.4423,0.03,391,2388,100.0,38.85,23.3075
57,85,0.0006,-0.0005,100.0,518.67,643.23,1591.86,1410.13,14.62,21.61,553.58,2388.13,9038.29,1.3,47.5,521.48,2388.13,8121.92,8.4204,0.03,392,2388,100.0,38.74,23.2924
57,86,-0.003,-0.0001,100.0,518.67,642.47,1592.56,1399.88,14.62,21.61,553.6,2388.12,9038.8,1.3,47.31,521.24,2388.15,8129.96,8.462,0.03,392,2388,100.0,38.69,23.2527
57,87,-0.0005,0.0004,100.0,518.67,642.8,1588.81,1402.26,14.62,21.61,553.61,2388.06,9038.87,1.3,47.58,521.55,2388.1,8126.11,8.4544,0.03,393,2388,100.0,38.8,23.3064
57,88,-0.0028,-0.0003,100.0,518.67,642.75,1599.27,1408.98,14.62,21.61,553.58,2388.14,9045.86,1.3,47.64,521.61,2388.12,8130.21,8.4413,0.03,393,2388,100.0,38.91,23.2624
57,89,0.0042,-0.0004,100.0,518.67,642.46,1592.36,1404.99,14.62,21.61,552.99,2388.1,9046.01,1.3,47.59,521.63,2388.13,8123.68,8.4667,0.03,395,2388,100.0,38.75,23.3636
57,90,0.0048,0.0001,100.0,518.67,642.65,1597.61,1411.84,14.62,21.61,553.84,2388.13,9045.14,1.3,47.39,521.36,2388.13,8124.46,8.4446,0.03,394,2388,100.0,38.85,23.3086
57,91,0.0009,-0.0005,100.0,518.67,642.35,1589.37,1406.06,14.62,21.61,552.97,2388.16,9052.0,1.3,47.39,520.76,2388.16,8135.35,8.4437,0.03,394,2388,100.0,38.8,23.2717
57,92,-0.0033,0.0,100.0,518.67,643.01,1593.74,1407.3,14.62,21.61,552.93,2388.14,9049.45,1.3,47.52,521.02,2388.1,8132.12,8.4573,0.03,392,2388,100.0,38.78,23.2635
57,93,-0.0009,0.0004,100.0,518.67,642.98,1588.27,1418.15,14.62,21.61,552.56,2388.09,9047.78,1.3,47.7,521.35,2388.1,8124.7,8.4601,0.03,392,2388,100.0,38.88,23.368
57,94,-0.0003,-0.0002,100.0,518.67,642.91,1590.64,1409.46,14.62,21.61,553.26,2388.16,9045.39,1.3,47.66,521.16,2388.14,8129.2,8.4087,0.03,394,2388,100.0,38.89,23.3145
57,95,-0.001,-0.0003,100.0,518.67,642.41,1587.08,1405.52,14.62,21.61,554.0,2388.04,9043.3,1.3,47.58,521.27,2388.08,8127.18,8.4611,0.03,393,2388,100.0,38.9,23.3544
57,96,0.0055,0.0002,100.0,518.67,642.76,1594.76,1408.29,14.62,21.61,553.26,2388.12,9044.48,1.3,47.62,521.37,2388.14,8114.92,8.4391,0.03,396,2388,100.0,38.8,23.2794
57,97,-0.0027,-0.0005,100.0,518.67,643.38,1591.7,1411.89,14.62,21.61,552.69,2388.17,9043.14,1.3,47.55,520.98,2388.13,8124.7,8.4607,0.03,393,2388,100.0,38.57,23.2508
57,98,0.0018,-0.0004,100.0,518.67,642.63,1590.07,1411.66,14.62,21.61,552.9,2388.15,9041.05,1.3,47.65,521.48,2388.14,8124.32,8.4761,0.03,394,2388,100.0,38.85,23.303
57,99,-0.0039,-0.0001,100.0,518.67,642.75,1590.26,1405.13,14.62,21.61,553.15,2388.17,9047.66,1.3,47.56,521.7,2388.15,8125.26,8.4651,0.03,392,2388,100.0,39.0,23.2346
57,100,-0.0026,-0.0004,100.0,518.67,642.75,1592.96,1412.69,14.62,21.61,553.95,2388.12,9043.93,1.3,47.62,520.76,2388.18,8121.91,8.468,0.03,394,2388,100.0,38.8,23.1595
57,101,-0.0015,0.0001,100.0,518.67,643.06,1592.18,1409.28,14.62,21.61,553.4,2388.18,9047.85,1.3,47.77,520.58,2388.17,8130.06,8.441,0.03,393,2388,100.0,38.91,23.3392
57,102,0.0006,0.0002,100.0,518.67,642.63,1594.27,1415.28,14.62,21.61,552.49,2388.18,9048.84,1.3,47.61,521.02,2388.17,8123.37,8.4499,0.03,396,2388,100.0,38.75,23.1909
57,103,0.0013,0.0,100.0,518.67,642.6,1595.82,1411.74,14.62,21.61,553.19,2388.13,9040.78,1.3,47.63,521.04,2388.17,8118.3,8.4515,0.03,394,2388,100.0,38.65,23.1925
57,104,0.001,-0.0002,100.0,518.67,642.76,1594.99,1416.7,14.62,21.61,553.03,2388.13,9046.2,1.3,47.66,521.16,2388.22,8123.86,8.4696,0.03,395,2388,100.0,38.69,23.3088
57,105,-0.0015,-0.0003,100.0,518.67,643.19,1585.36,1415.03,14.62,21.61,553.61,2388.17,9049.94,1.3,47.78,520.96,2388.19,8127.15,8.4737,0.03,392,2388,100.0,38.73,23.2044
57,106,-0.0017,0.0003,100.0,518.67,642.78,1592.44,1417.99,14.62,21.61,553.42,2388.19,9042.35,1.3,47.68,521.23,2388.14,8124.03,8.4841,0.03,394,2388,100.0,38.44,23.2652
57,107,0.0023,0.0003,100.0,518.67,643.24,1592.31,1413.01,14.62,21.61,552.5,2388.15,9048.24,1.3,47.73,520.54,2388.17,8120.44,8.459,0.03,394,2388,100.0,38.74,23.2979
57,108,-0.0018,-0.0001,100.0,518.67,642.42,1593.71,1413.3,14.62,21.61,553.11,2388.18,9044.3,1.3,47.78,520.76,2388.21,8121.17,8.4752,0.03,394,2388,100.0,38.75,23.1364
57,109,-0.0036,-0.0,100.0,518.67,643.55,1592.04,1413.98,14.62,21.61,552.12,2388.18,9052.47,1.3,47.7,520.94,2388.17,8122.51,8.4891,0.03,395,2388,100.0,38.56,23.2547
57,110,-0.0012,-0.0004,100.0,518.67,643.03,1601.55,1413.33,14.62,21.61,552.6,2388.19,9038.25,1.3,47.64,520.52,2388.16,8118.94,8.4334,0.03,394,2388,100.0,38.61,23.3253
57,111,-0.0005,0.0001,100.0,518.67,642.52,1587.57,1414.44,14.62,21.61,552.73,2388.14,9035.52,1.3,47.65,520.69,2388.14,8125.13,8.4909,0.03,396,2388,100.0,38.75,23.1645
57,112,-0.0036,-0.0005,100.0,518.67,642.84,1590.21,1416.74,14.62,21.61,552.74,2388.18,9045.59,1.3,47.61,520.44,2388.14,8125.08,8.4924,0.03,394,2388,100.0,38.72,23.1206
57,113,-0.0018,0.0001,100.0,518.67,642.84,1593.2,1420.49,14.62,21.61,552.74,2388.2,9039.73,1.3,47.88,520.46,2388.21,8117.41,8.4457,0.03,395,2388,100.0,38.6,23.2425
57,114,-0.0013,0.0002,100.0,518.67,642.7,1595.68,1413.51,14.62,21.61,552.84,2388.17,9047.11,1.3,47.98,520.83,2388.15,8117.67,8.4694,0.03,396,2388,100.0,38.76,23.2286
57,115,0.0015,-0.0,100.0,518.67,642.34,1599.3,1417.37,14.62,21.61,552.75,2388.22,9037.03,1.3,47.64,520.57,2388.22,8121.55,8.477,0.03,394,2388,100.0,38.6,23.1983
57,116,0.0005,0.0,100.0,518.67,643.29,1596.8,1405.14,14.62,21.61,551.89,2388.16,9036.62,1.3,47.91,520.54,2388.18,8114.27,8.467,0.03,392,2388,100.0,38.75,23.1789
57,117,-0.0019,-0.0,100.0,518.67,643.03,1587.07,1417.78,14.62,21.61,552.63,2388.27,9042.36,1.3,47.75,520.58,2388.17,8123.03,8.4793,0.03,394,2388,100.0,38.76,23.2321
57,118,0.0009,0.0001,100.0,518.67,643.61,1597.52,1415.36,14.62,21.61,552.79,2388.23,9035.42,1.3,47.82,520.73,2388.21,8119.45,8.5201,0.03,393,2388,100.0,38.74,23.2151
57,119,-0.0014,-0.0004,100.0,518.67,643.32,1597.04,1414.06,14.62,21.61,552.43,2388.25,9038.36,1.3,47.85,520.92,2388.24,8121.83,8.4803,0.03,395,2388,100.0,38.56,23.1646
57,120,0.0018,-0.0001,100.0,518.67,643.39,1600.21,1419.3,14.62,21.61,552.95,2388.29,9040.99,1.3,47.62,520.17,2388.22,8117.34,8.4742,0.03,395,2388,100.0,38.48,23.1435
57,121,-0.0001,-0.0,100.0,518.67,643.0,1600.43,1422.02,14.62,21.61,552.67,2388.21,9037.32,1.3,47.89,520.23,2388.28,8115.94,8.5135,0.03,395,2388,100.0,38.59,23.1313
57,122,0.0009,-0.0002,100.0,518.67,643.09,1592.04,1423.27,14.62,21.61,551.75,2388.24,9035.58,1.3,47.94,520.23,2388.2,8117.83,8.5122,0.03,394,2388,100.0,38.35,23.251
57,123,-0.0012,0.0003,100.0,518.67,643.4,1601.63,1423.86,14.62,21.61,552.16,2388.23,9035.67,1.3,48.02,519.25,2388.25,8112.69,8.4965,0.03,395,2388,100.0,38.47,23.1253
57,124,0.0037,0.0001,100.0,518.67,643.57,1595.41,1420.78,14.62,21.61,552.7,2388.28,9037.3,1.3,47.84,520.3,2388.23,8110.72,8.4846,0.03,394,2388,100.0,38.5,23.1192
57,125,-0.0008,-0.0003,100.0,518.67,643.73,1596.02,1428.69,14.62,21.61,552.19,2388.25,9034.23,1.3,48.05,520.3,2388.24,8111.17,8.4859,0.03,395,2388,100.0,38.61,23.1055
57,126,-0.0012,0.0002,100.0,518.67,643.39,1599.21,1417.22,14.62,21.61,551.93,2388.25,9035.13,1.3,47.94,520.03,2388.23,8116.9,8.5177,0.03,394,2388,100.0,38.55,23.1789
57,127,0.0011,0.0002,100.0,518.67,643.69,1597.92,1421.16,14.62,21.61,551.88,2388.3,9048.0,1.3,47.86,520.2,2388.25,8118.83,8.5165,0.03,394,2388,100.0,38.59,23.1994
57,128,0.0005,-0.0003,100.0,518.67,643.45,1599.53,1418.5,14.62,21.61,551.77,2388.24,9034.51,1.3,47.85,520.36,2388.19,8111.56,8.5058,0.03,395,2388,100.0,38.37,23.1706
57,129,0.0023,-0.0001,100.0,518.67,643.04,1596.31,1428.03,14.62,21.61,552.39,2388.26,9036.6,1.3,48.06,520.11,2388.26,8115.43,8.5011,0.03,395,2388,100.0,38.5,23.1568
57,130,-0.0014,0.0002,100.0,518.67,643.41,1600.26,1420.7,14.62,21.61,552.04,2388.33,9037.55,1.3,48.0,519.95,2388.28,8108.87,8.5241,0.03,395,2388,100.0,38.42,23.2014
57,131,0.0008,0.0005,100.0,518.67,643.64,1593.38,1435.94,14.62,21.61,551.86,2388.29,9038.74,1.3,48.03,520.04,2388.27,8111.42,8.4988,0.03,396,2388,100.0,38.43,23.205
57,132,0.0026,-0.0005,100.0,518.67,643.19,1599.21,1425.07,14.62,21.61,551.14,2388.28,9036.16,1.3,48.17,519.77,2388.3,8112.13,8.5256,0.03,397,2388,100.0,38.41,23.0338
57,133,-0.0024,-0.0002,100.0,518.67,643.47,1605.28,1423.89,14.62,21.61,551.23,2388.3,9038.97,1.3,48.12,519.77,2388.29,8110.3,8.4876,0.03,395,2388,100.0,38.47,23.0866
57,134,0.0006,-0.0004,100.0,518.67,643.65,1597.0,1425.54,14.62,21.61,551.67,2388.31,9038.17,1.3,48.4,519.67,2388.29,8109.82,8.5187,0.03,396,2388,100.0,38.31,23.0414
57,135,-0.0023,0.0001,100.0,518.67,643.61,1604.87,1428.42,14.62,21.61,551.73,2388.32,9031.44,1.3,48.22,519.1,2388.32,8108.19,8.5308,0.03,396,2388,100.0,38.43,23.1252
57,136,-0.0022,-0.0005,100.0,518.67,643.79,1601.69,1430.32,14.62,21.61,551.12,2388.34,9035.03,1.3,48.37,518.94,2388.29,8108.52,8.5266,0.03,395,2388,100.0,38.18,23.1046
57,137,-0.0004,-0.0003,100.0,518.67,644.15,1596.45,1432.49,14.62,21.61,550.95,2388.32,9036.5,1.3,48.26,519.07,2388.28,8108.28,8.5533,0.03,394,2388,100.0,38.24,23.0412
82,1,0.0,-0.0002,100.0,518.67,641.73,1582.64,1401.58,14.62,21.61,555.37,2387.98,9064.54,1.3,47.09,522.39,2387.99,8148.75,8.383,0.03,391,2388,100.0,38.84,23.4584
82,2,-0.0025,0.0001,100.0,518.67,642.07,1585.1,1395.89,14.62,21.61,554.94,2387.99,9060.04,1.3,47.32,522.48,2387.98,8145.71,8.4002,0.03,392,2388,100.0,39.1,23.5238
82,3,-0.0038,0.0003,100.0,518.67,641.86,1588.69,1394.02,14.62,21.61,554.86,2388.0,9057.61,1.3,47.23,522.57,2387.98,8143.7,8.3877,0.03,391,2388,100.0,39.0,23.478
82,4,0.0023,-0.0,100.0,518.67,641.99,1584.03,1400.45,14.62,21.61,554.45,2388.01,9068.18,1.3,47.27,522.3,2388.06,8142.17,8.379,0.03,392,2388,100.0,38.79,23.4673
82,5,0.0047,0.0004,100.0,518.67,642.32,1579.79,1399.32,14.62,21.61,554.39,2387.99,9062.71,1.3,47.16,522.72,2388.01,8145.3,8.3988,0.03,390,2388,100.0,38.94,23.3646
82,6,-0.0005,-0.0002,100.0,518.67,642.26,1578.0,1398.33,14.62,21.61,554.55,2387.96,9056.97,1.3,47.17,522.64,2388.03,8140.26,8.3997,0.03,392,2388,100.0,38.91,23.2786
82,7,0.0016,-0.0001,100.0,518.67,641.85,1582.53,1398.36,14.62,21.61,555.13,2388.0,9061.69,1.3,47.04,522.16,2388.01,8135.09,8.3652,0.03,392,2388,100.0,38.94,23.4544
82,8,-0.0045,0.0004,100.0,518.67,642.17,1575.42,1397.17,14.62,21.61,554.52,2388.04,9062.38,1.3,47.0,522.05,2388.0,8139.57,8.403,0.03,391,2388,100.0,39.1,23.2782
82,9,-0.0026,0.0002,100.0,518.67,642.02,1585.46,1396.68,14.62,21.61,554.13,2388.02,9066.0,1.3,47.23,522.41,2388.0,8141.06,8.3675,0.03,391,2388,100.0,38.91,23.3556
82,10,0.0002,-0.0005,100.0,518.67,641.57,1580.98,1395.96,14.62,21.6,554.8,2388.0,9057.55,1.3,47.1,522.84,2387.94,8146.73,8.4018,0.03,391,2388,100.0,39.05,23.6184
82,11,-0.0031,-0.0005,100.0,518.67,641.96,1585.18,1397.2,14.62,21.61,554.36,2388.0,9057.97,1.3,47.31,521.94,2387.95,8143.87,8.3901,0.03,391,2388,100.0,39.03,23.3743
82,12,-0.0037,-0.0005,100.0,518.67,642.48,1590.69,1401.2,14.62,21.61,554.19,2388.02,9063.7,1.3,47.19,522.25,2387.96,8141.06,8.3848,0.03,390,2388,100.0,39.11,23.465
82,13,-0.0013,0.0004,100.0,518.67,641.91,1587.03,1395.05,14.62,21.61,554.84,2388.01,9069.0,1.3,47.08,522.48,2387.97,8144.88,8.4022,0.03,392,2388,100.0,39.13,23.4688
82,14,-0.0016,-0.0001,100.0,518.67,641.88,1586.63,1392.92,14.62,21.61,554.91,2388.05,9063.69,1.3,47.28,522.74,2387.91,8145.15,8.4291,0.03,391,2388,100.0,38.95,23.4104
82,15,0.0,-0.0003,100.0,518.67,641.95,1592.11,1397.32,14.62,21.61,554.35,2388.01,9057.31,1.3,47.1,522.36,2388.02,8143.4,8.4285,0.03,391,2388,100.0,39.18,23.4827
82,16,0.0022,-0.0004,100.0,518.67,642.63,1582.57,1392.57,14.62,21.61,554.8,2388.0,9061.83,1.3,47.05,521.74,2388.03,8145.17,8.3906,0.03,393,2388,100.0,38.96,23.4677
82,17,0.002,-0.0003,100.0,518.67,641.77,1571.06,1397.03,14.62,21.61,554.75,2387.92,9053.68,1.3,47.21,522.73,2387.98,8144.86,8.3977,0.03,390,2388,100.0,38.98,23.4522
82,18,-0.0017,-0.0001,100.0,518.67,642.22,1583.64,1392.33,14.62,21.61,554.66,2388.0,9064.23,1.3,47.05,522.89,2387.99,8148.94,8.4178,0.03,391,2388,100.0,38.95,23.3059
82,19,-0.0011,-0.0002,100.0,518.67,641.87,1587.92,1394.24,14.62,21.6,554.38,2388.03,9064.01,1.3,47.17,522.5,2388.04,8141.87,8.3713,0.03,390,2388,100.0,39.0,23.3893
82,20,0.0016,-0.0005,100.0,518.67,641.97,1587.51,1403.92,14.62,21.61,554.47,2388.02,9064.24,1.3,47.02,522.35,2387.98,8138.39,8.3547,0.03,392,2388,100.0,39.12,23.3263
82,21,-0.0005,0.0004,100.0,518.67,642.17,1579.35,1396.69,14.62,21.61,554.89,2388.05,9056.46,1.3,47.08,522.29,2388.01,8149.35,8.3839,0.03,391,2388,100.0,38.96,23.4393
82,22,-0.0009,-0.0002,100.0,518.67,642.14,1583.34,1409.18,14.62,21.61,555.43,2387.99,9061.35,1.3,47.24,522.65,2388.01,8147.63,8.3894,0.03,391,2388,100.0,39.02,23.3779
82,23,0.0013,0.0004,100.0,518.67,642.48,1586.52,1396.22,14.62,21.61,553.94,2388.07,9053.32,1.3,47.24,522.38,2388.02,8141.54,8.3883,0.03,392,2388,100.0,39.09,23.387
82,24,-0.0016,0.0004,100.0,518.67,642.16,1585.12,1388.77,14.62,21.61,554.81,2388.01,9058.33,1.3,47.09,522.96,2387.97,8147.67,8.3778,0.03,393,2388,100.0,38.93,23.4291
82,25,-0.0016,0.0003,100.0,518.67,642.48,1583.22,1392.81,14.62,21.61,554.59,2388.05,9062.85,1.3,47.19,522.25,2387.96,8142.57,8.3922,0.03,393,2388,100.0,39.06,23.3843
82,26,0.0007,0.0002,100.0,518.67,642.17,1589.67,1398.34,14.62,21.61,554.37,2387.98,9059.52,1.3,47.06,523.24,2388.02,8142.81,8.4059,0.03,390,2388,100.0,39.21,23.5001
82,27,-0.0026,0.0001,100.0,518.67,642.15,1582.41,1397.58,14.62,21.61,554.6,2388.02,9067.98,1.3,47.19,522.7,2387.98,8145.04,8.4044,0.03,390,2388,100.0,39.0,23.3612
82,28,-0.0007,0.0002,100.0,518.67,642.17,1579.05,1395.33,14.62,21.61,554.5,2388.01,9059.04,1.3,47.2,522.77,2387.96,8143.16,8.377,0.03,392,2388,100.0,39.03,23.4513
82,29,0.0004,-0.0,100.0,518.67,641.73,1579.71,1398.81,14.62,21.61,555.52,2387.99,9063.28,1.3,47.28,522.16,2388.0,8147.25,8.3936,0.03,390,2388,100.0,39.11,23.3655
82,30,-0.0006,-0.0005,100.0,518.67,642.51,1587.88,1398.81,14.62,21.61,554.41,2387.97,9056.53,1.3,47.34,522.37,2387.98,8144.33,8.3788,0.03,393,2388,100.0,38.99,23.4129
82,31,0.0005,0.0003,100.0,518.67,641.7,1576.42,1388.63,14.62,21.61,553.78,2387.99,9064.33,1.3,47.26,522.45,2387.96,8144.92,8.385,0.03,391,2388,100.0,39.04,23.393
82,32,-0.0036,-0.0005,100.0,518.67,642.21,1587.83,1393.2,14.62,21.61,555.09,2388.07,9064.33,1.3,47.01,522.51,2387.99,8147.31,8.3882,0.03,391,2388,100.0,38.96,23.454
82,33,0.0005,0.0003,100.0,518.67,642.31,1584.74,1394.85,14.62,21.6,555.06,2388.0,9069.51,1.3,47.34,522.4,2388.01,8142.4,8.3721,0.03,391,2388,100.0,39.0,23.279
82,34,-0.0016,0.0004,100.0,518.67,642.31,1591.06,1393.82,14.62,21.61,554.35,2388.01,9064.27,1.3,47.14,522.35,2387.98,8144.74,8.3862,0.03,391,2388,100.0,39.09,23.4441
82,35,-0.0006,-0.0002,100.0,518.67,642.34,1584.24,1391.89,14.62,21.61,554.65,2387.96,9065.11,1.3,47.33,522.51,2388.03,8143.67,8.4042,0.03,391,2388,100.0,39.13,23.3572
82,36,0.0004,-0.0001,100.0,518.67,642.06,1577.45,1391.48,14.62,21.61,554.17,2388.0,9056.72,1.3,47.26,522.47,2387.98,8145.11,8.3953,0.03,391,2388,100.0,39.02,23.4259
82,37,-0.0041,0.0002,100.0,518.67,641.53,1584.31,1392.26,14.62,21.61,554.7,2388.05,9058.67,1.3,47.19,522.27,2387.94,8145.16,8.3984,0.03,391,2388,100.0,38.92,23.4581
82,38,0.0005,-0.0003,100.0,518.67,642.4,1584.39,1391.37,14.62,21.61,554.05,2388.0,9067.81,1.3,47.01,522.93,2388.0,8149.35,8.3723,0.03,391,2388,100.0,39.01,23.3497
82,39,0.0031,-0.0001,100.0,518.67,642.02,1580.74,1399.68,14.62,21.6,554.84,2387.99,9065.8,1.3,47.17,521.97,2388.01,8143.73,8.3979,0.03,391,2388,100.0,39.15,23.458
82,40,0.0006,0.0002,100.0,518.67,642.21,1580.83,1401.8,14.62,21.61,554.97,2387.91,9070.2,1.3,47.21,521.88,2387.98,8147.8,8.4043,0.03,392,2388,100.0,39.13,23.4203
82,41,0.0037,-0.0003,100.0,518.67,641.27,1582.03,1392.21,14.62,21.61,554.46,2388.02,9060.47,1.3,47.28,522.18,2388.03,8145.62,8.402,0.03,392,2388,100.0,39.14,23.4237
82,42,0.0002,0.0004,100.0,518.67,642.03,1586.52,1392.09,14.62,21.61,554.86,2388.01,9062.5,1.3,47.21,522.26,2388.04,8140.27,8.4193,0.03,390,2388,100.0,39.01,23.3928
82,43,-0.0011,0.0001,100.0,518.67,641.87,1588.81,1396.54,14.62,21.61,554.46,2388.0,9067.25,1.3,47.24,522.28,2387.95,8150.56,8.3919,0.03,391,2388,100.0,39.08,23.4025
82,44,0.0013,0.0004,100.0,518.67,641.36,1584.8,1396.66,14.62,21.6,555.39,2388.06,9061.84,1.3,47.08,522.52,2388.02,8150.68,8.382,0.03,392,2388,100.0,39.08,23.4129
82,45,0.0044,0.0003,100.0,518.67,642.73,1580.37,1400.08,14.62,21.61,554.93,2388.02,9063.28,1.3,47.18,522.58,2387.97,8149.74,8.4284,0.03,391,2388,100.0,39.11,23.4595
82,46,-0.0018,0.0,100.0,518.67,642.24,1580.51,1398.2,14.62,21.61,555.34,2387.99,9062.83,1.3,46.97,522.08,2388.01,8149.38,8.3971,0.03,393,2388,100.0,39.0,23.3165
82,47,-0.0005,0.0003,100.0,518.67,641.92,1585.18,1400.11,14.62,21.61,554.71,2387.94,9070.1,1.3,47.26,522.33,2387.98,8144.83,8.392,0.03,391,2388,100.0,39.03,23.339
82,48,0.0002,-0.0002,100.0,518.67,642.4,1590.8,1392.28,14.62,21.61,554.74,2387.96,9074.92,1.3,47.09,521.87,2387.97,8146.48,8.4185,0.03,393,2388,100.0,38.96,23.436
82,49,0.0024,0.0003,100.0,518.67,642.27,1579.21,1396.93,14.62,21.61,555.13,2387.97,9058.21,1.3,47.04,522.49,2387.96,8148.33,8.4088,0.03,391,2388,100.0,38.95,23.3496
82,50,0.0011,-0.0004,100.0,518.67,642.11,1586.56,1402.89,14.62,21.61,554.5,2387.99,9062.6,1.3,47.32,522.24,2388.0,8146.11,8.4038,0.03,390,2388,100.0,39.05,23.4369
82,51,0.0023,-0.0001,100.0,518.67,642.25,1585.36,1398.14,14.62,21.61,554.71,2387.95,9059.44,1.3,47.18,522.4,2388.04,8143.86,8.4189,0.03,392,2388,100.0,38.97,23.4323
82,52,0.0032,0.0004,100.0,518.67,642.83,1584.34,1400.28,14.62,21.61,554.9,2388.01,9067.52,1.3,47.3,522.47,2388.01,8145.39,8.4069,0.03,392,2388,100.0,39.16,23.3501
82,53,-0.0014,-0.0,100.0,518.67,641.84,1586.78,1391.44,14.62,21.61,553.79,2388.01,9067.43,1.3,47.17,522.71,2387.99,8146.55,8.4039,0.03,392,2388,100.0,38.99,23.4908
82,54,-0.0015,-0.0001,100.0,518.67,641.54,1590.45,1392.04,14.62,21.61,554.5,2388.04,9066.32,1.3,47.02,522.21,2388.05,8143.51,8.3917,0.03,391,2388,100.0,38.97,23.511
82,55,-0.0003,0.0002,100.0,518.67,641.97,1587.51,1391.42,14.62,21.61,555.05,2387.99,9064.96,1.3,47.15,523.38,2388.05,8145.8,8.4092,0.03,391,2388,100.0,39.08,23.4211
82,56,-0.0016,-0.0002,100.0,518.67,642.03,1582.61,1398.62,14.62,21.61,554.89,2387.95,9067.32,1.3,47.28,522.48,2388.01,8146.73,8.4074,0.03,391,2388,100.0,39.05,23.3588
82,57,0.0024,0.0001,100.0,518.67,642.16,1586.27,1399.24,14.62,21.61,554.66,2387.99,9060.59,1.3,47.26,522.35,2388.07,8145.74,8.3866,0.03,392,2388,100.0,38.99,23.4192
82,58,-0.0,0.0003,100.0,518.67,642.34,1579.35,1401.99,14.62,21.61,555.29,2388.05,9065.37,1.3,47.17,522.43,2388.0,8146.51,8.384,0.03,390,2388,100.0,38.87,23.3645
82,59,-0.0008,0.0002,100.0,518.67,642.32,1585.97,1395.84,14.62,21.61,554.36,2388.02,9064.82,1.3,47.19,522.73,2388.0,8149.49,8.3953,0.03,392,2388,100.0,39.25,23.4827
82,60,0.001,-0.0003,100.0,518.67,642.87,1587.16,1398.83,14.62,21.61,554.47,2387.98,9060.76,1.3,47.27,522.29,2387.97,8148.44,8.3664,0.03,391,2388,100.0,38.87,23.5228
82,61,-0.0,0.0004,100.0,518.67,641.94,1593.0,1391.47,14.62,21.61,554.48,2387.99,9060.37,1.3,47.16,522.19,2388.05,8147.83,8.3842,0.03,392,2388,100.0,39.01,23.3841
82,62,-0.001,-0.0005,100.0,518.67,641.8,1589.37,1391.88,14.62,21.61,554.78,2388.01,9060.57,1.3,47.07,522.56,2388.04,8144.43,8.4295,0.03,392,2388,100.0,39.01,23.443
82,63,-0.0021,-0.0001,100.0,518.67,642.18,1587.71,1401.85,14.62,21.61,553.87,2387.96,9068.2,1.3,47.32,521.69,2388.01,8148.48,8.4029,0.03,392,2388,100.0,39.12,23.4119
82,64,-0.0016,-0.0004,100.0,518.67,641.99,1580.08,1395.54,14.62,21.61,554.39,2387.95,9057.84,1.3,47.08,522.63,2387.94,8145.53,8.397,0.03,392,2388,100.0,39.01,23.4466
82,65,0.0038,-0.0002,100.0,518.67,641.96,1583.25,1393.99,14.62,21.61,554.82,2387.99,9055.69,1.3,47.18,522.16,2388.02,8139.39,8.3861,0.03,392,2388,100.0,38.99,23.3627
82,66,0.0011,-0.0002,100.0,518.67,642.52,1580.1,1398.14,14.62,21.61,554.3,2388.03,9062.74,1.3,47.21,522.19,2388.0,8150.74,8.4153,0.03,392,2388,100.0,38.89,23.452
82,67,-0.0025,0.0004,100.0,518.67,642.05,1589.69,1404.68,14.62,21.61,554.36,2388.01,9069.14,1.3,47.32,522.25,2387.96,8146.94,8.3854,0.03,391,2388,100.0,39.1,23.3498
82,68,-0.0037,-0.0004,100.0,518.67,642.18,1579.32,1400.58,14.62,21.61,553.75,2388.04,9061.62,1.3,47.13,522.72,2388.02,8147.5,8.4425,0.03,392,2388,100.0,38.98,23.4423
82,69,0.0014,0.0003,100.0,518.67,642.83,1580.83,1400.87,14.62,21.61,555.05,2387.99,9070.61,1.3,47.28,521.82,2388.02,8145.92,8.3974,0.03,392,2388,100.0,38.95,23.2937
82,70,-0.002,-0.0001,100.0,518.67,641.97,1575.8,1404.09,14.62,21.61,554.07,2387.98,9068.85,1.3,47.02,522.36,2387.99,8145.97,8.3829,0.03,393,2388,100.0,39.04,23.4799
82,71,-0.0014,0.0002,100.0,518.67,642.27,1581.7,1397.05,14.62,21.61,554.31,2387.97,9056.43,1.3,47.34,522.34,2387.96,8148.54,8.4029,0.03,392,2388,100.0,38.93,23.5102
82,72,-0.0046,-0.0003,100.0,518.67,642.21,1590.88,1393.9,14.62,21.61,554.75,2388.01,9066.91,1.3,47.35,522.48,2388.04,8145.54,8.3838,0.03,393,2388,100.0,39.1,23.4313
82,73,0.0018,-0.0002,100.0,518.67,641.69,1589.07,1399.88,14.62,21.61,555.31,2388.0,9061.29,1.3,47.2,522.58,2388.03,8145.64,8.3863,0.03,390,2388,100.0,38.84,23.4118
82,74,-0.0038,-0.0,100.0,518.67,642.19,1578.58,1400.45,14.62,21.61,554.42,2387.98,9059.2,1.3,47.24,522.33,2388.07,8148.53,8.3729,0.03,391,2388,100.0,38.96,23.4314
82,75,0.0026,0.0003,100.0,518.67,642.03,1580.04,1397.66,14.62,21.61,553.93,2387.98,9067.72,1.3,47.27,522.07,2388.01,8148.23,8.4238,0.03,394,2388,100.0,39.02,23.4079
82,76,0.0006,-0.0002,100.0,518.67,641.94,1584.72,1393.12,14.62,21.61,554.64,2388.07,9063.27,1.3,47.21,522.05,2387.99,8148.73,8.3667,0.03,390,2388,100.0,38.93,23.35
82,77,0.0014,-0.0001,100.0,518.67,642.79,1593.64,1394.11,14.62,21.61,554.91,2388.03,9067.92,1.3,47.28,522.14,2388.05,8147.43,8.3984,0.03,392,2388,100.0,39.02,23.4076
82,78,0.0002,-0.0003,100.0,518.67,641.9,1587.15,1393.47,14.62,21.61,554.3,2387.97,9067.07,1.3,47.13,521.94,2388.0,8154.25,8.3963,0.03,391,2388,100.0,39.04,23.3879
82,79,-0.0002,0.0004,100.0,518.67,642.42,1580.51,1399.41,14.62,21.61,554.22,2387.96,9068.43,1.3,47.05,522.64,2388.03,8148.88,8.3825,0.03,391,2388,100.0,39.01,23.3761
82,80,0.0022,-0.0,100.0,518.67,642.15,1588.3,1400.52,14.62,21.61,554.17,2388.06,9060.14,1.3,47.32,522.71,2388.01,8149.5,8.3899,0.03,391,2388,100.0,39.18,23.3306
82,81,-0.0005,-0.0002,100.0,518.67,642.04,1580.53,1395.32,14.62,21.61,554.87,2387.95,9058.03,1.3,47.11,522.44,2388.0,8150.62,8.4267,0.03,393,2388,100.0,38.93,23.3714
82,82,-0.002,0.0,100.0,518.67,642.18,1588.84,1389.85,14.62,21.61,554.4,2388.0,9068.36,1.3,47.25,522.7,2387.99,8146.65,8.4043,0.03,391,2388,100.0,39.11,23.5069
82,83,0.0018,-0.0003,100.0,518.67,642.15,1587.68,1396.25,14.62,21.6,554.2,2388.01,9070.2,1.3,47.38,522.11,2388.01,8154.38,8.3832,0.03,391,2388,100.0,38.94,23.3782
82,84,-0.0,0.0001,100.0,518.67,642.12,1582.55,1399.1,14.62,21.61,554.41,2387.97,9064.88,1.3,47.16,522.24,2388.0,8152.05,8.417,0.03,393,2388,100.0,38.96,23.4961
82,85,-0.0037,0.0,100.0,518.67,642.66,1587.9,1407.23,14.62,21.61,554.8,2388.02,9062.11,1.3,47.17,522.39,2387.98,8145.07,8.4068,0.03,393,2388,100.0,38.91,23.4636
82,86,0.0006,0.0004,100.0,518.67,642.39,1587.53,1400.7,14.62,21.61,554.87,2388.02,9074.45,1.3,47.24,522.42,2388.06,8150.31,8.4499,0.03,392,2388,100.0,39.01,23.4559
82,87,-0.0015,0.0001,100.0,518.67,642.02,1580.54,1398.09,14.62,21.61,553.96,2388.05,9070.51,1.3,47.19,522.01,2388.01,8145.62,8.3783,0.03,392,2388,100.0,38.97,23.3978
82,88,0.0035,-0.0002,100.0,518.67,642.51,1582.25,1396.12,14.62,21.6,554.3,2388.02,9069.69,1.3,47.4,522.65,2387.99,8146.75,8.3745,0.03,393,2388,100.0,39.0,23.3663
82,89,-0.0007,-0.0003,100.0,518.67,642.09,1584.93,1393.61,14.62,21.61,554.28,2388.04,9062.05,1.3,47.11,523.06,2387.98,8143.86,8.3881,0.03,391,2388,100.0,39.07,23.4389
82,90,0.0017,-0.0004,100.0,518.67,641.94,1584.69,1393.4,14.62,21.61,554.4,2387.99,9070.76,1.3,47.14,522.35,2388.02,8152.82,8.3881,0.03,393,2388,100.0,39.03,23.3473
82,91,0.0006,0.0003,100.0,518.67,642.06,1587.44,1401.07,14.62,21.61,554.22,2388.0,9073.63,1.3,47.29,521.93,2388.05,8155.41,8.3978,0.03,392,2388,100.0,38.97,23.4186
82,92,-0.0021,-0.0004,100.0,518.67,642.59,1589.87,1394.25,14.62,21.61,554.89,2388.01,9064.36,1.3,47.13,522.29,2387.99,8147.74,8.3993,0.03,393,2388,100.0,39.06,23.3258
82,93,0.0005,-0.0003,100.0,518.67,641.99,1594.55,1397.75,14.62,21.61,554.31,2387.98,9070.59,1.3,47.16,522.98,2388.04,8152.3,8.3766,0.03,392,2388,100.0,38.93,23.4293
82,94,0.0023,0.0001,100.0,518.67,642.3,1581.25,1397.05,14.62,21.61,554.17,2388.04,9069.86,1.3,47.16,522.69,2387.96,8152.28,8.4122,0.03,393,2388,100.0,38.98,23.4563
82,95,-0.0035,-0.0003,100.0,518.67,641.37,1585.19,1398.01,14.62,21.61,554.63,2388.0,9066.61,1.3,47.07,522.55,2387.92,8150.0,8.3932,0.03,392,2388,100.0,38.92,23.4094
82,96,0.0033,0.0004,100.0,518.67,641.79,1583.22,1395.78,14.62,21.61,553.84,2388.06,9070.59,1.3,47.21,522.06,2387.99,8139.51,8.4241,0.03,391,2388,100.0,38.92,23.4426
82,97,0.0001,-0.0001,100.0,518.67,642.92,1583.57,1401.1,14.62,21.61,553.49,2388.07,9070.92,1.3,47.29,522.67,2387.94,8147.88,8.3686,0.03,392,2388,100.0,39.27,23.4193
82,98,0.0038,-0.0002,100.0,518.67,642.61,1587.49,1394.63,14.62,21.61,554.39,2387.95,9070.63,1.3,47.33,522.22,2388.06,8145.74,8.4094,0.03,393,2388,100.0,38.96,23.439
82,99,0.0046,-0.0001,100.0,518.67,642.36,1586.44,1400.16,14.62,21.61,554.29,2387.98,9064.33,1.3,47.25,522.47,2388.01,8150.36,8.4079,0.03,391,2388,100.0,39.0,23.4074
82,100,-0.002,-0.0003,100.0,518.67,641.95,1583.97,1399.4,14.62,21.61,554.24,2388.04,9075.93,1.3,47.31,522.25,2388.0,8148.85,8.3703,0.03,392,2388,100.0,39.02,23.4166
82,101,0.002,0.0,100.0,518.67,642.09,1585.74,1394.57,14.62,21.61,554.32,2388.0,9069.63,1.3,47.4,522.24,2388.01,8145.21,8.4036,0.03,394,2388,100.0,39.03,23.513
82,102,0.0038,-0.0006,100.0,518.67,642.18,1583.91,1399.12,14.62,21.61,554.87,2388.02,9073.69,1.3,47.37,522.07,2387.97,8147.53,8.4228,0.03,391,2388,100.0,38.92,23.4565
82,103,-0.0043,0.0001,100.0,518.67,642.57,1581.34,1391.14,14.62,21.61,553.88,2388.0,9071.25,1.3,47.3,522.24,2387.99,8154.91,8.3906,0.03,391,2388,100.0,39.0,23.4544
82,104,0.0004,0.0001,100.0,518.67,641.69,1585.5,1403.44,14.62,21.61,554.03,2388.0,9064.04,1.3,47.23,522.25,2388.03,8151.44,8.4298,0.03,391,2388,100.0,38.89,23.4647
82,105,-0.0024,-0.0004,100.0,518.67,642.14,1585.77,1398.55,14.62,21.61,554.22,2388.0,9070.67,1.3,47.22,522.06,2387.97,8153.42,8.3849,0.03,392,2388,100.0,39.1,23.3815
82,106,-0.0017,0.0,100.0,518.67,642.32,1585.19,1398.56,14.62,21.61,553.95,2388.01,9067.27,1.3,47.05,522.5,2388.04,8149.85,8.417,0.03,393,2388,100.0,38.89,23.3749
82,107,-0.0014,0.0001,100.0,518.67,642.19,1582.74,1398.29,14.62,21.61,555.01,2388.04,9059.05,1.3,47.36,522.39,2388.0,8154.08,8.4011,0.03,393,2388,100.0,39.08,23.333
82,108,0.0032,-0.0004,100.0,518.67,641.96,1591.71,1391.45,14.62,21.61,554.19,2388.02,9074.21,1.3,47.31,522.16,2388.02,8141.25,8.4206,0.03,393,2388,100.0,38.86,23.4308
82,109,-0.0002,-0.0,100.0,518.67,642.26,1586.89,1402.79,14.62,21.6,554.87,2388.04,9068.99,1.3,47.31,522.47,2387.98,8148.44,8.3981,0.03,391,2388,100.0,38.97,23.3634
82,110,0.0005,0.0003,100.0,518.67,642.0,1587.31,1398.09,14.62,21.61,553.43,2388.03,9073.16,1.3,47.4,521.56,2388.01,8149.89,8.3897,0.03,392,2388,100.0,39.11,23.3678
82,111,0.0004,0.0001,100.0,518.67,642.41,1586.12,1397.15,14.62,21.61,553.67,2387.98,9070.13,1.3,47.29,522.12,2388.01,8157.06,8.398,0.03,392,2388,100.0,39.14,23.4699
82,112,0.001,-0.0005,100.0,518.67,641.63,1586.99,1402.58,14.62,21.61,553.88,2388.0,9076.72,1.3,47.35,521.97,2387.96,8153.67,8.3852,0.03,391,2388,100.0,39.11,23.4294
82,113,0.0015,0.0001,100.0,518.67,642.22,1584.18,1404.66,14.62,21.61,554.56,2388.07,9073.42,1.3,47.37,522.43,2387.97,8152.62,8.4139,0.03,393,2388,100.0,38.98,23.4146
82,114,-0.0015,-0.0,100.0,518.67,642.25,1589.46,1392.57,14.62,21.61,553.9,2387.99,9079.53,1.3,47.24,522.26,2388.06,8152.16,8.4309,0.03,392,2388,100.0,39.03,23.3536
82,115,0.0008,-0.0002,100.0,518.67,642.22,1582.73,1395.23,14.62,21.61,554.02,2387.98,9078.63,1.3,47.11,522.56,2387.99,8153.14,8.4035,0.03,393,2388,100.0,39.03,23.3115
82,116,0.001,-0.0004,100.0,518.67,642.65,1575.87,1400.03,14.62,21.61,554.73,2388.04,9074.77,1.3,47.16,522.11,2388.01,8156.75,8.4178,0.03,393,2388,100.0,38.86,23.4082
82,117,-0.002,0.0004,100.0,518.67,642.69,1588.93,1395.53,14.62,21.61,554.29,2388.06,9080.86,1.3,47.25,522.13,2388.05,8150.38,8.3878,0.03,394,2388,100.0,38.86,23.4224
82,118,0.0008,0.0002,100.0,518.67,642.39,1585.84,1404.56,14.62,21.61,554.08,2388.05,9079.24,1.3,47.29,522.43,2388.04,8157.69,8.4055,0.03,393,2388,100.0,39.01,23.5257
82,119,0.0023,-0.0001,100.0,518.67,642.75,1589.01,1401.0,14.62,21.61,554.01,2388.01,9077.16,1.3,47.33,522.15,2387.98,8151.52,8.4311,0.03,392,2388,100.0,38.96,23.3131
82,120,0.0033,-0.0004,100.0,518.67,642.31,1590.84,1407.96,14.62,21.61,554.48,2387.99,9075.64,1.3,47.34,521.86,2387.98,8155.84,8.4219,0.03,394,2388,100.0,38.96,23.4033
82,121,0.0001,-0.0001,100.0,518.67,642.17,1587.92,1407.28,14.62,21.61,554.1,2387.96,9080.79,1.3,47.24,521.93,2388.0,8152.78,8.4061,0.03,391,2388,100.0,39.04,23.4437
82,122,-0.0001,0.0002,100.0,518.67,642.36,1585.89,1403.37,14.62,21.61,554.17,2388.03,9072.93,1.3,47.48,521.37,2388.05,8163.51,8.4098,0.03,392,2388,100.0,38.88,23.3777
82,123,0.0016,0.0002,100.0,518.67,642.64,1582.04,1399.08,14.62,21.6,554.79,2388.0,9079.68,1.3,47.15,522.09,2388.05,8153.63,8.3746,0.03,392,2388,100.0,38.89,23.3542
82,124,0.0006,-0.0005,100.0,518.67,642.21,1586.98,1404.83,14.62,21.61,554.11,2388.08,9073.04,1.3,47.48,522.52,2388.0,8162.75,8.414,0.03,391,2388,100.0,38.9,23.3692
82,125,0.0001,-0.0002,100.0,518.67,641.9,1594.28,1398.69,14.62,21.6,555.12,2388.0,9070.48,1.3,47.12,522.38,2388.0,8150.24,8.4058,0.03,391,2388,100.0,38.99,23.4025
82,126,0.0033,-0.0001,100.0,518.67,642.26,1581.22,1400.15,14.62,21.6,554.32,2388.04,9075.91,1.3,47.29,521.82,2388.07,8152.98,8.4527,0.03,394,2388,100.0,39.04,23.33
82,127,-0.0014,-0.0003,100.0,518.67,642.57,1578.58,1399.93,14.62,21.61,553.51,2387.99,9084.37,1.3,47.28,521.83,2388.04,8158.04,8.4314,0.03,393,2388,100.0,39.07,23.28
82,128,-0.0003,0.0003,100.0,518.67,641.76,1589.84,1399.23,14.62,21.61,554.2,2388.04,9074.11,1.3,47.35,521.84,2388.02,8154.69,8.3897,0.03,391,2388,100.0,38.8,23.3672
82,129,-0.002,0.0,100.0,518.67,642.22,1585.7,1397.14,14.62,21.61,553.58,2388.02,9082.74,1.3,47.2,522.02,2388.01,8152.23,8.4298,0.03,392,2388,100.0,38.87,23.3531
82,130,0.0056,-0.0002,100.0,518.67,642.46,1587.12,1401.02,14.62,21.61,554.57,2388.0,9080.0,1.3,47.4,521.67,2388.0,8158.26,8.4078,0.03,391,2388,100.0,39.02,23.2821
82,131,-0.0011,0.0003,100.0,518.67,642.52,1578.64,1402.33,14.62,21.61,554.75,2387.98,9077.82,1.3,47.31,521.8,2388.01,8154.09,8.449,0.03,391,2388,100.0,38.89,23.2888
82,132,0.0032,-0.0002,100.0,518.67,642.89,1588.92,1399.35,14.62,21.61,553.37,2388.02,9081.36,1.3,47.41,521.91,2388.02,8153.26,8.4108,0.03,393,2388,100.0,38.94,23.405
82,133,0.0,-0.0,100.0,518.67,642.04,1593.09,1403.33,14.62,21.61,554.15,2388.01,9079.11,1.3,47.36,522.18,2388.05,8161.32,8.4324,0.03,394,2388,100.0,38.95,23.4238
82,134,0.0023,0.0004,100.0,518.67,643.29,1591.32,1399.0,14.62,21.61,554.0,2388.01,9080.67,1.3,47.41,521.71,2388.02,8161.38,8.402,0.03,394,2388,100.0,38.86,23.3006
82,135,-0.002,-0.0005,100.0,518.67,642.35,1593.21,1399.55,14.62,21.61,554.21,2388.0,9078.07,1.3,47.19,522.25,2388.0,8156.19,8.4312,0.03,392,2388,100.0,38.91,23.3816
82,136,-0.001,-0.0002,100.0,518.67,642.65,1591.18,1400.18,14.62,21.61,554.27,2388.0,9077.38,1.3,47.24,521.85,2388.0,8156.28,8.483,0.03,394,2388,100.0,39.0,23.3306
82,137,-0.0012,0.0001,100.0,518.67,642.62,1592.53,1402.84,14.62,21.61,554.44,2388.04,9088.92,1.3,47.47,521.49,2388.06,8165.8,8.3968,0.03,393,2388,100.0,39.12,23.3798
82,138,-0.0042,0.0003,100.0,518.67,642.28,1595.28,1407.96,14.62,21.61,553.85,2388.01,9080.28,1.3,47.41,522.07,2387.98,8159.05,8.3968,0.03,392,2388,100.0,39.07,23.372
82,139,-0.0028,0.0002,100.0,518.67,642.43,1581.07,1403.39,14.62,21.61,554.33,2388.04,9082.09,1.3,47.25,522.1,2388.07,8154.44,8.4095,0.03,393,2388,100.0,38.8,23.3743
82,140,-0.0012,-0.0003,100.0,518.67,642.63,1589.51,1416.47,14.62,21.61,554.08,2387.95,9085.52,1.3,47.33,521.83,2388.03,8160.81,8.4187,0.03,393,2388,100.0,38.99,23.4302
82,141,0.0004,-0.0004,100.0,518.67,642.39,1592.28,1402.14,14.62,21.61,554.17,2388.06,9084.02,1.3,47.33,521.54,2388.03,8164.15,8.3952,0.03,394,2388,100.0,38.9,23.2709
82,142,0.0018,0.0003,100.0,518.67,642.45,1581.23,1399.59,14.62,21.61,553.69,2387.98,9083.66,1.3,47.2,521.4,2388.05,8159.89,8.4189,0.03,392,2388,100.0,38.75,23.3331
82,143,0.0072,-0.0004,100.0,518.67,642.42,1585.36,1406.59,14.62,21.61,554.18,2387.98,9078.92,1.3,47.31,521.76,2387.98,8165.53,8.4277,0.03,393,2388,100.0,38.98,23.3523
82,144,-0.0014,-0.0003,100.0,518.67,642.76,1584.02,1404.16,14.62,21.61,553.91,2388.01,9082.93,1.3,47.31,521.89,2387.97,8167.05,8.4071,0.03,393,2388,100.0,38.98,23.2815
82,145,-0.0016,0.0003,100.0,518.67,642.42,1593.65,1398.69,14.62,21.61,553.6,2388.04,9086.13,1.3,47.33,521.76,2388.03,8163.9,8.4321,0.03,394,2388,100.0,38.89,23.4849
82,146,0.0048,0.0001,100.0,518.67,642.37,1575.95,1404.42,14.62,21.61,554.34,2388.02,9088.3,1.3,47.48,522.4,2388.05,8163.55,8.4248,0.03,393,2388,100.0,38.95,23.313
82,147,-0.0002,0.0002,100.0,518.67,642.99,1585.51,1405.08,14.62,21.61,554.27,2387.99,9085.55,1.3,47.23,521.59,2388.04,8160.96,8.423,0.03,393,2388,100.0,39.07,23.4418
82,148,-0.0009,-0.0003,100.0,518.67,642.66,1584.44,1409.35,14.62,21.61,553.2,2388.03,9086.45,1.3,47.34,522.37,2388.07,8163.64,8.4191,0.03,392,2388,100.0,38.97,23.4428
82,149,0.0007,0.0002,100.0,518.67,642.86,1587.56,1405.24,14.62,21.61,553.78,2388.03,9084.09,1.3,47.28,521.66,2388.02,8164.33,8.4636,0.03,392,2388,100.0,39.05,23.3233
82,150,-0.0003,-0.0002,100.0,518.67,642.49,1587.17,1406.17,14.62,21.61,553.12,2388.01,9083.98,1.3,47.52,521.43,2388.05,8170.37,8.4014,0.03,392,2388,100.0,38.82,23.4176
82,151,0.0002,-0.0,100.0,518.67,642.08,1585.16,1409.3,14.62,21.61,553.97,2388.05,9089.52,1.3,47.35,521.98,2388.01,8168.53,8.411,0.03,391,2388,100.0,38.94,23.4587
82,152,0.0004,0.0003,100.0,518.67,642.5,1589.35,1401.06,14.62,21.61,553.56,2387.98,9086.56,1.3,47.26,521.97,2388.0,8167.86,8.418,0.03,393,2388,100.0,39.04,23.4108
82,153,-0.0046,-0.0,100.0,518.67,642.68,1592.85,1404.96,14.62,21.61,553.17,2388.05,9084.13,1.3,47.16,522.24,2388.07,8168.34,8.4462,0.03,394,2388,100.0,38.92,23.3621
82,154,-0.0003,-0.0,100.0,518.67,642.45,1585.34,1409.34,14.62,21.61,554.09,2388.01,9095.61,1.3,47.58,521.94,2388.01,8168.07,8.4095,0.03,391,2388,100.0,38.94,23.3949
82,155,-0.0044,-0.0002,100.0,518.67,642.68,1592.47,1400.53,14.62,21.61,553.14,2388.04,9089.56,1.3,47.56,521.34,2388.03,8167.74,8.4191,0.03,393,2388,100.0,38.89,23.2989
82,156,-0.0018,0.0001,100.0,518.67,642.32,1593.92,1408.5,14.62,21.61,553.54,2388.04,9094.46,1.3,47.66,521.9,2388.04,8172.37,8.4501,0.03,394,2388,100.0,38.83,23.3885
82,157,-0.0026,-0.0,100.0,518.67,642.91,1589.26,1408.95,14.62,21.61,553.62,2388.03,9096.54,1.3,47.62,521.92,2387.99,8166.97,8.4786,0.03,394,2388,100.0,38.84,23.3049
82,158,-0.0007,0.0002,100.0,518.67,642.03,1591.37,1406.81,14.62,21.61,553.69,2388.04,9092.98,1.3,47.48,522.17,2388.03,8173.34,8.4485,0.03,393,2388,100.0,38.85,23.3004
82,159,-0.002,0.0001,100.0,518.67,642.52,1587.28,1399.82,14.62,21.61,553.39,2388.04,9091.33,1.3,47.44,521.62,2388.03,8173.69,8.4002,0.03,393,2388,100.0,38.8,23.3837
82,160,0.0018,0.0003,100.0,518.67,642.46,1589.84,1409.99,14.62,21.61,553.75,2388.05,9094.97,1.3,47.52,522.06,2388.05,8170.11,8.4536,0.03,393,2388,100.0,38.89,23.3509
82,161,-0.0006,0.0002,100.0,518.67,642.68,1584.55,1406.73,14.62,21.61,553.7,2387.99,9097.78,1.3,47.45,521.51,2388.04,8167.16,8.4205,0.03,394,2388,100.0,38.92,23.3002
82,162,0.0005,-0.0005,100.0,518.67,642.74,1590.54,1403.76,14.62,21.61,554.45,2388.09,9092.99,1.3,47.42,522.15,2388.01,8178.5,8.4336,0.03,395,2388,100.0,38.9,23.2789
82,163,0.0025,-0.0002,100.0,518.67,642.44,1588.17,1396.25,14.62,21.61,554.06,2388.05,9095.39,1.3,47.66,521.53,2388.03,8173.61,8.4381,0.03,394,2388,100.0,38.89,23.4518
82,164,-0.0003,-0.0001,100.0,518.67,641.75,1592.56,1398.84,14.62,21.61,553.36,2388.01,9101.97,1.3,47.44,521.65,2388.06,8179.16,8.4567,0.03,393,2388,100.0,39.06,23.2508
82,165,-0.0008,0.0004,100.0,518.67,642.93,1589.76,1407.48,14.62,21.61,553.83,2388.08,9099.85,1.3,47.46,521.56,2388.02,8174.3,8.4342,0.03,394,2388,100.0,38.85,23.2648
82,166,0.0029,-0.0002,100.0,518.67,642.32,1597.86,1407.14,14.62,21.61,553.88,2388.0,9103.18,1.3,47.48,521.47,2387.99,8176.7,8.4579,0.03,394,2388,100.0,38.76,23.3425
82,167,-0.004,-0.0005,100.0,518.67,642.82,1579.3,1415.57,14.62,21.61,553.64,2388.01,9106.23,1.3,47.46,521.53,2388.03,8178.21,8.4547,0.03,394,2388,100.0,38.96,23.1606
82,168,0.0005,0.0001,100.0,518.67,642.46,1588.51,1404.86,14.62,21.61,553.33,2388.03,9104.63,1.3,47.45,521.58,2388.05,8178.43,8.4626,0.03,393,2388,100.0,38.71,23.2917
82,169,0.0011,0.0,100.0,518.67,641.96,1596.72,1403.51,14.62,21.61,553.57,2388.07,9106.43,1.3,47.61,521.52,2388.05,8176.5,8.4905,0.03,392,2388,100.0,39.01,23.2769
82,170,-0.0013,0.0,100.0,518.67,642.96,1601.29,1405.87,14.62,21.61,553.66,2388.02,9103.06,1.3,47.47,521.08,2388.0,8184.0,8.4372,0.03,394,2388,100.0,38.85,23.2722
82,171,-0.0011,-0.0004,100.0,518.67,643.16,1593.89,1403.24,14.62,21.61,553.06,2388.07,9109.78,1.3,47.51,521.37,2388.08,8179.52,8.4666,0.03,393,2388,100.0,38.84,23.3597
82,172,-0.0026,-0.0004,100.0,518.67,642.21,1589.58,1407.52,14.62,21.61,553.58,2388.01,9107.7,1.3,47.41,522.05,2388.06,8182.78,8.4403,0.03,395,2388,100.0,38.77,23.2359
82,173,-0.0011,-0.0002,100.0,518.67,642.71,1593.21,1406.15,14.62,21.61,554.28,2388.05,9107.04,1.3,47.55,521.31,2388.0,8183.83,8.4203,0.03,394,2388,100.0,38.74,23.2732
82,174,0.0015,-0.0004,100.0,518.67,643.56,1595.78,1407.61,14.62,21.61,553.92,2388.05,9115.93,1.3,47.6,521.18,2388.03,8188.23,8.4469,0.03,394,2388,100.0,39.03,23.2962
82,175,0.0015,0.0,100.0,518.67,642.33,1598.41,1409.12,14.62,21.61,552.91,2388.05,9114.58,1.3,47.47,521.61,2388.03,8180.99,8.4387,0.03,395,2388,100.0,38.64,23.2877
82,176,-0.002,-0.0005,100.0,518.67,642.83,1586.89,1414.64,14.62,21.61,553.34,2387.99,9117.72,1.3,47.66,521.67,2388.04,8183.97,8.4495,0.03,394,2388,100.0,38.67,23.3769
82,177,-0.0017,0.0001,100.0,518.67,643.12,1591.34,1410.71,14.62,21.61,552.86,2388.03,9117.46,1.3,47.64,521.68,2388.05,8190.41,8.4233,0.03,393,2388,100.0,38.89,23.1283
82,178,0.0014,-0.0003,100.0,518.67,642.31,1594.91,1408.81,14.62,21.61,554.33,2388.06,9111.76,1.3,47.6,521.63,2388.01,8187.24,8.4776,0.03,393,2388,100.0,38.86,23.2156
82,179,0.0,-0.0004,100.0,518.67,642.52,1591.79,1418.17,14.62,21.61,553.21,2388.05,9121.62,1.3,47.76,521.31,2388.04,8191.27,8.4526,0.03,393,2388,100.0,38.89,23.2202
82,180,0.0011,0.0003,100.0,518.67,642.77,1588.85,1409.98,14.62,21.61,552.94,2388.06,9113.29,1.3,47.56,521.3,2388.03,8191.05,8.4415,0.03,393,2388,100.0,38.75,23.357
82,181,0.0016,0.0004,100.0,518.67,642.96,1589.58,1415.05,14.62,21.61,552.97,2388.04,9120.25,1.3,47.74,521.9,2388.04,8196.4,8.4675,0.03,394,2388,100.0,38.64,23.2335
82,182,-0.0043,-0.0004,100.0,518.67,643.31,1597.04,1409.69,14.62,21.61,553.48,2388.0,9117.34,1.3,47.73,521.96,2388.02,8194.56,8.4508,0.03,394,2388,100.0,38.97,23.1857
82,183,-0.0004,0.0002,100.0,518.67,643.08,1597.09,1410.26,14.62,21.61,553.08,2388.05,9121.68,1.3,47.51,521.8,2388.08,8195.04,8.4578,0.03,394,2388,100.0,38.69,23.3193
82,184,0.0034,-0.0005,100.0,518.67,642.83,1592.11,1417.63,14.62,21.61,553.45,2388.04,9130.13,1.3,47.7,521.1,2388.01,8197.25,8.446,0.03,393,2388,100.0,38.81,23.2667
82,185,0.0032,-0.0004,100.0,518.67,642.93,1598.06,1400.51,14.62,21.61,552.85,2388.1,9121.4,1.3,47.66,521.77,2388.02,8197.65,8.4286,0.03,392,2388,100.0,38.64,23.3238
82,186,-0.0027,0.0002,100.0,518.67,642.78,1595.94,1409.73,14.62,21.61,552.87,2388.03,9126.85,1.3,47.77,521.21,2388.07,8199.15,8.4838,0.03,395,2388,100.0,38.8,23.2288
82,187,-0.0007,0.0003,100.0,518.67,642.34,1597.02,1411.39,14.62,21.61,553.12,2388.12,9133.34,1.3,47.85,521.9,2388.07,8205.06,8.4553,0.03,394,2388,100.0,38.66,23.2073
82,188,0.002,-0.0,100.0,518.67,643.03,1595.78,1415.91,14.62,21.61,553.18,2388.1,9137.66,1.3,47.57,521.32,2388.1,8205.82,8.4388,0.03,395,2388,100.0,38.63,23.1911
82,189,-0.0001,0.0,100.0,518.67,642.7,1591.53,1409.21,14.62,21.61,553.29,2388.13,9132.81,1.3,47.54,521.34,2388.12,8202.95,8.4708,0.03,394,2388,100.0,38.74,23.2806
82,190,0.0009,-0.0002,100.0,518.67,642.92,1599.34,1415.84,14.62,21.61,552.82,2388.07,9138.13,1.3,47.81,521.07,2388.1,8209.2,8.4581,0.03,393,2388,100.0,38.88,23.258
82,191,0.0013,-0.0002,100.0,518.67,643.26,1593.75,1409.07,14.62,21.61,552.89,2388.08,9131.12,1.3,47.74,521.5,2388.09,8204.71,8.4655,0.03,395,2388,100.0,38.75,23.1495
82,192,-0.0004,0.0004,100.0,518.67,643.07,1602.68,1410.5,14.62,21.61,553.0,2388.08,9146.54,1.3,47.59,521.5,2388.05,8217.06,8.4807,0.03,395,2388,100.0,38.49,23.2327
82,193,0.0028,0.0004,100.0,518.67,642.51,1594.43,1418.36,14.62,21.61,552.54,2388.03,9133.11,1.3,47.8,521.04,2388.07,8206.82,8.4896,0.03,393,2388,100.0,38.65,23.2054
82,194,-0.0027,0.0003,100.0,518.67,643.23,1599.69,1414.71,14.62,21.61,553.03,2388.06,9147.11,1.3,47.74,520.81,2388.13,8208.87,8.5072,0.03,396,2388,100.0,38.6,23.096
82,195,0.0016,-0.0003,100.0,518.67,643.11,1603.6,1422.45,14.62,21.61,552.26,2388.08,9149.61,1.3,47.76,520.66,2388.08,8218.51,8.4968,0.03,395,2388,100.0,38.52,23.152
82,196,0.0043,0.0001,100.0,518.67,643.39,1592.95,1419.44,14.62,21.61,552.38,2388.11,9153.31,1.3,47.73,520.91,2388.1,8216.76,8.4954,0.03,396,2388,100.0,38.63,23.1945
82,197,0.0031,0.0004,100.0,518.67,643.22,1601.42,1416.52,14.62,21.61,552.4,2388.16,9153.75,1.3,47.83,520.88,2388.11,8217.85,8.456,0.03,393,2388,100.0,38.51,23.1537
82,198,0.0005,-0.0002,100.0,518.67,643.59,1602.87,1422.64,14.62,21.61,553.12,2388.07,9149.6,1.3,47.69,520.89,2388.05,8220.49,8.499,0.03,395,2388,100.0,38.42,23.1438
82,199,-0.0024,0.0004,100.0,518.67,643.24,1598.93,1424.94,14.62,21.61,552.56,2388.16,9159.03,1.3,47.69,520.79,2388.1,8224.85,8.4997,0.03,396,2388,100.0,38.81,23.0799
82,200,0.0007,-0.0004,100.0,518.67,643.47,1602.4,1425.75,14.62,21.61,552.38,2388.09,9163.03,1.3,47.69,520.92,2388.12,8230.84,8.493,0.03,395,2388,100.0,38.71,23.1791
82,201,-0.0032,-0.0002,100.0,518.67,643.19,1599.54,1427.61,14.62,21.61,551.93,2388.18,9172.44,1.3,47.97,520.97,2388.09,8226.85,8.494,0.03,395,2388,100.0,38.66,23.1539
82,202,0.0003,0.0002,100.0,518.67,642.76,1591.99,1427.79,14.62,21.61,552.71,2388.1,9168.79,1.3,47.97,520.51,2388.13,8231.67,8.4862,0.03,398,2388,100.0,38.53,23.1049
82,203,-0.0002,0.0001,100.0,518.67,643.59,1596.45,1420.6,14.62,21.61,552.5,2388.15,9175.36,1.3,47.9,520.56,2388.09,8231.75,8.4952,0.03,394,2388,100.0,38.8,23.0097
82,204,0.0004,-0.0004,100.0,518.67,643.18,1593.87,1420.64,14.62,21.61,552.43,2388.15,9169.22,1.3,47.88,520.84,2388.1,8230.69,8.5178,0.03,396,2388,100.0,38.7,23.1532
82,205,-0.0006,-0.0003,100.0,518.67,643.64,1596.75,1428.16,14.62,21.61,551.91,2388.12,9177.7,1.3,47.88,520.63,2388.14,8239.17,8.4865,0.03,396,2388,100.0,38.46,23.1719
82,206,0.0012,-0.0002,100.0,518.67,643.4,1602.48,1426.24,14.62,21.61,552.48,2388.12,9183.06,1.3,47.92,520.03,2388.12,8236.0,8.4865,0.03,396,2388,100.0,38.74,23.1024
82,207,0.0022,0.0,100.0,518.67,643.59,1607.09,1416.6,14.62,21.61,552.48,2388.13,9185.97,1.3,47.94,520.83,2388.08,8247.28,8.5087,0.03,396,2388,100.0,38.36,23.1516
82,208,-0.0021,0.0,100.0,518.67,644.08,1607.74,1426.26,14.62,21.61,552.35,2388.12,9182.21,1.3,48.08,520.81,2388.13,8246.23,8.534,0.03,398,2388,100.0,38.44,23.1126
82,209,0.0006,0.0002,100.0,518.67,643.61,1604.53,1426.18,14.62,21.61,551.9,2388.19,9184.89,1.3,48.17,521.06,2388.13,8246.71,8.5333,0.03,397,2388,100.0,38.44,23.0434
82,210,0.0002,-0.0005,100.0,518.67,643.11,1608.87,1434.28,14.62,21.61,551.51,2388.13,9192.8,1.3,48.17,520.66,2388.13,8246.16,8.5255,0.03,396,2388,100.0,38.46,23.0639
82,211,-0.0004,-0.0004,100.0,518.67,643.61,1605.0,1426.94,14.62,21.61,552.46,2388.16,9192.88,1.3,48.04,520.73,2388.12,8258.32,8.523,0.03,396,2388,100.0,38.35,23.0294
82,212,0.0004,0.0004,100.0,518.67,643.66,1601.47,1426.74,14.62,21.61,551.85,2388.13,9199.74,1.3,48.22,520.16,2388.19,8255.68,8.5338,0.03,396,2388,100.0,38.5,23.2379
82,213,-0.0036,0.0001,100.0,518.67,643.48,1596.98,1425.66,14.62,21.61,552.05,2388.12,9200.05,1.3,48.18,520.43,2388.11,8262.35,8.5441,0.03,398,2388,100.0,38.49,23.0412
82,214,-0.0013,0.0003,100.0,518.67,643.73,1601.66,1427.73,14.62,21.61,551.57,2388.16,9215.59,1.3,48.3,520.01,2388.16,8267.9,8.5222,0.03,399,2388,100.0,38.56,23.0292
83,1,-0.0051,-0.0,100.0,518.67,642.14,1581.34,1392.65,14.62,21.61,554.79,2388.06,9057.43,1.3,47.14,522.26,2388.03,8148.42,8.3915,0.03,391,2388,100.0,39.13,23.3768
83,2,-0.0015,-0.0001,100.0,518.67,641.75,1575.29,1393.01,14.62,21.61,555.09,2388.02,9060.87,1.3,47.07,522.67,2387.98,8142.31,8.3902,0.03,392,2388,100.0,39.19,23.3193
83,3,0.002,-0.0005,100.0,518.67,641.9,1588.37,1391.04,14.62,21.61,554.56,2387.98,9058.42,1.3,47.19,522.54,2388.0,8139.69,8.4149,0.03,392,2388,100.0,39.01,23.4293
83,4,-0.0027,-0.0004,100.0,518.67,642.1,1585.82,1402.48,14.62,21.61,554.83,2387.94,9060.87,1.3,47.13,522.05,2387.98,8136.5,8.417,0.03,390,2388,100.0,39.07,23.5193
83,5,0.0037,-0.0,100.0,518.67,642.17,1581.64,1398.62,14.62,21.61,554.11,2388.01,9059.64,1.3,47.27,523.26,2388.03,8138.35,8.3773,0.03,391,2388,100.0,39.01,23.4225
83,6,0.0004,0.0003,100.0,518.67,641.74,1582.15,1394.59,14.62,21.61,554.83,2387.98,9052.49,1.3,47.2,522.1,2387.96,8141.27,8.3935,0.03,392,2388,100.0,38.96,23.4529
83,7,-0.0005,0.0002,100.0,518.67,641.61,1583.91,1396.79,14.62,21.61,554.36,2387.96,9058.53,1.3,47.16,522.99,2388.0,8138.93,8.3746,0.03,391,2388,100.0,39.14,23.5112
83,8,0.0002,-0.0001,100.0,518.67,641.92,1587.53,1394.05,14.62,21.61,554.41,2388.01,9060.14,1.3,47.05,522.27,2388.04,8140.46,8.3976,0.03,392,2388,100.0,38.97,23.3613
83,9,0.0006,0.0002,100.0,518.67,641.84,1586.99,1394.23,14.62,21.6,554.33,2388.03,9049.92,1.3,47.14,523.13,2388.04,8142.5,8.3922,0.03,391,2388,100.0,38.89,23.4499
83,10,0.0007,-0.0001,100.0,518.67,641.9,1583.41,1400.16,14.62,21.61,554.89,2387.97,9056.86,1.3,47.26,522.64,2388.01,8141.67,8.415,0.03,389,2388,100.0,39.06,23.457
83,11,-0.0021,-0.0004,100.0,518.67,642.06,1577.5,1390.48,14.62,21.61,554.9,2388.03,9057.84,1.3,47.21,522.97,2387.95,8141.79,8.4285,0.03,389,2388,100.0,39.0,23.3848
83,12,0.0016,-0.0002,100.0,518.67,641.44,1586.47,1402.08,14.62,21.6,555.43,2388.0,9059.03,1.3,47.23,522.71,2388.0,8136.47,8.3646,0.03,391,2388,100.0,38.91,23.4495
83,13,-0.0001,0.0003,100.0,518.67,641.59,1585.37,1400.84,14.62,21.61,554.47,2387.97,9062.9,1.3,47.16,522.5,2387.98,8141.69,8.3705,0.03,390,2388,100.0,39.19,23.4149
83,14,0.0019,-0.0003,100.0,518.67,641.48,1579.72,1399.07,14.62,21.6,554.98,2388.02,9052.32,1.3,47.35,522.51,2388.01,8146.92,8.3918,0.03,392,2388,100.0,39.07,23.4627
83,15,0.002,0.0001,100.0,518.67,642.28,1579.22,1394.18,14.62,21.6,554.8,2387.97,9054.15,1.3,47.15,522.2,2387.96,8140.48,8.3812,0.03,392,2388,100.0,39.18,23.4554
83,16,-0.0022,-0.0001,100.0,518.67,642.15,1586.81,1396.95,14.62,21.6,554.0,2388.0,9052.07,1.3,47.14,522.28,2387.96,8135.33,8.3677,0.03,391,2388,100.0,39.06,23.3728
83,17,-0.0001,0.0001,100.0,518.67,641.68,1586.2,1402.79,14.62,21.61,554.54,2388.03,9056.2,1.3,47.2,522.77,2388.0,8141.61,8.3667,0.03,392,2388,100.0,39.06,23.38
83,18,-0.0016,-0.0005,100.0,518.67,641.71,1579.52,1392.34,14.62,21.61,554.82,2387.99,9055.04,1.3,47.04,522.14,2388.02,8143.73,8.3917,0.03,392,2388,100.0,39.22,23.3965
83,19,0.0001,-0.0002,100.0,518.67,641.95,1587.74,1394.18,14.62,21.61,554.36,2388.02,9057.11,1.3,47.27,521.96,2387.96,8142.36,8.4354,0.03,390,2388,100.0,38.87,23.4891
83,20,-0.0022,-0.0004,100.0,518.67,641.4,1576.76,1393.19,14.62,21.61,554.74,2387.99,9051.66,1.3,47.06,522.4,2387.98,8139.69,8.3693,0.03,391,2388,100.0,39.05,23.3995
83,21,-0.0,-0.0003,100.0,518.67,642.02,1581.28,1402.91,14.62,21.61,554.24,2387.98,9051.41,1.3,47.17,522.51,2387.96,8144.29,8.3994,0.03,391,2388,100.0,39.25,23.4367
83,22,0.0017,0.0001,100.0,518.67,642.23,1574.41,1393.37,14.62,21.61,555.14,2388.02,9050.46,1.3,47.14,522.48,2387.97,8142.05,8.4349,0.03,391,2388,100.0,39.05,23.3847
83,23,0.0005,0.0002,100.0,518.67,642.51,1574.29,1393.39,14.62,21.61,554.37,2388.02,9054.8,1.3,47.12,521.89,2387.98,8139.48,8.3942,0.03,392,2388,100.0,39.05,23.4757
83,24,-0.0013,0.0,100.0,518.67,642.0,1574.48,1396.04,14.62,21.61,554.45,2388.06,9052.53,1.3,47.21,521.98,2388.01,8142.6,8.3923,0.03,392,2388,100.0,39.14,23.3609
83,25,-0.002,0.0001,100.0,518.67,641.67,1582.77,1395.44,14.62,21.61,554.86,2388.05,9057.96,1.3,47.19,522.75,2387.93,8146.07,8.4012,0.03,390,2388,100.0,38.98,23.4034
83,26,-0.0021,-0.0001,100.0,518.67,642.4,1588.21,1396.89,14.62,21.61,555.04,2387.96,9055.87,1.3,46.96,522.71,2388.0,8143.49,8.3905,0.03,392,2388,100.0,38.89,23.4299
83,27,-0.0004,0.0001,100.0,518.67,642.42,1585.72,1394.2,14.62,21.61,554.73,2387.96,9056.31,1.3,47.22,522.37,2387.98,8142.22,8.3826,0.03,392,2388,100.0,39.06,23.4823
83,28,-0.0011,0.0004,100.0,518.67,641.89,1579.42,1390.05,14.62,21.61,554.89,2387.95,9052.98,1.3,47.3,522.22,2387.97,8140.14,8.3948,0.03,391,2388,100.0,38.99,23.3742
83,29,-0.0049,-0.0005,100.0,518.67,641.44,1583.51,1391.57,14.62,21.61,554.38,2388.02,9054.88,1.3,47.23,522.19,2388.0,8144.59,8.3759,0.03,392,2388,100.0,38.95,23.4044
83,30,0.0022,0.0003,100.0,518.67,642.66,1581.19,1396.1,14.62,21.61,554.3,2388.01,9057.6,1.3,47.19,522.66,2387.97,8132.9,8.3877,0.03,391,2388,100.0,39.08,23.4738
83,31,0.0004,-0.0,100.0,518.67,642.08,1588.61,1404.23,14.62,21.61,555.42,2388.02,9061.33,1.3,47.15,522.03,2388.02,8141.55,8.3838,0.03,392,2388,100.0,39.02,23.4852
83,32,0.0022,-0.0001,100.0,518.67,641.85,1581.98,1395.81,14.62,21.61,554.53,2387.97,9060.29,1.3,47.17,522.63,2388.0,8138.65,8.3695,0.03,393,2388,100.0,38.96,23.3222
83,33,0.0012,-0.0001,100.0,518.67,642.09,1588.28,1394.41,14.62,21.61,554.19,2388.04,9055.49,1.3,47.0,522.3,2388.04,8137.79,8.409,0.03,391,2388,100.0,38.98,23.5983
83,34,-0.0007,-0.0,100.0,518.67,642.34,1582.52,1395.08,14.62,21.61,555.06,2387.98,9061.08,1.3,47.18,522.36,2388.02,8135.78,8.4052,0.03,391,2388,100.0,39.2,23.3595
83,35,-0.0038,0.0001,100.0,518.67,641.85,1579.33,1403.7,14.62,21.61,554.68,2388.0,9050.57,1.3,47.19,522.24,2388.03,8137.74,8.3686,0.03,392,2388,100.0,39.0,23.589
83,36,0.0039,-0.0004,100.0,518.67,642.08,1585.29,1404.18,14.62,21.61,554.8,2388.01,9056.88,1.3,47.03,522.06,2388.03,8137.92,8.3871,0.03,394,2388,100.0,39.09,23.4358
83,37,-0.0021,-0.0001,100.0,518.67,642.07,1586.19,1387.57,14.62,21.6,554.73,2388.02,9056.23,1.3,47.19,522.51,2387.98,8142.17,8.4121,0.03,392,2388,100.0,39.08,23.4848
83,38,0.0014,-0.0005,100.0,518.67,641.96,1580.04,1398.55,14.62,21.61,554.29,2387.98,9064.48,1.3,47.2,522.57,2388.03,8144.67,8.3755,0.03,391,2388,100.0,38.84,23.4304
83,39,-0.0013,-0.0001,100.0,518.67,642.37,1582.58,1392.91,14.62,21.61,555.03,2388.0,9061.78,1.3,47.08,522.6,2387.98,8138.96,8.4115,0.03,393,2388,100.0,38.98,23.3607
83,40,-0.0054,-0.0002,100.0,518.67,642.49,1586.32,1399.36,14.62,21.61,554.43,2387.97,9056.4,1.3,47.17,522.22,2388.01,8136.25,8.365,0.03,391,2388,100.0,39.24,23.5138
83,41,-0.0026,-0.0002,100.0,518.67,641.99,1583.08,1399.77,14.62,21.61,554.77,2388.01,9052.81,1.3,47.22,522.19,2388.02,8141.87,8.3764,0.03,393,2388,100.0,39.11,23.3739
83,42,0.0001,-0.0002,100.0,518.67,641.93,1583.14,1389.57,14.62,21.61,554.67,2387.97,9057.99,1.3,47.22,522.29,2387.98,8138.53,8.3904,0.03,390,2388,100.0,39.08,23.3547
83,43,-0.0007,0.0,100.0,518.67,641.53,1579.94,1401.71,14.62,21.61,554.6,2387.96,9053.36,1.3,46.94,522.14,2388.01,8141.79,8.3782,0.03,392,2388,100.0,39.16,23.4345
83,44,0.0009,-0.0002,100.0,518.67,641.67,1577.62,1398.59,14.62,21.61,555.28,2387.98,9061.9,1.3,47.14,522.79,2387.96,8143.68,8.3839,0.03,391,2388,100.0,38.93,23.4667
83,45,0.0009,-0.0002,100.0,518.67,642.5,1587.19,1395.09,14.62,21.61,554.34,2387.95,9056.12,1.3,47.3,522.44,2388.01,8140.67,8.377,0.03,393,2388,100.0,39.07,23.4351
83,46,-0.0036,-0.0002,100.0,518.67,641.93,1582.5,1395.53,14.62,21.61,554.79,2387.97,9059.73,1.3,47.24,522.78,2387.97,8140.61,8.3772,0.03,392,2388,100.0,38.97,23.3752
83,47,-0.0034,-0.0003,100.0,518.67,642.18,1584.91,1398.54,14.62,21.61,554.36,2388.01,9058.53,1.3,47.21,522.5,2387.98,8135.87,8.4357,0.03,392,2388,100.0,39.04,23.3992
83,48,-0.001,0.0004,100.0,518.67,642.25,1585.17,1397.54,14.62,21.61,554.74,2388.02,9054.83,1.3,47.22,521.97,2387.96,8142.91,8.3992,0.03,391,2388,100.0,38.92,23.4389
83,49,-0.0012,0.0002,100.0,518.67,642.19,1582.04,1391.8,14.62,21.61,554.22,2387.99,9059.91,1.3,47.16,522.35,2387.97,8143.45,8.3358,0.03,393,2388,100.0,39.06,23.5087
83,50,-0.0042,-0.0004,100.0,518.67,641.72,1574.96,1385.75,14.62,21.61,555.05,2387.99,9055.7,1.3,47.16,522.59,2387.98,8141.17,8.3635,0.03,392,2388,100.0,39.25,23.5316
83,51,-0.0026,0.0001,100.0,518.67,641.7,1594.67,1404.76,14.62,21.6,554.24,2387.99,9065.89,1.3,47.42,522.22,2388.0,8138.58,8.3682,0.03,392,2388,100.0,39.15,23.4456
83,52,0.0016,-0.0005,100.0,518.67,641.94,1580.01,1392.51,14.62,21.61,554.95,2387.94,9058.29,1.3,47.04,522.34,2388.01,8135.22,8.395,0.03,391,2388,100.0,39.1,23.4812
83,53,-0.0007,-0.0001,100.0,518.67,641.58,1583.06,1398.35,14.62,21.61,553.93,2388.0,9061.29,1.3,47.24,522.59,2387.93,8138.0,8.4019,0.03,391,2388,100.0,39.27,23.568
83,54,0.0003,0.0002,100.0,518.67,641.78,1585.71,1401.01,14.62,21.61,555.61,2388.01,9058.28,1.3,47.04,522.14,2388.01,8138.11,8.3638,0.03,392,2388,100.0,39.16,23.3596
83,55,0.0013,0.0002,100.0,518.67,642.04,1586.25,1403.62,14.62,21.61,555.16,2388.03,9046.49,1.3,47.23,522.2,2388.0,8142.09,8.3972,0.03,391,2388,100.0,38.86,23.4464
83,56,-0.0041,-0.0002,100.0,518.67,642.11,1589.2,1392.13,14.62,21.61,554.53,2388.0,9053.15,1.3,47.05,521.9,2388.0,8140.87,8.3725,0.03,392,2388,100.0,39.14,23.3578
83,57,0.0021,-0.0002,100.0,518.67,642.27,1578.93,1397.44,14.62,21.61,554.08,2388.0,9051.83,1.3,47.33,522.64,2388.02,8136.81,8.3954,0.03,391,2388,100.0,39.15,23.3916
83,58,-0.0009,-0.0,100.0,518.67,642.88,1583.75,1401.54,14.62,21.61,554.8,2388.0,9053.97,1.3,47.02,523.1,2387.99,8135.57,8.383,0.03,392,2388,100.0,39.06,23.373
83,59,-0.0045,-0.0003,100.0,518.67,642.9,1588.17,1401.25,14.62,21.61,554.63,2388.06,9055.86,1.3,47.16,522.54,2388.03,8137.3,8.3967,0.03,390,2388,100.0,39.14,23.57
83,60,-0.0018,0.0001,100.0,518.67,642.12,1583.78,1391.6,14.62,21.61,553.69,2387.97,9058.75,1.3,46.99,522.5,2388.0,8141.46,8.404,0.03,392,2388,100.0,39.13,23.343
83,61,-0.0002,-0.0001,100.0,518.67,642.0,1584.32,1398.63,14.62,21.61,554.7,2388.0,9053.82,1.3,47.33,522.16,2387.97,8139.06,8.3777,0.03,391,2388,100.0,39.01,23.3902
83,62,-0.0001,0.0005,100.0,518.67,642.4,1579.6,1399.79,14.62,21.61,554.61,2387.99,9056.63,1.3,47.28,522.36,2387.99,8143.63,8.419,0.03,390,2388,100.0,39.02,23.4534
83,63,-0.0,0.0001,100.0,518.67,642.05,1580.13,1398.63,14.62,21.61,554.9,2388.02,9049.92,1.3,47.13,522.79,2388.04,8142.59,8.4112,0.03,391,2388,100.0,39.07,23.2978
83,64,0.0006,-0.0,100.0,518.67,642.17,1585.25,1400.82,14.62,21.61,554.36,2387.99,9052.07,1.3,47.06,522.44,2388.02,8138.03,8.4182,0.03,390,2388,100.0,39.0,23.4278
83,65,0.0002,-0.0005,100.0,518.67,642.17,1589.25,1403.86,14.62,21.61,554.26,2387.99,9057.82,1.3,46.98,522.26,2387.98,8144.51,8.3678,0.03,392,2388,100.0,38.97,23.509
83,66,0.0034,-0.0,100.0,518.67,642.04,1585.17,1400.96,14.62,21.61,554.76,2388.04,9057.74,1.3,47.01,522.71,2387.93,8144.42,8.3699,0.03,391,2388,100.0,39.04,23.5411
83,67,0.0032,0.0001,100.0,518.67,642.34,1586.44,1391.0,14.62,21.61,554.21,2387.99,9059.87,1.3,47.12,522.37,2388.01,8143.53,8.4272,0.03,392,2388,100.0,38.88,23.5438
83,68,-0.0002,0.0004,100.0,518.67,642.21,1585.09,1406.37,14.62,21.6,554.73,2388.06,9058.64,1.3,47.14,522.6,2387.99,8135.54,8.3898,0.03,392,2388,100.0,38.95,23.4516
83,69,-0.0016,-0.0001,100.0,518.67,641.7,1588.53,1399.53,14.62,21.61,554.48,2387.98,9054.29,1.3,47.15,522.46,2388.01,8136.8,8.4053,0.03,393,2388,100.0,39.09,23.4635
83,70,0.0014,-0.0002,100.0,518.67,641.79,1580.23,1401.46,14.62,21.61,554.09,2388.02,9057.11,1.3,47.24,522.3,2388.02,8137.4,8.3963,0.03,391,2388,100.0,39.08,23.3959
83,71,0.0006,0.0003,100.0,518.67,642.33,1581.85,1396.95,14.62,21.61,554.82,2388.02,9053.58,1.3,47.13,522.33,2388.0,8139.77,8.4167,0.03,390,2388,100.0,39.02,23.3773
83,72,-0.0017,0.0001,100.0,518.67,641.86,1589.41,1399.05,14.62,21.61,554.46,2388.01,9048.72,1.3,47.23,522.36,2387.98,8139.07,8.3793,0.03,392,2388,100.0,38.88,23.3688
83,73,0.0019,-0.0002,100.0,518.67,642.32,1573.82,1396.44,14.62,21.61,554.18,2388.0,9062.38,1.3,47.14,522.55,2388.05,8136.05,8.3865,0.03,392,2388,100.0,39.04,23.4521
83,74,-0.0008,0.0001,100.0,518.67,642.29,1581.43,1394.97,14.62,21.61,554.28,2388.02,9055.04,1.3,47.13,522.49,2388.0,8139.99,8.3915,0.03,392,2388,100.0,39.15,23.3728
83,75,0.0012,0.0001,100.0,518.67,641.97,1580.89,1405.61,14.62,21.61,554.39,2388.01,9065.72,1.3,47.25,522.64,2388.07,8140.01,8.4434,0.03,393,2388,100.0,38.93,23.4276
83,76,-0.0001,0.0002,100.0,518.67,641.82,1579.26,1405.68,14.62,21.61,554.82,2388.04,9055.91,1.3,47.19,522.2,2388.0,8142.69,8.412,0.03,391,2388,100.0,38.86,23.4263
83,77,-0.0019,0.0002,100.0,518.67,641.83,1583.73,1401.13,14.62,21.61,554.81,2388.01,9053.4,1.3,47.09,522.24,2388.06,8143.09,8.3813,0.03,391,2388,100.0,39.12,23.3556
83,78,-0.0012,0.0004,100.0,518.67,641.99,1581.62,1398.8,14.62,21.61,554.72,2387.98,9050.51,1.3,47.21,522.4,2388.01,8137.39,8.3901,0.03,391,2388,100.0,38.98,23.4213
83,79,0.0017,-0.0,100.0,518.67,642.23,1583.46,1398.63,14.62,21.61,554.85,2388.01,9056.29,1.3,47.02,523.35,2388.03,8137.22,8.4212,0.03,392,2388,100.0,39.0,23.4195
83,80,-0.0005,0.0004,100.0,518.67,642.2,1586.95,1399.96,14.62,21.61,554.64,2387.96,9048.07,1.3,47.18,522.68,2388.03,8142.33,8.4271,0.03,392,2388,100.0,39.11,23.4543
83,81,0.0002,-0.0,100.0,518.67,642.45,1580.7,1394.18,14.62,21.61,554.24,2387.99,9049.22,1.3,47.23,522.44,2387.98,8146.72,8.3979,0.03,392,2388,100.0,39.05,23.5169
83,82,0.0017,0.0003,100.0,518.67,642.2,1583.65,1397.34,14.62,21.61,555.22,2388.03,9060.7,1.3,47.19,522.22,2388.02,8134.2,8.4391,0.03,392,2388,100.0,39.19,23.3999
83,83,0.0021,0.0003,100.0,518.67,641.8,1580.98,1403.28,14.62,21.61,554.66,2388.07,9058.58,1.3,47.22,522.55,2388.05,8137.83,8.4029,0.03,391,2388,100.0,39.01,23.4903
83,84,-0.0052,-0.0004,100.0,518.67,642.63,1580.92,1398.66,14.62,21.61,553.91,2387.95,9059.87,1.3,47.07,522.42,2388.03,8140.42,8.4331,0.03,390,2388,100.0,38.84,23.3871
83,85,-0.005,-0.0002,100.0,518.67,642.21,1580.18,1393.68,14.62,21.61,554.94,2388.02,9060.01,1.3,47.23,523.14,2388.04,8143.72,8.4168,0.03,392,2388,100.0,38.92,23.404
83,86,-0.0087,-0.0001,100.0,518.67,642.5,1581.47,1398.62,14.62,21.61,553.98,2388.08,9058.43,1.3,47.29,522.58,2388.04,8141.51,8.4162,0.03,391,2388,100.0,39.13,23.4474
83,87,0.0023,0.0004,100.0,518.67,642.24,1584.41,1395.95,14.62,21.61,555.2,2388.03,9058.8,1.3,47.08,522.48,2388.05,8145.74,8.4106,0.03,393,2388,100.0,39.0,23.4547
83,88,-0.0011,-0.0001,100.0,518.67,641.48,1589.91,1397.3,14.62,21.61,554.94,2387.98,9058.09,1.3,47.17,522.45,2387.99,8142.06,8.4053,0.03,393,2388,100.0,39.2,23.3896
83,89,0.0026,0.0,100.0,518.67,642.4,1584.59,1391.17,14.62,21.61,554.65,2388.02,9059.4,1.3,46.99,522.5,2387.95,8142.46,8.4247,0.03,391,2388,100.0,38.96,23.3683
83,90,-0.0001,-0.0002,100.0,518.67,641.81,1587.4,1389.61,14.62,21.6,554.02,2388.02,9061.59,1.3,47.17,521.98,2388.04,8142.3,8.4267,0.03,391,2388,100.0,39.04,23.404
83,91,-0.0013,0.0002,100.0,518.67,641.96,1576.72,1402.93,14.62,21.6,553.73,2388.04,9058.51,1.3,47.1,522.24,2388.0,8139.8,8.4156,0.03,392,2388,100.0,39.11,23.4551
83,92,-0.0019,0.0003,100.0,518.67,642.1,1588.12,1404.8,14.62,21.61,554.39,2388.0,9055.51,1.3,47.14,522.14,2388.07,8138.23,8.3919,0.03,391,2388,100.0,38.95,23.4562
83,93,-0.0055,0.0003,100.0,518.67,642.19,1581.37,1396.29,14.62,21.61,554.49,2387.99,9052.16,1.3,47.05,522.58,2388.04,8141.13,8.4094,0.03,390,2388,100.0,38.95,23.3471
83,94,-0.0031,-0.0001,100.0,518.67,642.23,1588.32,1393.16,14.62,21.6,554.22,2388.04,9048.25,1.3,47.29,522.19,2388.03,8145.06,8.4011,0.03,392,2388,100.0,38.96,23.4008
83,95,0.0049,0.0004,100.0,518.67,642.66,1582.4,1395.74,14.62,21.61,554.64,2387.99,9055.51,1.3,47.18,521.97,2388.05,8140.98,8.3707,0.03,390,2388,100.0,39.03,23.3353
83,96,-0.0026,-0.0003,100.0,518.67,642.09,1580.45,1394.44,14.62,21.61,554.26,2387.97,9061.83,1.3,47.24,522.14,2387.96,8142.41,8.3875,0.03,393,2388,100.0,38.98,23.4204
83,97,-0.0009,0.0003,100.0,518.67,642.55,1584.9,1393.5,14.62,21.6,554.5,2388.03,9058.39,1.3,47.17,522.43,2388.01,8136.57,8.4124,0.03,393,2388,100.0,38.82,23.4637
83,98,0.0006,-0.0004,100.0,518.67,642.38,1587.34,1396.74,14.62,21.61,554.19,2387.97,9050.81,1.3,47.27,522.42,2388.01,8138.53,8.3954,0.03,391,2388,100.0,38.92,23.4531
83,99,0.0011,-0.0002,100.0,518.67,641.89,1579.71,1390.67,14.62,21.61,554.24,2387.99,9058.4,1.3,47.21,523.25,2387.99,8145.53,8.4141,0.03,391,2388,100.0,39.01,23.4622
83,100,-0.0013,-0.0004,100.0,518.67,641.71,1587.59,1397.27,14.62,21.61,555.47,2387.99,9059.12,1.3,47.16,522.23,2387.98,8142.66,8.3892,0.03,391,2388,100.0,38.83,23.4803
83,101,-0.0007,-0.0001,100.0,518.67,642.17,1576.74,1396.61,14.62,21.61,554.53,2388.02,9058.74,1.3,47.13,522.34,2387.98,8147.0,8.3603,0.03,390,2388,100.0,38.95,23.3287
83,102,-0.0002,0.0004,100.0,518.67,642.27,1578.39,1402.63,14.62,21.61,553.86,2388.02,9063.44,1.3,47.33,522.36,2388.03,8138.3,8.4233,0.03,393,2388,100.0,38.97,23.5096
83,103,-0.0001,0.0003,100.0,518.67,642.09,1588.43,1399.05,14.62,21.61,554.0,2388.01,9048.16,1.3,47.23,522.26,2387.99,8137.33,8.4641,0.03,392,2388,100.0,39.01,23.4173
83,104,0.0027,-0.0003,100.0,518.67,641.69,1582.17,1396.24,14.62,21.61,554.05,2388.01,9048.77,1.3,47.27,522.01,2388.02,8137.93,8.4052,0.03,391,2388,100.0,39.14,23.4204
83,105,0.0008,0.0004,100.0,518.67,641.71,1586.15,1396.08,14.62,21.61,554.65,2388.04,9058.9,1.3,47.24,522.24,2388.04,8140.41,8.3937,0.03,393,2388,100.0,38.87,23.5206
83,106,-0.0015,-0.0003,100.0,518.67,642.21,1580.32,1399.22,14.62,21.61,555.27,2388.03,9055.07,1.3,47.21,522.62,2388.02,8137.88,8.3904,0.03,391,2388,100.0,39.04,23.5429
83,107,-0.0012,-0.0004,100.0,518.67,642.23,1584.57,1397.36,14.62,21.61,554.64,2387.99,9053.56,1.3,47.14,522.31,2388.01,8141.49,8.3913,0.03,393,2388,100.0,39.13,23.3586
83,108,-0.001,0.0005,100.0,518.67,642.46,1586.17,1395.52,14.62,21.61,554.29,2388.01,9064.02,1.3,47.28,522.11,2388.07,8136.93,8.3885,0.03,392,2388,100.0,38.98,23.4238
83,109,0.0017,0.0005,100.0,518.67,642.21,1579.08,1405.52,14.62,21.61,554.0,2388.02,9054.33,1.3,47.17,522.36,2388.03,8143.15,8.4078,0.03,392,2388,100.0,39.11,23.3178
83,110,0.002,0.0001,100.0,518.67,642.03,1584.97,1398.8,14.62,21.61,554.33,2388.05,9054.02,1.3,47.16,522.27,2388.04,8141.76,8.4099,0.03,391,2388,100.0,38.82,23.4753
83,111,-0.0007,0.0004,100.0,518.67,642.68,1585.88,1398.33,14.62,21.61,554.89,2387.99,9058.74,1.3,47.22,521.9,2388.02,8137.37,8.4225,0.03,391,2388,100.0,38.96,23.4291
83,112,-0.0016,0.0004,100.0,518.67,642.1,1586.79,1397.48,14.62,21.61,553.59,2388.0,9051.8,1.3,47.29,522.71,2388.02,8141.08,8.3792,0.03,391,2388,100.0,39.01,23.4162
83,113,0.0021,0.0004,100.0,518.67,642.23,1590.73,1400.2,14.62,21.61,553.91,2388.07,9061.09,1.3,47.3,522.55,2388.09,8142.74,8.3896,0.03,392,2388,100.0,39.11,23.3666
83,114,0.0003,0.0005,100.0,518.67,642.53,1583.99,1404.63,14.62,21.61,554.07,2388.04,9058.62,1.3,47.23,522.23,2388.02,8136.92,8.404,0.03,392,2388,100.0,39.12,23.4761
83,115,0.0016,-0.0005,100.0,518.67,642.02,1586.69,1391.32,14.62,21.61,555.03,2388.01,9052.95,1.3,47.25,522.14,2388.01,8140.74,8.41,0.03,391,2388,100.0,38.92,23.4171
83,116,-0.0038,0.0001,100.0,518.67,642.09,1582.97,1402.48,14.62,21.61,554.5,2388.07,9049.61,1.3,47.29,522.7,2388.09,8143.4,8.408,0.03,391,2388,100.0,39.11,23.4981
83,117,-0.0004,-0.0001,100.0,518.67,641.93,1582.2,1400.07,14.62,21.61,555.3,2387.97,9055.58,1.3,47.22,521.54,2388.06,8138.86,8.3721,0.03,392,2388,100.0,38.82,23.4648
83,118,-0.0004,-0.0001,100.0,518.67,642.44,1588.37,1400.4,14.62,21.61,553.84,2388.05,9056.83,1.3,47.28,522.3,2388.02,8133.74,8.4214,0.03,392,2388,100.0,38.73,23.4083
83,119,0.0037,-0.0,100.0,518.67,642.6,1587.46,1404.58,14.62,21.61,554.24,2388.02,9057.79,1.3,47.17,522.19,2387.99,8140.18,8.3813,0.03,390,2388,100.0,38.84,23.4095
83,120,0.0026,-0.0005,100.0,518.67,642.53,1582.61,1398.25,14.62,21.6,554.34,2388.02,9059.52,1.3,47.03,522.05,2388.0,8141.0,8.4062,0.03,391,2388,100.0,39.0,23.3931
83,121,0.0007,0.0002,100.0,518.67,641.92,1581.7,1398.31,14.62,21.61,554.13,2388.04,9052.34,1.3,47.19,521.81,2387.99,8132.13,8.4206,0.03,392,2388,100.0,38.91,23.5486
83,122,-0.0005,0.0001,100.0,518.67,642.21,1586.89,1402.74,14.62,21.61,554.28,2388.0,9058.05,1.3,47.18,522.12,2388.08,8138.59,8.3661,0.03,392,2388,100.0,39.17,23.3629
83,123,-0.0018,0.0002,100.0,518.67,642.31,1580.94,1404.1,14.62,21.61,554.77,2388.04,9057.58,1.3,47.26,522.15,2387.98,8138.68,8.4106,0.03,392,2388,100.0,38.83,23.4446
83,124,0.0037,-0.0002,100.0,518.67,642.62,1585.86,1408.17,14.62,21.61,554.55,2388.0,9055.36,1.3,47.38,522.63,2388.02,8137.69,8.4078,0.03,391,2388,100.0,38.89,23.3104
83,125,0.0017,-0.0003,100.0,518.67,641.7,1583.17,1400.51,14.62,21.61,554.99,2387.98,9060.36,1.3,47.3,522.67,2388.02,8141.99,8.3791,0.03,393,2388,100.0,38.98,23.37
83,126,-0.0001,0.0001,100.0,518.67,642.36,1586.63,1398.19,14.62,21.61,554.98,2388.05,9054.95,1.3,47.08,522.1,2388.08,8143.91,8.4049,0.03,390,2388,100.0,39.09,23.4135
83,127,0.0025,-0.0002,100.0,518.67,642.12,1583.01,1401.14,14.62,21.61,554.68,2387.96,9057.52,1.3,47.1,521.83,2387.98,8140.37,8.4024,0.03,390,2388,100.0,38.89,23.3758
83,128,-0.0034,0.0001,100.0,518.67,641.85,1576.1,1394.97,14.62,21.61,553.95,2388.03,9064.5,1.3,47.17,522.0,2388.05,8133.27,8.4235,0.03,393,2388,100.0,38.85,23.2669
83,129,-0.0031,0.0001,100.0,518.67,642.48,1581.43,1404.65,14.62,21.61,553.87,2388.02,9051.11,1.3,47.13,522.36,2388.04,8140.6,8.4088,0.03,390,2388,100.0,38.93,23.4364
83,130,-0.002,0.0001,100.0,518.67,641.72,1586.5,1395.41,14.62,21.61,553.84,2388.08,9055.54,1.3,47.25,522.83,2388.03,8142.34,8.3911,0.03,391,2388,100.0,39.01,23.4755
83,131,-0.0005,0.0004,100.0,518.67,642.08,1582.35,1395.93,14.62,21.61,554.66,2387.95,9055.73,1.3,47.25,521.74,2388.0,8146.11,8.4099,0.03,391,2388,100.0,38.97,23.4223
83,132,-0.0002,-0.0001,100.0,518.67,642.25,1587.74,1394.63,14.62,21.61,553.49,2388.01,9060.94,1.3,47.24,521.79,2388.03,8138.89,8.4048,0.03,392,2388,100.0,39.01,23.3658
83,133,0.0026,0.0001,100.0,518.67,642.67,1584.84,1399.88,14.62,21.61,554.64,2388.02,9056.63,1.3,47.48,522.15,2388.04,8137.89,8.4061,0.03,392,2388,100.0,39.12,23.4267
83,134,-0.0001,0.0002,100.0,518.67,642.28,1585.75,1396.12,14.62,21.61,553.8,2388.04,9059.75,1.3,47.22,521.97,2388.02,8147.09,8.3899,0.03,391,2388,100.0,39.16,23.4419
83,135,0.0008,0.0001,100.0,518.67,641.58,1587.71,1397.86,14.62,21.61,553.96,2388.06,9054.08,1.3,47.51,521.67,2387.92,8141.2,8.3977,0.03,391,2388,100.0,39.11,23.383
83,136,-0.0001,-0.0003,100.0,518.67,642.37,1588.45,1401.46,14.62,21.61,554.7,2388.02,9063.7,1.3,47.23,522.39,2387.97,8139.97,8.3878,0.03,391,2388,100.0,38.84,23.2998
83,137,0.0017,0.0003,100.0,518.67,641.67,1586.44,1400.9,14.62,21.61,554.4,2388.0,9055.84,1.3,47.1,522.11,2388.04,8136.89,8.384,0.03,391,2388,100.0,38.96,23.3519
83,138,-0.0005,0.0003,100.0,518.67,642.49,1588.15,1393.44,14.62,21.61,554.01,2388.03,9060.46,1.3,47.33,522.45,2388.05,8144.94,8.3748,0.03,392,2388,100.0,39.01,23.4427
83,139,0.0022,-0.0001,100.0,518.67,642.32,1591.07,1397.3,14.62,21.6,553.74,2388.03,9056.39,1.3,47.21,522.18,2388.03,8141.71,8.4127,0.03,392,2388,100.0,38.97,23.4659
83,140,0.0047,0.0003,100.0,518.67,642.33,1585.08,1396.53,14.62,21.61,554.51,2388.0,9063.34,1.3,47.14,522.5,2388.03,8140.14,8.4237,0.03,391,2388,100.0,39.04,23.3336
83,141,-0.0012,0.0,100.0,518.67,641.83,1589.92,1404.78,14.62,21.61,554.09,2388.02,9060.58,1.3,47.14,522.09,2388.01,8140.48,8.4253,0.03,391,2388,100.0,39.11,23.3515
83,142,-0.0053,-0.0002,100.0,518.67,642.17,1587.12,1399.54,14.62,21.61,554.21,2388.04,9053.81,1.3,47.26,521.86,2388.02,8140.28,8.3864,0.03,392,2388,100.0,39.1,23.3653
83,143,0.0029,-0.0002,100.0,518.67,642.17,1579.29,1398.92,14.62,21.61,553.93,2388.02,9057.73,1.3,47.33,522.33,2388.01,8137.22,8.3954,0.03,391,2388,100.0,38.87,23.357
83,144,-0.0037,0.0003,100.0,518.67,642.44,1589.49,1400.72,14.62,21.6,554.98,2388.06,9055.44,1.3,47.42,522.22,2388.04,8138.3,8.4312,0.03,393,2388,100.0,39.02,23.3301
83,145,0.0018,-0.0004,100.0,518.67,642.14,1588.77,1398.53,14.62,21.61,553.88,2388.03,9058.95,1.3,47.19,522.27,2388.1,8133.71,8.4225,0.03,393,2388,100.0,39.01,23.4153
83,146,-0.0007,-0.0004,100.0,518.67,642.14,1587.43,1399.9,14.62,21.61,554.09,2388.08,9058.44,1.3,47.34,522.05,2388.02,8140.13,8.432,0.03,391,2388,100.0,39.0,23.32
83,147,0.0011,-0.0001,100.0,518.67,642.32,1582.52,1404.21,14.62,21.61,554.67,2388.06,9059.91,1.3,47.29,521.52,2388.08,8143.34,8.3978,0.03,393,2388,100.0,38.92,23.3756
83,148,0.0017,-0.0001,100.0,518.67,642.17,1592.12,1397.93,14.62,21.61,553.62,2388.02,9061.31,1.3,47.34,521.95,2388.06,8144.81,8.3942,0.03,393,2388,100.0,38.95,23.3464
83,149,-0.0007,-0.0003,100.0,518.67,642.55,1582.62,1402.31,14.62,21.61,553.42,2388.05,9063.8,1.3,47.43,522.01,2388.05,8135.96,8.3751,0.03,394,2388,100.0,38.9,23.3295
83,150,0.002,-0.0004,100.0,518.67,642.23,1585.43,1399.39,14.62,21.61,554.33,2388.08,9053.04,1.3,47.28,522.39,2388.02,8142.67,8.4442,0.03,392,2388,100.0,39.14,23.3602
83,151,-0.0004,-0.0003,100.0,518.67,642.2,1587.7,1400.11,14.62,21.61,554.14,2387.97,9063.12,1.3,47.3,522.34,2388.02,8139.45,8.4319,0.03,391,2388,100.0,39.07,23.384
83,152,0.0013,-0.0,100.0,518.67,641.88,1579.59,1405.14,14.62,21.61,553.92,2388.07,9058.28,1.3,47.41,522.7,2388.01,8138.51,8.4233,0.03,393,2388,100.0,39.14,23.4057
83,153,0.0003,0.0003,100.0,518.67,642.08,1582.91,1393.63,14.62,21.61,554.34,2388.02,9057.38,1.3,47.28,522.27,2388.03,8138.03,8.4129,0.03,391,2388,100.0,39.02,23.3652
83,154,-0.0011,0.0005,100.0,518.67,642.51,1588.42,1397.16,14.62,21.61,553.69,2388.03,9055.72,1.3,47.23,522.19,2387.96,8140.21,8.4033,0.03,390,2388,100.0,39.09,23.3369
83,155,0.0,0.0,100.0,518.67,641.87,1583.8,1402.65,14.62,21.61,554.38,2388.05,9052.21,1.3,47.38,521.62,2388.06,8136.75,8.4164,0.03,390,2388,100.0,38.95,23.4119
83,156,0.0004,-0.0002,100.0,518.67,642.34,1586.62,1401.82,14.62,21.61,554.13,2388.06,9054.55,1.3,47.22,522.24,2388.03,8128.29,8.4081,0.03,392,2388,100.0,39.08,23.4485
83,157,0.0018,0.0,100.0,518.67,642.36,1593.83,1399.63,14.62,21.61,554.55,2388.01,9050.53,1.3,47.22,522.18,2388.03,8138.33,8.3973,0.03,393,2388,100.0,39.01,23.3671
83,158,0.0001,-0.0,100.0,518.67,642.37,1588.28,1407.92,14.62,21.61,553.55,2388.07,9052.49,1.3,47.41,521.77,2388.03,8142.69,8.4057,0.03,392,2388,100.0,39.11,23.2086
83,159,-0.0037,-0.0003,100.0,518.67,642.08,1585.52,1393.44,14.62,21.61,554.32,2388.05,9057.26,1.3,47.25,522.43,2388.05,8141.55,8.4002,0.03,392,2388,100.0,38.83,23.4265
83,160,0.0005,0.0003,100.0,518.67,642.84,1587.29,1401.22,14.62,21.61,554.4,2388.05,9057.21,1.3,47.34,522.15,2388.06,8135.29,8.3912,0.03,392,2388,100.0,38.96,23.2955
83,161,-0.0023,-0.0005,100.0,518.67,642.18,1596.85,1394.53,14.62,21.61,555.19,2388.01,9055.65,1.3,47.48,521.81,2388.08,8137.39,8.3994,0.03,393,2388,100.0,38.98,23.4172
83,162,-0.0017,0.0,100.0,518.67,642.28,1586.51,1396.04,14.62,21.61,553.65,2388.1,9060.06,1.3,47.3,521.58,2388.05,8142.18,8.4358,0.03,393,2388,100.0,38.75,23.3107
83,163,0.0013,-0.0004,100.0,518.67,642.12,1585.27,1402.86,14.62,21.61,554.86,2388.02,9056.04,1.3,47.31,522.54,2388.08,8134.47,8.4061,0.03,394,2388,100.0,38.91,23.453
83,164,-0.0008,0.0001,100.0,518.67,642.16,1585.9,1399.76,14.62,21.61,554.19,2388.05,9059.26,1.3,47.38,521.66,2388.07,8142.45,8.3857,0.03,391,2388,100.0,39.07,23.2942
83,165,-0.0021,-0.0003,100.0,518.67,641.74,1584.24,1406.18,14.62,21.61,554.24,2388.05,9052.13,1.3,47.43,522.57,2388.09,8139.48,8.4103,0.03,392,2388,100.0,39.01,23.4649
83,166,-0.0032,0.0,100.0,518.67,642.32,1586.76,1400.81,14.62,21.61,554.23,2388.06,9058.23,1.3,47.28,521.24,2388.04,8136.49,8.4373,0.03,392,2388,100.0,38.83,23.3894
83,167,0.001,0.0003,100.0,518.67,642.26,1591.35,1406.62,14.62,21.61,554.29,2388.09,9063.69,1.3,47.34,522.29,2388.0,8134.59,8.4231,0.03,391,2388,100.0,38.96,23.2121
83,168,0.0002,0.0003,100.0,518.67,642.48,1592.89,1400.81,14.62,21.61,554.76,2388.04,9063.22,1.3,47.17,521.91,2388.0,8144.58,8.3709,0.03,393,2388,100.0,38.94,23.3862
83,169,-0.0001,0.0,100.0,518.67,642.18,1588.6,1401.53,14.62,21.61,554.2,2388.0,9056.6,1.3,47.47,522.13,2388.05,8137.21,8.4517,0.03,392,2388,100.0,39.09,23.4442
83,170,-0.004,-0.0,100.0,518.67,642.57,1583.2,1404.53,14.62,21.6,554.13,2388.03,9059.84,1.3,47.28,521.83,2388.05,8141.94,8.4207,0.03,392,2388,100.0,39.02,23.2639
83,171,-0.0009,-0.0001,100.0,518.67,642.09,1581.87,1403.84,14.62,21.61,554.0,2388.04,9061.89,1.3,47.45,521.84,2388.01,8139.99,8.4072,0.03,392,2388,100.0,38.86,23.2952
83,172,-0.0023,0.0002,100.0,518.67,642.53,1587.38,1399.88,14.62,21.61,554.01,2388.05,9057.41,1.3,47.2,521.73,2388.03,8134.86,8.4215,0.03,392,2388,100.0,38.79,23.3982
83,173,0.0001,0.0004,100.0,518.67,642.62,1584.28,1401.09,14.62,21.61,554.16,2388.03,9058.43,1.3,47.17,521.46,2388.04,8145.38,8.4505,0.03,391,2388,100.0,39.04,23.5393
83,174,-0.0021,-0.0001,100.0,518.67,642.69,1585.92,1409.61,14.62,21.61,553.75,2388.08,9062.91,1.3,47.53,522.07,2388.05,8141.02,8.4559,0.03,391,2388,100.0,38.95,23.2932
83,175,0.0007,0.0,100.0,518.67,642.51,1584.15,1396.11,14.62,21.61,554.02,2388.04,9058.96,1.3,47.37,522.32,2388.1,8133.6,8.4458,0.03,393,2388,100.0,38.96,23.3541
83,176,-0.0012,0.0001,100.0,518.67,641.84,1581.93,1400.65,14.62,21.61,554.24,2388.06,9056.6,1.3,47.57,522.06,2388.06,8138.2,8.4666,0.03,391,2388,100.0,38.98,23.4154
83,177,0.0017,0.0003,100.0,518.67,642.06,1586.22,1401.65,14.62,21.61,554.41,2388.05,9056.09,1.3,47.45,521.76,2388.06,8138.25,8.4143,0.03,392,2388,100.0,38.95,23.3012
83,178,0.0021,-0.0003,100.0,518.67,642.64,1588.6,1402.85,14.62,21.61,554.3,2388.02,9062.13,1.3,47.33,522.05,2388.03,8135.32,8.3804,0.03,392,2388,100.0,38.92,23.3809
83,179,0.001,-0.0005,100.0,518.67,642.75,1591.18,1399.71,14.62,21.61,553.83,2388.04,9052.75,1.3,47.51,521.63,2388.08,8135.63,8.418,0.03,392,2388,100.0,39.08,23.2689
83,180,0.0013,0.0004,100.0,518.67,641.94,1583.01,1402.36,14.62,21.61,553.77,2388.07,9054.55,1.3,47.21,522.28,2388.06,8137.9,8.4506,0.03,392,2388,100.0,39.15,23.3336
83,181,-0.0012,0.0002,100.0,518.67,642.18,1593.26,1397.23,14.62,21.61,554.36,2388.04,9054.56,1.3,47.37,521.92,2388.04,8137.36,8.4061,0.03,393,2388,100.0,38.94,23.5484
83,182,-0.0024,0.0001,100.0,518.67,642.9,1587.88,1401.22,14.62,21.61,554.35,2388.07,9057.41,1.3,47.38,521.93,2388.09,8133.6,8.3919,0.03,392,2388,100.0,39.14,23.3631
83,183,0.0023,-0.0001,100.0,518.67,642.46,1589.73,1397.59,14.62,21.61,553.57,2388.09,9057.17,1.3,47.36,521.5,2388.04,8137.14,8.4144,0.03,392,2388,100.0,38.8,23.2816
83,184,0.0002,0.0004,100.0,518.67,642.47,1581.48,1403.17,14.62,21.61,554.34,2388.13,9063.52,1.3,47.68,521.88,2388.03,8141.46,8.4259,0.03,392,2388,100.0,38.89,23.3509
83,185,-0.0007,-0.0003,100.0,518.67,642.21,1589.91,1404.65,14.62,21.61,553.2,2388.07,9052.52,1.3,47.3,521.63,2388.06,8138.27,8.4133,0.03,392,2388,100.0,38.9,23.3119
83,186,-0.0015,0.0004,100.0,518.67,642.37,1585.07,1414.46,14.62,21.61,553.26,2388.12,9060.53,1.3,47.38,521.36,2388.12,8134.47,8.4447,0.03,393,2388,100.0,38.97,23.4297
83,187,-0.0008,0.0003,100.0,518.67,642.63,1585.03,1395.38,14.62,21.61,554.51,2388.08,9060.26,1.3,47.39,521.86,2388.12,8139.64,8.4159,0.03,393,2388,100.0,38.91,23.2645
83,188,-0.0019,-0.0003,100.0,518.67,642.68,1589.69,1404.48,14.62,21.61,553.64,2388.08,9053.07,1.3,47.31,521.71,2388.05,8135.14,8.4362,0.03,394,2388,100.0,39.0,23.3991
83,189,-0.0011,-0.0004,100.0,518.67,643.0,1587.32,1404.37,14.62,21.61,554.27,2388.0,9055.24,1.3,47.36,521.46,2388.06,8134.47,8.3952,0.03,394,2388,100.0,39.01,23.4237
83,190,0.0001,-0.0004,100.0,518.67,642.98,1588.54,1402.27,14.62,21.61,553.39,2388.05,9057.37,1.3,47.25,521.85,2388.07,8131.57,8.4009,0.03,392,2388,100.0,38.84,23.3735
83,191,0.001,0.0,100.0,518.67,642.27,1585.63,1404.81,14.62,21.61,553.96,2388.1,9060.12,1.3,47.55,522.31,2388.14,8135.5,8.4339,0.03,393,2388,100.0,38.77,23.3419
83,192,-0.0024,0.0004,100.0,518.67,642.62,1584.59,1406.57,14.62,21.61,554.1,2388.09,9059.76,1.3,47.35,521.89,2388.11,8141.58,8.4117,0.03,391,2388,100.0,39.12,23.244
83,193,-0.0005,0.0004,100.0,518.67,641.56,1589.05,1411.78,14.62,21.61,553.7,2388.13,9052.34,1.3,47.37,521.66,2388.1,8138.72,8.43,0.03,392,2388,100.0,38.91,23.1804
83,194,-0.0006,0.0004,100.0,518.67,642.11,1591.21,1408.04,14.62,21.61,553.91,2388.09,9052.97,1.3,47.54,521.4,2388.04,8140.96,8.423,0.03,393,2388,100.0,38.89,23.3544
83,195,-0.0043,-0.0004,100.0,518.67,642.29,1591.45,1400.58,14.62,21.61,553.38,2388.02,9059.37,1.3,47.45,521.89,2388.03,8138.94,8.4289,0.03,392,2388,100.0,38.85,23.3454
83,196,0.0005,-0.0001,100.0,518.67,642.76,1585.62,1404.78,14.62,21.61,553.77,2388.14,9062.04,1.3,47.62,521.97,2388.05,8134.93,8.4369,0.03,391,2388,100.0,38.95,23.2698
83,197,-0.0029,-0.0002,100.0,518.67,642.18,1583.13,1411.3,14.62,21.61,554.06,2388.01,9054.89,1.3,47.44,522.0,2388.05,8137.18,8.4185,0.03,391,2388,100.0,38.95,23.3195
83,198,0.0001,0.0002,100.0,518.67,642.57,1585.51,1403.25,14.62,21.61,553.13,2388.1,9050.17,1.3,47.36,521.62,2388.07,8133.29,8.429,0.03,392,2388,100.0,38.82,23.3514
83,199,-0.003,-0.0005,100.0,518.67,643.01,1593.48,1399.9,14.62,21.61,552.91,2388.1,9054.52,1.3,47.52,521.75,2388.11,8145.6,8.4228,0.03,393,2388,100.0,38.63,23.352
83,200,-0.0007,-0.0002,100.0,518.67,642.67,1588.83,1394.23,14.62,21.61,553.23,2388.1,9059.73,1.3,47.24,521.35,2388.05,8137.05,8.4739,0.03,392,2388,100.0,38.91,23.2696
83,201,-0.0013,-0.0001,100.0,518.67,641.8,1591.23,1401.44,14.62,21.61,552.89,2388.09,9050.47,1.3,47.46,521.88,2388.13,8133.94,8.4547,0.03,392,2388,100.0,38.93,23.3005
83,202,-0.0018,0.0003,100.0,518.67,642.21,1586.61,1406.43,14.62,21.61,554.52,2388.08,9052.5,1.3,47.42,521.59,2388.07,8139.2,8.441,0.03,394,2388,100.0,38.86,23.4098
83,203,-0.0006,-0.0002,100.0,518.67,642.42,1587.92,1405.88,14.62,21.61,553.84,2388.12,9062.61,1.3,47.4,521.26,2388.13,8131.49,8.4444,0.03,394,2388,100.0,38.69,23.3668
83,204,0.0007,-0.0002,100.0,518.67,642.87,1592.1,1402.67,14.62,21.61,553.58,2388.07,9053.84,1.3,47.37,521.73,2388.04,8138.06,8.3991,0.03,393,2388,100.0,38.91,23.2596
83,205,-0.0013,-0.0001,100.0,518.67,643.2,1585.91,1412.27,14.62,21.61,553.93,2388.04,9056.68,1.3,47.44,522.26,2388.07,8131.65,8.4049,0.03,393,2388,100.0,38.86,23.3114
83,206,-0.0021,0.0002,100.0,518.67,642.67,1585.84,1410.01,14.62,21.61,553.95,2388.08,9065.7,1.3,47.42,521.77,2388.07,8137.31,8.437,0.03,393,2388,100.0,38.82,23.3601
83,207,-0.0023,-0.0003,100.0,518.67,642.2,1586.25,1404.23,14.62,21.61,553.78,2388.14,9059.46,1.3,47.71,521.76,2388.04,8137.34,8.4106,0.03,394,2388,100.0,38.83,23.3207
83,208,-0.0026,0.0003,100.0,518.67,642.3,1591.92,1404.74,14.62,21.61,553.95,2388.02,9059.43,1.3,47.51,521.54,2388.07,8137.89,8.4031,0.03,390,2388,100.0,38.65,23.286
83,209,-0.002,-0.0004,100.0,518.67,642.64,1588.53,1400.49,14.62,21.61,553.27,2388.04,9059.05,1.3,47.27,521.82,2388.07,8138.67,8.4196,0.03,392,2388,100.0,38.88,23.2857
83,210,0.004,0.0002,100.0,518.67,642.39,1590.61,1408.78,14.62,21.61,553.24,2388.08,9052.82,1.3,47.51,520.91,2388.07,8135.69,8.412,0.03,394,2388,100.0,38.92,23.3263
83,211,-0.0019,-0.0003,100.0,518.67,642.95,1583.75,1403.08,14.62,21.61,553.62,2388.15,9055.69,1.3,47.61,521.19,2388.08,8133.03,8.44,0.03,393,2388,100.0,38.89,23.3786
83,212,-0.0037,0.0003,100.0,518.67,642.54,1591.63,1409.87,14.62,21.61,553.19,2388.0,9054.33,1.3,47.42,520.85,2388.11,8138.32,8.4431,0.03,393,2388,100.0,38.82,23.3647
83,213,0.0028,-0.0,100.0,518.67,642.59,1588.6,1411.01,14.62,21.61,554.14,2388.09,9061.22,1.3,47.46,521.58,2388.09,8133.98,8.441,0.03,393,2388,100.0,38.92,23.2294
83,214,-0.0004,0.0004,100.0,518.67,642.79,1590.52,1406.04,14.62,21.61,553.27,2388.14,9055.0,1.3,47.57,521.52,2388.06,8136.41,8.4271,0.03,393,2388,100.0,38.81,23.2246
83,215,-0.0,-0.0004,100.0,518.67,642.74,1584.64,1406.42,14.62,21.61,553.97,2388.11,9055.6,1.3,47.48,521.57,2388.08,8135.88,8.4343,0.03,391,2388,100.0,38.7,23.2765
83,216,-0.0023,0.0004,100.0,518.67,642.03,1589.73,1408.34,14.62,21.61,554.23,2388.09,9053.29,1.3,47.5,521.75,2388.06,8135.62,8.4268,0.03,394,2388,100.0,38.67,23.2581
83,217,0.0047,-0.0004,100.0,518.67,643.09,1588.57,1409.99,14.62,21.61,553.76,2388.09,9061.54,1.3,47.47,521.68,2388.07,8135.03,8.4316,0.03,393,2388,100.0,38.86,23.2716
83,218,-0.0041,0.0003,100.0,518.67,642.54,1590.61,1401.42,14.62,21.61,553.53,2388.09,9056.57,1.3,47.44,521.23,2388.11,8132.31,8.3944,0.03,394,2388,100.0,38.62,23.3011
83,219,-0.0005,-0.0001,100.0,518.67,642.01,1592.91,1406.77,14.62,21.61,553.15,2388.13,9052.51,1.3,47.46,521.36,2388.14,8136.88,8.4422,0.03,393,2388,100.0,38.96,23.3801
83,220,-0.0031,0.0003,100.0,518.67,643.23,1598.3,1406.62,14.62,21.61,553.25,2388.11,9057.51,1.3,47.3,521.36,2388.11,8139.84,8.4032,0.03,393,2388,100.0,39.02,23.3533
83,221,0.0029,-0.0004,100.0,518.67,642.98,1582.28,1404.24,14.62,21.61,553.49,2388.09,9050.41,1.3,47.4,521.11,2388.12,8134.03,8.4216,0.03,395,2388,100.0,38.99,23.3225
83,222,0.0034,-0.0001,100.0,518.67,642.9,1585.79,1415.39,14.62,21.61,553.19,2388.06,9058.38,1.3,47.61,521.21,2388.11,8137.41,8.4115,0.03,393,2388,100.0,38.93,23.3222
83,223,-0.0008,-0.0004,100.0,518.67,642.62,1590.3,1401.59,14.62,21.61,553.81,2388.05,9051.24,1.3,47.71,521.51,2388.15,8137.88,8.4097,0.03,394,2388,100.0,38.89,23.3275
83,224,0.003,0.0002,100.0,518.67,642.96,1590.82,1413.13,14.62,21.61,553.21,2388.08,9056.09,1.3,47.49,521.55,2388.13,8134.45,8.3961,0.03,393,2388,100.0,38.8,23.2683
83,225,-0.0005,-0.0,100.0,518.67,642.69,1593.81,1410.19,14.62,21.61,553.61,2388.07,9055.0,1.3,47.56,521.39,2388.06,8129.86,8.4185,0.03,394,2388,100.0,38.78,23.2881
83,226,0.0036,0.0001,100.0,518.67,642.58,1586.3,1414.49,14.62,21.61,553.64,2388.08,9057.86,1.3,47.51,522.24,2388.09,8127.96,8.4038,0.03,393,2388,100.0,38.83,23.3165
83,227,-0.0017,0.0004,100.0,518.67,643.1,1593.18,1411.67,14.62,21.61,553.18,2388.1,9057.69,1.3,47.53,521.41,2388.09,8134.24,8.4392,0.03,395,2388,100.0,38.73,23.1085
83,228,-0.003,0.0004,100.0,518.67,642.12,1585.73,1405.89,14.62,21.61,552.85,2388.14,9055.87,1.3,47.42,520.8,2388.12,8134.25,8.4483,0.03,394,2388,100.0,38.71,23.3342
83,229,-0.0014,-0.0002,100.0,518.67,642.05,1592.11,1407.48,14.62,21.61,553.79,2388.1,9056.1,1.3,47.48,521.57,2388.1,8135.81,8.4761,0.03,394,2388,100.0,38.79,23.2795
83,230,-0.0,0.0001,100.0,518.67,642.58,1593.14,1412.01,14.62,21.61,552.29,2388.1,9058.39,1.3,47.69,521.06,2388.16,8130.76,8.443,0.03,394,2388,100.0,38.84,23.2512
83,231,0.0015,-0.0005,100.0,518.67,642.69,1589.46,1404.09,14.62,21.61,553.19,2388.09,9046.78,1.3,47.52,521.26,2388.13,8138.74,8.4417,0.03,395,2388,100.0,38.74,23.2651
83,232,-0.0029,-0.0001,100.0,518.67,643.22,1590.79,1411.45,14.62,21.61,552.48,2388.19,9052.8,1.3,47.54,521.81,2388.15,8127.96,8.4122,0.03,392,2388,100.0,38.71,23.3113
83,233,-0.0,0.0004,100.0,518.67,642.55,1589.18,1408.6,14.62,21.61,552.99,2388.13,9054.44,1.3,47.68,522.08,2388.07,8130.78,8.4467,0.03,393,2388,100.0,38.72,23.3341
83,234,0.0019,0.0004,100.0,518.67,642.23,1587.07,1419.57,14.62,21.61,553.09,2388.13,9058.13,1.3,47.57,521.67,2388.09,8139.31,8.4415,0.03,393,2388,100.0,38.75,23.3323
83,235,-0.0012,-0.0003,100.0,518.67,642.67,1595.96,1410.14,14.62,21.61,553.07,2388.15,9057.31,1.3,47.43,521.0,2388.13,8131.62,8.4309,0.03,394,2388,100.0,38.9,23.2148
83,236,-0.0008,-0.0003,100.0,518.67,642.6,1595.75,1408.62,14.62,21.61,553.14,2388.13,9055.05,1.3,47.54,520.82,2388.1,8135.75,8.4136,0.03,393,2388,100.0,38.74,23.1595
83,237,0.0009,-0.0004,100.0,518.67,643.42,1594.41,1414.43,14.62,21.61,553.47,2388.12,9058.52,1.3,47.56,520.73,2388.14,8135.16,8.4526,0.03,394,2388,100.0,38.76,23.272
83,238,0.0028,-0.0001,100.0,518.67,642.44,1586.61,1418.82,14.62,21.61,552.8,2388.12,9054.2,1.3,47.71,521.2,2388.14,8137.08,8.482,0.03,393,2388,100.0,38.72,23.2623
83,239,0.0015,-0.0001,100.0,518.67,643.03,1594.39,1417.27,14.62,21.61,552.87,2388.11,9053.11,1.3,47.62,521.31,2388.15,8136.69,8.4479,0.03,393,2388,100.0,38.72,23.3108
83,240,-0.0036,0.0002,100.0,518.67,642.9,1587.37,1408.29,14.62,21.61,553.06,2388.14,9065.01,1.3,47.89,521.09,2388.13,8130.58,8.4447,0.03,393,2388,100.0,38.83,23.2498
83,241,0.0023,-0.0001,100.0,518.67,642.61,1595.86,1415.44,14.62,21.61,553.26,2388.17,9048.54,1.3,47.5,520.99,2388.15,8135.21,8.486,0.03,395,2388,100.0,38.7,23.2099
83,242,-0.0024,0.0001,100.0,518.67,643.0,1596.62,1412.65,14.62,21.61,552.74,2388.11,9056.89,1.3,47.78,520.88,2388.14,8128.33,8.4729,0.03,393,2388,100.0,38.8,23.168
83,243,-0.0029,-0.0004,100.0,518.67,642.62,1594.64,1405.53,14.62,21.61,552.99,2388.18,9052.98,1.3,47.67,521.01,2388.2,8131.35,8.4258,0.03,392,2388,100.0,38.84,23.2004
83,244,-0.0033,-0.0003,100.0,518.67,642.94,1594.32,1411.99,14.62,21.61,553.35,2388.16,9057.77,1.3,47.68,520.71,2388.11,8134.63,8.4542,0.03,393,2388,100.0,38.61,23.3032
83,245,0.0015,-0.0003,100.0,518.67,642.18,1590.14,1414.33,14.62,21.61,552.45,2388.14,9050.45,1.3,47.84,521.21,2388.14,8137.1,8.4425,0.03,394,2388,100.0,38.94,23.3041
83,246,0.0031,-0.0004,100.0,518.67,642.57,1584.43,1413.15,14.62,21.61,553.78,2388.18,9055.93,1.3,47.61,520.97,2388.17,8129.22,8.4893,0.03,394,2388,100.0,38.77,23.2752
83,247,0.0037,-0.0001,100.0,518.67,643.08,1591.8,1417.4,14.62,21.61,553.3,2388.15,9054.69,1.3,47.66,521.34,2388.15,8131.02,8.493,0.03,394,2388,100.0,38.88,23.2269
83,248,0.0019,0.0005,100.0,518.67,642.79,1589.41,1410.24,14.62,21.61,552.17,2388.15,9059.93,1.3,47.71,520.49,2388.14,8129.79,8.4509,0.03,394,2388,100.0,38.66,23.1956
83,249,-0.0004,0.0003,100.0,518.67,642.98,1599.1,1408.75,14.62,21.61,553.75,2388.15,9059.77,1.3,47.61,520.72,2388.15,8129.29,8.4474,0.03,395,2388,100.0,38.69,23.1802
83,250,-0.0012,-0.0001,100.0,518.67,642.74,1594.63,1416.66,14.62,21.61,552.64,2388.17,9056.17,1.3,47.67,520.21,2388.16,8131.62,8.4566,0.03,392,2388,100.0,38.61,23.2008
83,251,0.0014,-0.0001,100.0,518.67,643.24,1597.4,1415.47,14.62,21.61,552.61,2388.22,9057.5,1.3,47.57,521.13,2388.2,8135.91,8.4225,0.03,395,2388,100.0,38.76,23.2284
83,252,-0.0015,-0.0004,100.0,518.67,643.2,1600.91,1407.4,14.62,21.61,552.77,2388.2,9052.25,1.3,47.83,520.48,2388.16,8133.07,8.4589,0.03,395,2388,100.0,38.79,23.2259
83,253,0.0012,0.0002,100.0,518.67,643.08,1594.25,1425.03,14.62,21.61,552.53,2388.12,9056.79,1.3,47.77,521.2,2388.16,8130.55,8.4068,0.03,395,2388,100.0,38.6,23.2409
83,254,-0.0005,0.0003,100.0,518.67,642.27,1591.66,1418.53,14.62,21.61,552.87,2388.15,9057.14,1.3,47.72,520.88,2388.22,8130.62,8.4293,0.03,392,2388,100.0,38.52,23.1901
83,255,-0.0016,-0.0001,100.0,518.67,643.15,1600.46,1410.49,14.62,21.61,552.73,2388.15,9051.09,1.3,47.69,520.68,2388.17,8128.31,8.4475,0.03,392,2388,100.0,38.86,23.1718
83,256,0.0013,-0.0001,100.0,518.67,642.46,1590.27,1420.46,14.62,21.61,553.39,2388.21,9055.29,1.3,47.78,520.57,2388.18,8134.44,8.4585,0.03,394,2388,100.0,38.71,23.294
83,257,-0.0012,-0.0001,100.0,518.67,642.6,1591.53,1411.82,14.62,21.61,552.55,2388.18,9052.62,1.3,47.67,520.35,2388.19,8132.62,8.4687,0.03,394,2388,100.0,38.7,23.1427
83,258,-0.0024,-0.0003,100.0,518.67,642.85,1592.27,1402.39,14.62,21.61,552.86,2388.22,9051.85,1.3,47.85,520.95,2388.15,8123.81,8.4725,0.03,392,2388,100.0,38.91,23.1503
83,259,-0.002,-0.0003,100.0,518.67,643.08,1590.06,1411.73,14.62,21.61,552.82,2388.14,9044.84,1.3,47.71,520.48,2388.11,8134.44,8.493,0.03,395,2388,100.0,38.73,23.3026
83,260,0.0003,0.0005,100.0,518.67,643.06,1596.95,1415.92,14.62,21.61,552.21,2388.19,9048.23,1.3,47.9,520.47,2388.15,8129.11,8.4752,0.03,394,2388,100.0,38.51,23.227
83,261,0.0003,0.0004,100.0,518.67,643.28,1585.36,1417.11,14.62,21.61,552.31,2388.18,9046.49,1.3,47.82,520.66,2388.2,8122.67,8.4895,0.03,393,2388,100.0,38.57,23.2967
83,262,0.0033,0.0003,100.0,518.67,644.09,1599.63,1412.92,14.62,21.61,552.19,2388.23,9043.29,1.3,47.88,520.32,2388.17,8131.66,8.4756,0.03,394,2388,100.0,38.44,23.1894
83,263,-0.0015,0.0005,100.0,518.67,643.02,1605.83,1416.93,14.62,21.61,552.42,2388.2,9047.94,1.3,47.7,520.33,2388.24,8133.84,8.4821,0.03,394,2388,100.0,38.67,23.2962
83,264,-0.0029,-0.0005,100.0,518.67,643.43,1593.66,1411.3,14.62,21.61,552.68,2388.23,9047.32,1.3,47.82,520.81,2388.18,8126.27,8.4819,0.03,396,2388,100.0,38.55,23.1319
83,265,0.0011,-0.0003,100.0,518.67,643.45,1603.78,1419.9,14.62,21.61,553.03,2388.16,9059.37,1.3,47.7,520.02,2388.17,8131.7,8.4812,0.03,395,2388,100.0,38.63,23.1697
83,266,0.0031,0.0001,100.0,518.67,642.74,1597.97,1408.83,14.62,21.61,552.31,2388.16,9051.8,1.3,47.82,520.41,2388.15,8128.61,8.4912,0.03,394,2388,100.0,38.58,23.2141
83,267,0.0022,0.0003,100.0,518.67,642.88,1595.4,1422.7,14.62,21.61,552.12,2388.23,9048.54,1.3,47.84,519.66,2388.19,8122.62,8.4766,0.03,395,2388,100.0,38.51,23.2476
83,268,-0.0019,0.0003,100.0,518.67,643.24,1600.49,1419.17,14.62,21.61,552.12,2388.23,9058.95,1.3,47.91,520.44,2388.17,8126.02,8.5009,0.03,395,2388,100.0,38.67,23.1737
83,269,0.0037,0.0003,100.0,518.67,644.05,1595.74,1415.24,14.62,21.61,552.12,2388.2,9042.97,1.3,47.99,519.89,2388.23,8129.58,8.5034,0.03,394,2388,100.0,38.56,23.1288
83,270,-0.0014,0.0003,100.0,518.67,643.72,1593.27,1418.12,14.62,21.61,552.28,2388.16,9047.25,1.3,47.89,520.39,2388.26,8124.84,8.4824,0.03,394,2388,100.0,38.62,23.1515
83,271,-0.0008,0.0003,100.0,518.67,643.33,1598.84,1423.44,14.62,21.61,552.64,2388.23,9050.27,1.3,48.0,519.81,2388.2,8128.02,8.4748,0.03,394,2388,100.0,38.7,23.1341
83,272,-0.0009,0.0003,100.0,518.67,643.33,1604.41,1418.05,14.62,21.61,552.72,2388.24,9051.61,1.3,47.83,520.8,2388.23,8125.19,8.4946,0.03,395,2388,100.0,38.5,23.156
83,273,0.0026,-0.0004,100.0,518.67,643.81,1591.29,1417.28,14.62,21.61,552.06,2388.21,9051.72,1.3,47.89,520.06,2388.24,8131.0,8.4961,0.03,396,2388,100.0,38.77,23.1727
83,274,0.0016,-0.0003,100.0,518.67,642.88,1601.29,1421.97,14.62,21.61,551.95,2388.23,9052.29,1.3,48.09,520.2,2388.23,8126.16,8.5328,0.03,395,2388,100.0,38.7,23.1729
83,275,0.0015,-0.0004,100.0,518.67,643.54,1590.17,1424.43,14.62,21.61,551.82,2388.26,9045.75,1.3,47.94,520.47,2388.25,8128.45,8.4974,0.03,396,2388,100.0,38.67,23.1167
83,276,0.0009,-0.0005,100.0,518.67,643.29,1593.21,1425.03,14.62,21.61,552.26,2388.24,9043.91,1.3,47.8,520.4,2388.19,8128.85,8.5025,0.03,395,2388,100.0,38.72,23.1965
83,277,-0.0003,-0.0001,100.0,518.67,643.23,1598.32,1420.06,14.62,21.61,552.04,2388.22,9050.16,1.3,47.79,520.28,2388.17,8129.43,8.4993,0.03,396,2388,100.0,38.73,23.1497
83,278,-0.0006,-0.0001,100.0,518.67,643.76,1603.03,1422.18,14.62,21.61,551.39,2388.24,9054.67,1.3,47.89,520.15,2388.27,8130.74,8.5001,0.03,397,2388,100.0,38.37,23.1311
83,279,-0.0026,0.0001,100.0,518.67,642.97,1604.8,1424.05,14.62,21.61,551.85,2388.24,9047.14,1.3,48.2,519.83,2388.25,8126.07,8.5145,0.03,396,2388,100.0,38.54,23.0839
83,280,0.0043,-0.0001,100.0,518.67,643.3,1598.65,1422.16,14.62,21.61,551.61,2388.25,9051.17,1.3,47.82,520.5,2388.26,8125.96,8.5085,0.03,395,2388,100.0,38.52,23.1953
83,281,0.0011,-0.0003,100.0,518.67,644.06,1596.28,1424.79,14.62,21.61,551.73,2388.23,9054.66,1.3,48.01,519.63,2388.27,8122.25,8.4969,0.03,394,2388,100.0,38.45,23.0491
83,282,-0.0005,-0.0004,100.0,518.67,643.59,1605.42,1424.63,14.62,21.61,552.41,2388.24,9051.62,1.3,48.18,519.94,2388.23,8125.01,8.4798,0.03,397,2388,100.0,38.5,23.1596
83,283,-0.001,0.0,100.0,518.67,643.45,1604.18,1425.42,14.62,21.61,551.33,2388.25,9052.15,1.3,48.03,520.04,2388.24,8122.23,8.4973,0.03,398,2388,100.0,38.57,23.0118
83,284,0.0014,-0.0004,100.0,518.67,643.83,1601.88,1428.94,14.62,21.61,551.48,2388.29,9051.09,1.3,48.06,519.3,2388.26,8131.17,8.5557,0.03,396,2388,100.0,38.6,23.1725
83,285,0.002,-0.0,100.0,518.67,643.32,1598.61,1426.88,14.62,21.61,552.17,2388.24,9043.54,1.3,48.21,519.85,2388.33,8120.53,8.4867,0.03,395,2388,100.0,38.55,23.1506
83,286,-0.0003,-0.0001,100.0,518.67,643.66,1596.57,1426.88,14.62,21.61,551.04,2388.26,9049.78,1.3,47.82,519.84,2388.27,8118.67,8.5381,0.03,395,2388,100.0,38.42,23.0767
83,287,0.0035,-0.0003,100.0,518.67,642.95,1599.91,1436.2,14.62,21.61,551.85,2388.27,9049.91,1.3,48.17,519.72,2388.33,8117.97,8.5395,0.03,395,2388,100.0,38.64,23.126
83,288,-0.0023,-0.0004,100.0,518.67,643.46,1592.95,1429.59,14.62,21.61,551.71,2388.25,9053.71,1.3,48.12,519.39,2388.23,8120.46,8.4938,0.03,396,2388,100.0,38.55,23.0545
83,289,0.0007,0.0001,100.0,518.67,643.94,1603.48,1432.46,14.62,21.61,552.16,2388.26,9052.64,1.3,48.22,520.0,2388.24,8117.56,8.4822,0.03,396,2388,100.0,38.58,23.1639
83,290,-0.0024,-0.0002,100.0,518.67,643.85,1598.4,1425.67,14.62,21.61,551.24,2388.31,9043.56,1.3,48.24,519.19,2388.32,8120.43,8.5226,0.03,395,2388,100.0,38.5,23.1088
83,291,-0.0017,0.0001,100.0,518.67,643.79,1606.66,1428.67,14.62,21.61,551.03,2388.26,9054.02,1.3,47.99,519.37,2388.27,8120.43,8.5424,0.03,396,2388,100.0,38.4,23.0255
83,292,-0.0003,0.0001,100.0,518.67,643.51,1600.62,1428.07,14.62,21.61,551.58,2388.25,9043.64,1.3,48.31,519.52,2388.3,8124.34,8.5169,0.03,394,2388,100.0,38.48,23.1065
83,293,-0.0002,-0.0005,100.0,518.67,643.77,1605.59,1430.64,14.62,21.61,551.68,2388.25,9045.98,1.3,48.21,519.45,2388.31,8115.28,8.5123,0.03,397,2388,100.0,38.42,22.9926
85,1,0.0026,0.0003,100.0,518.67,642.31,1580.41,1404.26,14.62,21.61,553.92,2388.09,9047.33,1.3,47.31,522.02,2388.05,8131.67,8.3863,0.03,393,2388,100.0,38.95,23.3332
85,2,-0.0017,0.0002,100.0,518.67,642.37,1586.83,1396.63,14.62,21.61,553.5,2388.08,9042.51,1.3,47.3,521.73,2388.1,8135.57,8.4283,0.03,394,2388,100.0,38.96,23.3597
85,3,-0.0014,-0.0002,100.0,518.67,642.51,1589.86,1405.45,14.62,21.61,553.86,2388.07,9051.67,1.3,47.36,521.75,2388.08,8125.17,8.402,0.03,392,2388,100.0,38.84,23.3195
85,4,-0.0009,-0.0002,100.0,518.67,642.43,1591.46,1399.49,14.62,21.61,553.8,2388.11,9043.85,1.3,47.48,522.06,2388.06,8129.57,8.4057,0.03,393,2388,100.0,38.9,23.2142
85,5,0.0048,-0.0003,100.0,518.67,642.01,1589.04,1400.7,14.62,21.61,553.19,2388.09,9037.75,1.3,47.38,522.25,2388.13,8126.68,8.4239,0.03,393,2388,100.0,38.88,23.3594
85,6,0.0002,0.0002,100.0,518.67,642.09,1593.84,1413.45,14.62,21.61,553.93,2388.06,9051.59,1.3,47.23,521.91,2388.09,8129.5,8.422,0.03,392,2388,100.0,39.08,23.3577
85,7,0.0006,-0.0001,100.0,518.67,642.47,1589.94,1410.87,14.62,21.61,553.37,2388.05,9041.88,1.3,47.26,522.22,2388.08,8132.5,8.4264,0.03,393,2388,100.0,38.71,23.3937
85,8,-0.0025,0.0004,100.0,518.67,641.88,1583.06,1405.42,14.62,21.61,553.0,2388.08,9050.89,1.3,47.43,521.69,2388.04,8132.36,8.422,0.03,394,2388,100.0,38.97,23.3585
85,9,0.0009,-0.0002,100.0,518.67,642.38,1587.57,1401.93,14.62,21.6,554.52,2388.02,9057.19,1.3,47.43,521.03,2388.0,8135.38,8.4393,0.03,392,2388,100.0,38.91,23.3156
85,10,0.0007,-0.0004,100.0,518.67,642.59,1590.37,1405.7,14.62,21.61,553.13,2388.07,9048.57,1.3,47.32,521.66,2388.1,8130.35,8.3807,0.03,393,2388,100.0,38.86,23.2654
85,11,0.0046,-0.0002,100.0,518.67,642.27,1584.08,1409.61,14.62,21.61,553.59,2388.1,9052.57,1.3,47.48,521.47,2388.11,8127.45,8.4284,0.03,391,2388,100.0,38.94,23.3506
85,12,-0.0012,0.0004,100.0,518.67,642.89,1581.25,1405.2,14.62,21.61,553.92,2388.08,9050.98,1.3,47.31,521.41,2388.05,8133.9,8.4347,0.03,393,2388,100.0,38.77,23.2885
85,13,-0.0013,0.0002,100.0,518.67,642.2,1586.6,1409.83,14.62,21.61,554.05,2388.06,9054.49,1.3,47.54,521.36,2388.06,8134.67,8.4252,0.03,392,2388,100.0,38.9,23.3357
85,14,0.0007,0.0003,100.0,518.67,642.33,1583.61,1404.09,14.62,21.61,553.44,2388.05,9042.97,1.3,47.39,521.61,2388.09,8134.3,8.3953,0.03,391,2388,100.0,38.85,23.3549
85,15,-0.0029,-0.0004,100.0,518.67,642.62,1589.59,1405.94,14.62,21.61,553.69,2388.09,9051.28,1.3,47.37,522.0,2388.11,8127.6,8.3985,0.03,393,2388,100.0,38.88,23.3261
85,16,0.0004,0.0005,100.0,518.67,642.77,1582.07,1410.99,14.62,21.61,554.11,2388.05,9050.55,1.3,47.32,521.77,2388.07,8133.72,8.4512,0.03,391,2388,100.0,38.81,23.4112
85,17,0.0004,0.0003,100.0,518.67,642.93,1590.99,1408.9,14.62,21.61,553.32,2388.12,9045.83,1.3,47.32,521.21,2388.08,8127.8,8.4059,0.03,392,2388,100.0,39.07,23.4003
85,18,-0.0009,-0.0001,100.0,518.67,642.45,1583.27,1408.31,14.62,21.61,553.88,2388.08,9045.97,1.3,47.38,521.56,2388.06,8125.11,8.3959,0.03,392,2388,100.0,38.93,23.4061
85,19,-0.0007,0.0001,100.0,518.67,642.56,1588.44,1403.63,14.62,21.61,553.79,2388.04,9043.28,1.3,47.3,522.08,2388.11,8131.6,8.4319,0.03,393,2388,100.0,38.99,23.2704
85,20,0.0009,0.0003,100.0,518.67,642.45,1587.99,1406.19,14.62,21.61,553.77,2388.07,9049.52,1.3,47.22,521.37,2388.11,8128.84,8.4396,0.03,393,2388,100.0,39.08,23.3066
85,21,-0.0012,0.0,100.0,518.67,642.22,1585.68,1406.51,14.62,21.61,553.63,2388.1,9039.79,1.3,47.39,521.6,2388.13,8133.92,8.4333,0.03,392,2388,100.0,39.0,23.2366
85,22,0.0,0.0001,100.0,518.67,642.2,1582.56,1403.89,14.62,21.61,553.6,2388.09,9054.79,1.3,47.4,521.92,2388.07,8130.36,8.4127,0.03,393,2388,100.0,38.94,23.342
85,23,0.0057,0.0003,100.0,518.67,642.69,1591.33,1407.79,14.62,21.61,553.71,2388.13,9043.86,1.3,47.39,521.44,2388.08,8125.87,8.4387,0.03,393,2388,100.0,38.91,23.2444
85,24,0.0014,0.0003,100.0,518.67,642.11,1584.62,1401.73,14.62,21.61,553.8,2388.09,9046.58,1.3,47.45,521.59,2388.07,8125.71,8.4057,0.03,392,2388,100.0,38.88,23.2486
85,25,0.0008,0.0,100.0,518.67,642.47,1585.34,1404.21,14.62,21.61,553.19,2388.05,9045.29,1.3,47.51,521.04,2388.11,8127.25,8.4083,0.03,391,2388,100.0,38.72,23.4437
85,26,-0.0019,-0.0004,100.0,518.67,642.71,1584.58,1401.23,14.62,21.61,554.4,2388.08,9052.27,1.3,47.44,521.56,2388.06,8131.12,8.4405,0.03,393,2388,100.0,39.13,23.347
85,27,-0.001,-0.0002,100.0,518.67,642.64,1588.68,1402.45,14.62,21.61,553.97,2388.04,9055.42,1.3,47.47,522.16,2388.13,8132.9,8.3852,0.03,393,2388,100.0,39.08,23.3735
85,28,0.0015,-0.0002,100.0,518.67,642.4,1586.99,1403.32,14.62,21.61,554.0,2388.05,9057.27,1.3,47.37,521.67,2388.14,8131.5,8.4044,0.03,393,2388,100.0,38.79,23.3527
85,29,0.0018,-0.0003,100.0,518.67,642.45,1583.65,1410.27,14.62,21.61,553.5,2388.14,9051.14,1.3,47.48,522.01,2388.08,8130.98,8.4366,0.03,394,2388,100.0,39.06,23.2799
85,30,-0.0001,0.0002,100.0,518.67,642.73,1589.19,1407.82,14.62,21.61,553.21,2388.12,9042.61,1.3,47.48,521.37,2388.07,8129.81,8.4122,0.03,393,2388,100.0,38.82,23.3216
85,31,0.0024,-0.0,100.0,518.67,642.45,1591.3,1406.62,14.62,21.61,554.27,2388.06,9055.39,1.3,47.37,522.02,2388.1,8125.81,8.404,0.03,394,2388,100.0,38.89,23.4098
85,32,-0.0001,-0.0001,100.0,518.67,642.37,1581.62,1403.3,14.62,21.61,553.36,2388.07,9045.93,1.3,47.39,521.52,2388.09,8130.23,8.4086,0.03,393,2388,100.0,38.96,23.408
85,33,0.0,0.0004,100.0,518.67,642.47,1591.44,1403.23,14.62,21.61,554.12,2388.09,9044.35,1.3,47.35,521.89,2388.08,8122.3,8.4386,0.03,391,2388,100.0,38.89,23.3909
85,34,-0.0023,-0.0003,100.0,518.67,642.28,1588.51,1401.66,14.62,21.61,553.68,2388.02,9051.39,1.3,47.46,521.51,2388.06,8128.16,8.4209,0.03,393,2388,100.0,38.97,23.3551
85,35,-0.0031,0.0004,100.0,518.67,642.67,1588.03,1404.63,14.62,21.61,553.58,2388.07,9051.62,1.3,47.53,521.83,2388.12,8124.33,8.4248,0.03,391,2388,100.0,38.88,23.2829
85,36,-0.0021,0.0003,100.0,518.67,641.96,1585.14,1403.25,14.62,21.61,554.0,2388.12,9047.79,1.3,47.42,521.78,2388.15,8126.72,8.4366,0.03,392,2388,100.0,38.94,23.3038
85,37,0.0018,-0.0004,100.0,518.67,642.99,1593.95,1411.28,14.62,21.61,552.49,2388.1,9048.82,1.3,47.46,522.34,2388.12,8127.59,8.4327,0.03,392,2388,100.0,38.8,23.3718
85,38,-0.0014,0.0004,100.0,518.67,642.14,1583.88,1405.04,14.62,21.61,554.06,2388.05,9047.57,1.3,47.48,522.04,2388.1,8129.87,8.4401,0.03,393,2388,100.0,38.94,23.3578
85,39,0.0033,-0.0003,100.0,518.67,642.57,1587.6,1402.04,14.62,21.61,554.53,2388.13,9044.3,1.3,47.4,521.73,2388.06,8129.42,8.4211,0.03,392,2388,100.0,39.01,23.3667
85,40,-0.0044,0.0001,100.0,518.67,642.82,1592.13,1402.5,14.62,21.61,553.25,2388.13,9048.2,1.3,47.47,521.81,2388.1,8130.59,8.416,0.03,393,2388,100.0,38.77,23.3966
85,41,-0.0028,-0.0003,100.0,518.67,642.57,1591.49,1403.02,14.62,21.61,553.83,2388.1,9049.91,1.3,47.35,521.98,2388.1,8123.6,8.4392,0.03,393,2388,100.0,38.8,23.2299
85,42,-0.0021,-0.0003,100.0,518.67,642.45,1589.39,1399.22,14.62,21.61,553.66,2388.07,9046.73,1.3,47.33,521.38,2388.09,8126.91,8.4199,0.03,391,2388,100.0,38.74,23.3729
85,43,-0.001,-0.0003,100.0,518.67,642.73,1584.77,1405.57,14.62,21.61,552.87,2388.08,9049.61,1.3,47.53,521.88,2388.06,8133.24,8.4393,0.03,394,2388,100.0,38.85,23.4313
85,44,0.0008,0.0002,100.0,518.67,642.72,1588.86,1410.37,14.62,21.61,554.45,2388.03,9048.92,1.3,47.4,521.6,2388.12,8127.44,8.4138,0.03,393,2388,100.0,38.89,23.3747
85,45,-0.0012,0.0003,100.0,518.67,642.67,1590.15,1408.48,14.62,21.61,553.62,2388.11,9052.8,1.3,47.31,521.76,2388.07,8131.5,8.4402,0.03,394,2388,100.0,39.01,23.2769
85,46,-0.0008,0.0001,100.0,518.67,642.16,1591.45,1401.9,14.62,21.61,554.18,2388.17,9047.6,1.3,47.5,522.0,2388.09,8124.3,8.4418,0.03,393,2388,100.0,38.98,23.3411
85,47,-0.0019,-0.0005,100.0,518.67,642.63,1584.1,1401.53,14.62,21.61,553.6,2388.12,9037.76,1.3,47.46,521.87,2388.13,8128.51,8.4478,0.03,392,2388,100.0,39.03,23.3067
85,48,-0.0024,-0.0002,100.0,518.67,642.73,1587.05,1412.91,14.62,21.61,554.11,2388.1,9047.98,1.3,47.54,521.53,2388.07,8129.85,8.4147,0.03,392,2388,100.0,39.06,23.452
85,49,0.0002,0.0001,100.0,518.67,642.44,1594.21,1407.72,14.62,21.61,553.94,2388.1,9052.31,1.3,47.44,521.53,2388.12,8130.67,8.4278,0.03,393,2388,100.0,38.85,23.3197
85,50,0.0018,-0.0004,100.0,518.67,642.4,1592.68,1408.59,14.62,21.61,553.2,2388.13,9050.44,1.3,47.5,522.08,2388.08,8127.07,8.4445,0.03,394,2388,100.0,38.97,23.3855
85,51,-0.0002,-0.0001,100.0,518.67,642.41,1584.81,1408.1,14.62,21.61,553.41,2388.13,9049.9,1.3,47.38,521.42,2388.09,8129.22,8.4348,0.03,394,2388,100.0,38.95,23.2695
85,52,0.0004,-0.0005,100.0,518.67,642.2,1594.58,1406.78,14.62,21.61,553.19,2388.09,9048.58,1.3,47.46,521.77,2388.06,8130.44,8.438,0.03,392,2388,100.0,38.78,23.2944
85,53,0.0027,-0.0002,100.0,518.67,642.42,1586.59,1400.61,14.62,21.61,554.76,2388.06,9041.06,1.3,47.42,521.42,2388.07,8132.14,8.4335,0.03,391,2388,100.0,38.83,23.3808
85,54,-0.0021,-0.0002,100.0,518.67,642.2,1597.03,1407.74,14.62,21.61,553.74,2388.09,9048.2,1.3,47.31,521.17,2388.09,8127.52,8.4022,0.03,394,2388,100.0,38.99,23.1784
85,55,-0.0028,-0.0004,100.0,518.67,642.76,1589.41,1399.76,14.62,21.61,553.76,2388.09,9046.7,1.3,47.41,520.92,2388.1,8130.26,8.4167,0.03,392,2388,100.0,38.96,23.2452
85,56,0.0028,-0.0004,100.0,518.67,642.64,1590.52,1403.97,14.62,21.61,554.13,2388.11,9051.83,1.3,47.42,522.15,2388.1,8125.99,8.4284,0.03,393,2388,100.0,38.96,23.3748
85,57,0.0023,-0.0002,100.0,518.67,642.69,1584.34,1401.59,14.62,21.61,553.25,2388.13,9046.98,1.3,47.27,521.3,2388.08,8130.18,8.4318,0.03,393,2388,100.0,38.87,23.1746
85,58,-0.0043,-0.0004,100.0,518.67,642.86,1587.55,1401.53,14.62,21.61,553.61,2388.09,9044.8,1.3,47.43,522.15,2388.09,8124.96,8.4583,0.03,393,2388,100.0,38.88,23.3496
85,59,0.0021,0.0003,100.0,518.67,642.41,1581.12,1405.76,14.62,21.61,553.85,2388.1,9050.46,1.3,47.35,522.06,2388.09,8129.41,8.4333,0.03,393,2388,100.0,39.04,23.3655
85,60,-0.0038,-0.0005,100.0,518.67,642.13,1592.98,1398.84,14.62,21.61,553.83,2388.07,9043.36,1.3,47.37,521.27,2388.06,8133.4,8.4156,0.03,391,2388,100.0,38.91,23.2915
85,61,-0.0008,-0.0001,100.0,518.67,642.85,1581.17,1400.56,14.62,21.61,553.36,2388.11,9053.86,1.3,47.31,521.78,2388.11,8134.73,8.4412,0.03,392,2388,100.0,38.86,23.4161
85,62,0.0035,-0.0003,100.0,518.67,643.08,1591.1,1402.85,14.62,21.61,554.16,2388.12,9050.75,1.3,47.43,521.51,2388.08,8123.89,8.4309,0.03,392,2388,100.0,39.01,23.3259
85,63,-0.0014,-0.0002,100.0,518.67,642.18,1592.59,1405.09,14.62,21.61,554.55,2388.11,9051.02,1.3,47.29,521.85,2388.14,8128.6,8.4517,0.03,392,2388,100.0,38.83,23.3697
85,64,-0.0001,0.0001,100.0,518.67,642.72,1579.92,1402.52,14.62,21.61,553.56,2388.13,9049.84,1.3,47.24,521.66,2388.1,8127.92,8.4743,0.03,391,2388,100.0,38.79,23.3397
85,65,0.0015,-0.0002,100.0,518.67,642.63,1592.43,1401.01,14.62,21.61,553.7,2388.08,9046.04,1.3,47.62,521.38,2388.05,8132.23,8.4376,0.03,392,2388,100.0,38.81,23.2808
85,66,-0.0018,-0.0002,100.0,518.67,641.81,1591.27,1407.31,14.62,21.61,553.54,2388.11,9052.77,1.3,47.51,521.64,2388.08,8133.49,8.4003,0.03,393,2388,100.0,39.09,23.3484
85,67,-0.0005,0.0003,100.0,518.67,642.52,1587.97,1406.84,14.62,21.61,554.14,2388.17,9046.58,1.3,47.45,522.0,2388.1,8132.37,8.4413,0.03,392,2388,100.0,38.81,23.3884
85,68,0.0004,0.0005,100.0,518.67,642.74,1587.66,1405.33,14.62,21.61,554.18,2388.08,9053.12,1.3,47.37,522.5,2388.09,8127.72,8.4061,0.03,393,2388,100.0,38.93,23.2802
85,69,0.0016,0.0003,100.0,518.67,642.66,1586.48,1403.06,14.62,21.61,553.16,2388.06,9049.06,1.3,47.5,521.97,2388.1,8132.49,8.4128,0.03,394,2388,100.0,38.91,23.2975
85,70,0.001,0.0003,100.0,518.67,642.54,1587.26,1412.08,14.62,21.61,552.89,2388.13,9048.53,1.3,47.35,521.73,2388.15,8125.93,8.4326,0.03,394,2388,100.0,38.85,23.363
85,71,0.0016,-0.0001,100.0,518.67,642.82,1592.67,1405.49,14.62,21.61,554.0,2388.13,9049.74,1.3,47.45,521.62,2388.11,8126.68,8.443,0.03,392,2388,100.0,38.86,23.3271
85,72,0.0012,-0.0004,100.0,518.67,642.67,1590.62,1410.57,14.62,21.61,554.03,2388.13,9041.75,1.3,47.55,521.34,2388.1,8126.53,8.4418,0.03,392,2388,100.0,39.03,23.3665
85,73,0.0023,0.0002,100.0,518.67,642.93,1581.63,1402.76,14.62,21.61,553.94,2388.06,9043.85,1.3,47.4,521.69,2388.07,8138.3,8.4576,0.03,393,2388,100.0,38.85,23.2689
85,74,-0.0022,0.0004,100.0,518.67,642.31,1586.88,1412.5,14.62,21.61,553.87,2388.03,9047.65,1.3,47.48,521.6,2388.13,8134.19,8.4119,0.03,394,2388,100.0,39.13,23.3329
85,75,0.0034,-0.0002,100.0,518.67,642.55,1582.42,1402.67,14.62,21.61,553.64,2388.06,9044.12,1.3,47.65,521.47,2388.05,8130.46,8.4527,0.03,393,2388,100.0,38.84,23.1912
85,76,0.0014,0.0004,100.0,518.67,642.86,1587.6,1410.46,14.62,21.61,553.47,2388.06,9056.11,1.3,47.34,521.68,2388.15,8132.35,8.4623,0.03,393,2388,100.0,38.69,23.2664
85,77,0.0004,-0.0002,100.0,518.67,642.22,1589.93,1411.77,14.62,21.61,553.39,2388.12,9048.62,1.3,47.44,521.4,2388.15,8130.07,8.4172,0.03,393,2388,100.0,38.81,23.3432
85,78,-0.0023,0.0003,100.0,518.67,642.8,1584.81,1412.78,14.62,21.61,553.55,2388.14,9051.42,1.3,47.42,521.71,2388.09,8123.91,8.4328,0.03,392,2388,100.0,38.87,23.3254
85,79,0.0017,0.0003,100.0,518.67,642.43,1586.15,1406.39,14.62,21.61,553.89,2388.18,9051.34,1.3,47.4,521.64,2388.11,8126.88,8.4362,0.03,394,2388,100.0,38.73,23.3519
85,80,0.0022,0.0001,100.0,518.67,642.81,1586.53,1405.24,14.62,21.61,554.1,2388.07,9048.93,1.3,47.58,521.42,2388.1,8134.1,8.4267,0.03,393,2388,100.0,38.89,23.3615
85,81,0.0014,0.0001,100.0,518.67,642.26,1582.11,1401.47,14.62,21.61,552.26,2388.11,9045.85,1.3,47.36,521.56,2388.07,8134.66,8.429,0.03,392,2388,100.0,38.87,23.3273
85,82,-0.0013,0.0,100.0,518.67,642.08,1588.66,1409.23,14.62,21.61,553.88,2388.12,9052.14,1.3,47.47,521.76,2388.09,8132.88,8.4089,0.03,393,2388,100.0,38.97,23.3551
85,83,0.0018,0.0005,100.0,518.67,642.83,1592.39,1406.19,14.62,21.61,553.68,2388.1,9051.29,1.3,47.4,521.67,2388.13,8123.44,8.4276,0.03,392,2388,100.0,38.67,23.4252
85,84,-0.0002,-0.0002,100.0,518.67,642.69,1588.56,1414.89,14.62,21.61,552.39,2388.18,9052.15,1.3,47.62,522.13,2388.1,8128.97,8.4713,0.03,394,2388,100.0,38.89,23.25
85,85,-0.0016,-0.0002,100.0,518.67,642.48,1582.32,1407.92,14.62,21.61,553.56,2388.1,9052.11,1.3,47.63,521.93,2388.07,8128.81,8.4271,0.03,391,2388,100.0,38.93,23.2639
85,86,0.0012,-0.0005,100.0,518.67,642.91,1582.74,1404.08,14.62,21.61,553.4,2388.08,9052.3,1.3,47.58,521.35,2388.14,8133.33,8.4064,0.03,392,2388,100.0,38.87,23.38
85,87,0.0019,-0.0003,100.0,518.67,642.58,1583.6,1403.38,14.62,21.61,553.26,2388.1,9046.61,1.3,47.7,521.43,2388.13,8133.23,8.4214,0.03,394,2388,100.0,38.9,23.3083
85,88,0.0004,0.0002,100.0,518.67,642.19,1597.43,1407.13,14.62,21.61,553.58,2388.07,9054.09,1.3,47.55,521.82,2388.15,8132.71,8.4204,0.03,393,2388,100.0,38.8,23.2964
85,89,0.0046,-0.0002,100.0,518.67,643.02,1585.05,1410.43,14.62,21.61,553.73,2388.1,9048.24,1.3,47.5,521.54,2388.09,8125.67,8.4139,0.03,392,2388,100.0,38.85,23.3259
85,90,-0.0031,-0.0002,100.0,518.67,642.84,1587.94,1405.35,14.62,21.61,553.82,2388.14,9048.54,1.3,47.46,521.49,2388.13,8123.61,8.4304,0.03,391,2388,100.0,38.86,23.4024
85,91,-0.0013,-0.0004,100.0,518.67,642.35,1594.29,1406.98,14.62,21.61,553.74,2388.08,9053.23,1.3,47.42,521.68,2388.07,8130.4,8.4706,0.03,392,2388,100.0,38.87,23.3029
85,92,-0.0025,-0.0002,100.0,518.67,642.72,1586.52,1403.7,14.62,21.61,553.56,2388.09,9050.92,1.3,47.56,521.4,2388.12,8128.24,8.4463,0.03,392,2388,100.0,38.96,23.3022
85,93,-0.0012,0.0002,100.0,518.67,642.75,1596.04,1409.68,14.62,21.61,553.11,2388.08,9048.25,1.3,47.46,520.89,2388.13,8125.29,8.4477,0.03,391,2388,100.0,38.74,23.2868
85,94,0.0041,0.0002,100.0,518.67,642.36,1578.67,1405.02,14.62,21.61,553.18,2388.11,9041.47,1.3,47.64,521.96,2388.1,8131.02,8.3745,0.03,392,2388,100.0,38.89,23.2796
85,95,-0.0006,0.0005,100.0,518.67,642.56,1589.13,1409.58,14.62,21.61,552.86,2388.16,9048.52,1.3,47.56,521.75,2388.14,8131.38,8.4385,0.03,393,2388,100.0,38.87,23.3479
85,96,-0.0016,0.0002,100.0,518.67,642.34,1591.16,1399.48,14.62,21.61,554.1,2388.08,9048.11,1.3,47.49,521.17,2388.17,8128.21,8.4338,0.03,393,2388,100.0,38.76,23.356
85,97,-0.0036,0.0001,100.0,518.67,643.07,1591.43,1401.69,14.62,21.61,553.28,2388.18,9047.76,1.3,47.53,521.6,2388.15,8125.56,8.4295,0.03,392,2388,100.0,38.88,23.2559
85,98,-0.0017,0.0003,100.0,518.67,642.63,1596.99,1406.18,14.62,21.61,553.27,2388.07,9048.59,1.3,47.52,521.19,2388.12,8133.93,8.4643,0.03,393,2388,100.0,38.85,23.3123
85,99,-0.0019,0.0003,100.0,518.67,642.59,1600.02,1408.28,14.62,21.61,553.42,2388.13,9046.82,1.3,47.58,521.47,2388.16,8133.56,8.4136,0.03,395,2388,100.0,38.67,23.3731
85,100,-0.0011,0.0005,100.0,518.67,642.84,1590.36,1403.27,14.62,21.61,553.31,2388.11,9045.42,1.3,47.38,521.49,2388.11,8134.2,8.4253,0.03,393,2388,100.0,38.8,23.3634
85,101,0.0003,-0.0002,100.0,518.67,642.93,1591.15,1397.88,14.62,21.61,553.33,2388.15,9050.73,1.3,47.66,521.54,2388.08,8131.38,8.4342,0.03,394,2388,100.0,39.0,23.2381
85,102,0.0035,0.0005,100.0,518.67,642.52,1585.43,1407.96,14.62,21.61,553.58,2388.06,9050.98,1.3,47.63,521.22,2388.11,8134.68,8.4555,0.03,393,2388,100.0,38.98,23.1996
85,103,-0.0034,-0.0005,100.0,518.67,642.92,1587.12,1410.06,14.62,21.61,553.39,2388.09,9044.51,1.3,47.45,521.13,2388.1,8131.46,8.4471,0.03,394,2388,100.0,38.59,23.2953
85,104,-0.0009,0.0004,100.0,518.67,642.51,1597.02,1409.17,14.62,21.61,553.19,2388.08,9046.45,1.3,47.51,521.43,2388.15,8125.58,8.4348,0.03,393,2388,100.0,38.82,23.2883
85,105,0.0027,0.0003,100.0,518.67,642.56,1590.93,1408.2,14.62,21.61,553.14,2388.11,9047.47,1.3,47.56,521.18,2388.17,8131.57,8.4234,0.03,393,2388,100.0,38.81,23.2725
85,106,0.0016,0.0005,100.0,518.67,642.63,1587.61,1407.18,14.62,21.61,553.78,2388.14,9052.56,1.3,47.41,521.54,2388.12,8133.34,8.4333,0.03,392,2388,100.0,38.8,23.3443
85,107,0.0005,-0.0004,100.0,518.67,642.78,1588.13,1414.46,14.62,21.61,553.08,2388.16,9055.07,1.3,47.63,521.62,2388.08,8136.95,8.4268,0.03,394,2388,100.0,38.61,23.351
85,108,-0.0,0.0004,100.0,518.67,642.62,1589.73,1418.74,14.62,21.61,553.36,2388.13,9049.79,1.3,47.46,521.96,2388.17,8132.56,8.4695,0.03,393,2388,100.0,38.81,23.4624
85,109,0.0002,-0.0002,100.0,518.67,642.47,1594.3,1403.84,14.62,21.61,553.72,2388.12,9051.96,1.3,47.66,521.29,2388.16,8129.55,8.4577,0.03,393,2388,100.0,38.84,23.297
85,110,-0.0074,0.0002,100.0,518.67,642.0,1595.15,1410.89,14.62,21.61,552.96,2388.07,9052.06,1.3,47.59,521.42,2388.08,8131.15,8.4347,0.03,393,2388,100.0,38.86,23.2891
85,111,-0.0021,-0.0001,100.0,518.67,642.74,1586.38,1407.94,14.62,21.61,553.41,2388.19,9055.1,1.3,47.42,521.41,2388.12,8128.48,8.3903,0.03,392,2388,100.0,38.94,23.178
85,112,-0.0057,0.0002,100.0,518.67,642.99,1584.86,1411.02,14.62,21.61,552.93,2388.1,9051.8,1.3,47.65,520.85,2388.08,8133.69,8.463,0.03,394,2388,100.0,38.79,23.2487
85,113,0.0005,-0.0002,100.0,518.67,642.66,1589.26,1415.26,14.62,21.61,553.03,2388.08,9055.7,1.3,47.53,520.75,2388.12,8133.45,8.4552,0.03,393,2388,100.0,38.78,23.2645
85,114,-0.0046,0.0003,100.0,518.67,642.81,1589.85,1411.23,14.62,21.61,553.87,2388.17,9041.18,1.3,47.52,521.52,2388.11,8132.25,8.4512,0.03,394,2388,100.0,38.8,23.1966
85,115,-0.002,0.0002,100.0,518.67,642.39,1594.41,1412.62,14.62,21.61,553.5,2388.12,9045.46,1.3,47.51,520.94,2388.08,8131.06,8.4284,0.03,392,2388,100.0,38.94,23.1792
85,116,0.0004,0.0,100.0,518.67,642.49,1594.11,1406.09,14.62,21.61,552.65,2388.14,9043.62,1.3,47.49,520.79,2388.1,8125.78,8.4657,0.03,394,2388,100.0,38.66,23.2875
85,117,-0.0012,-0.0001,100.0,518.67,642.58,1590.6,1416.04,14.62,21.61,552.83,2388.17,9053.15,1.3,47.65,521.03,2388.17,8128.5,8.4674,0.03,392,2388,100.0,38.66,23.2665
85,118,0.0001,0.0004,100.0,518.67,643.07,1588.18,1410.84,14.62,21.61,552.74,2388.12,9049.52,1.3,47.58,521.77,2388.08,8128.9,8.4736,0.03,394,2388,100.0,38.82,23.2192
85,119,0.0035,-0.0003,100.0,518.67,642.55,1591.65,1410.29,14.62,21.61,553.36,2388.11,9054.13,1.3,47.58,521.07,2388.15,8135.16,8.467,0.03,392,2388,100.0,38.76,23.3847
85,120,0.0008,-0.0001,100.0,518.67,642.71,1586.63,1405.96,14.62,21.61,553.52,2388.1,9050.64,1.3,47.42,521.14,2388.17,8134.69,8.411,0.03,393,2388,100.0,38.77,23.2864
85,121,-0.0008,-0.0004,100.0,518.67,642.9,1592.26,1413.09,14.62,21.61,553.36,2388.09,9050.53,1.3,47.62,521.01,2388.14,8133.32,8.4663,0.03,392,2388,100.0,38.85,23.1731
85,122,0.0,0.0003,100.0,518.67,642.99,1588.02,1415.86,14.62,21.61,553.21,2388.14,9047.51,1.3,47.64,521.37,2388.2,8126.6,8.4693,0.03,394,2388,100.0,38.75,23.3959
85,123,0.0018,0.0004,100.0,518.67,642.67,1590.84,1415.71,14.62,21.61,552.25,2388.16,9060.47,1.3,47.59,521.33,2388.13,8133.25,8.4464,0.03,394,2388,100.0,38.85,23.369
85,124,0.0027,-0.0003,100.0,518.67,642.6,1591.6,1413.87,14.62,21.61,553.54,2388.13,9061.21,1.3,47.74,521.56,2388.11,8129.59,8.4535,0.03,393,2388,100.0,38.53,23.2835
85,125,0.0024,-0.0003,100.0,518.67,642.73,1588.86,1411.02,14.62,21.61,552.62,2388.2,9051.14,1.3,47.6,521.11,2388.13,8132.59,8.4699,0.03,393,2388,100.0,38.75,23.348
85,126,-0.0011,-0.0001,100.0,518.67,642.48,1582.8,1410.98,14.62,21.61,553.47,2388.14,9051.69,1.3,47.56,520.84,2388.11,8128.59,8.4621,0.03,394,2388,100.0,38.72,23.3288
85,127,0.0009,0.0002,100.0,518.67,642.62,1596.08,1407.35,14.62,21.61,552.84,2388.16,9053.49,1.3,47.64,520.94,2388.16,8134.11,8.4416,0.03,395,2388,100.0,38.89,23.2047
85,128,-0.0021,-0.0002,100.0,518.67,642.78,1598.95,1412.49,14.62,21.61,553.16,2388.17,9045.24,1.3,47.75,521.26,2388.11,8126.82,8.4222,0.03,393,2388,100.0,38.77,23.314
85,129,0.0024,-0.0004,100.0,518.67,642.86,1588.62,1413.53,14.62,21.61,552.6,2388.15,9050.09,1.3,47.52,521.38,2388.18,8127.39,8.4332,0.03,394,2388,100.0,38.94,23.2598
85,130,-0.0021,0.0002,100.0,518.67,642.73,1593.66,1414.7,14.62,21.61,552.92,2388.12,9048.64,1.3,47.78,521.05,2388.14,8129.4,8.46,0.03,393,2388,100.0,38.78,23.2158
85,131,0.0009,-0.0003,100.0,518.67,643.16,1589.06,1417.53,14.62,21.61,552.98,2388.2,9049.64,1.3,47.6,521.13,2388.16,8126.72,8.4472,0.03,393,2388,100.0,38.86,23.2057
85,132,0.002,0.0002,100.0,518.67,642.93,1589.54,1405.27,14.62,21.61,553.31,2388.12,9054.94,1.3,47.63,521.49,2388.15,8133.05,8.4804,0.03,395,2388,100.0,38.83,23.2875
85,133,0.0004,-0.0004,100.0,518.67,642.94,1585.82,1419.04,14.62,21.61,553.03,2388.16,9046.65,1.3,47.71,520.91,2388.13,8133.92,8.461,0.03,393,2388,100.0,38.72,23.2633
85,134,0.0003,-0.0,100.0,518.67,642.91,1595.81,1412.86,14.62,21.61,552.58,2388.18,9046.89,1.3,47.98,521.13,2388.14,8129.35,8.4845,0.03,393,2388,100.0,38.78,23.1533
85,135,0.0032,0.0005,100.0,518.67,642.82,1597.07,1406.59,14.62,21.61,552.65,2388.15,9049.56,1.3,47.76,521.16,2388.11,8131.89,8.4415,0.03,393,2388,100.0,38.87,23.3691
85,136,-0.0029,-0.0002,100.0,518.67,642.74,1592.28,1415.14,14.62,21.61,553.27,2388.18,9056.69,1.3,47.63,520.68,2388.17,8130.54,8.4599,0.03,395,2388,100.0,38.66,23.3203
85,137,0.0016,0.0001,100.0,518.67,642.8,1590.67,1415.8,14.62,21.61,553.05,2388.12,9050.16,1.3,47.45,520.9,2388.14,8124.58,8.4586,0.03,392,2388,100.0,38.75,23.2978
85,138,0.0019,0.0,100.0,518.67,642.77,1590.16,1415.5,14.62,21.61,552.66,2388.15,9050.47,1.3,47.73,520.89,2388.15,8131.14,8.4512,0.03,393,2388,100.0,38.84,23.2292
85,139,0.0,0.0004,100.0,518.67,642.45,1589.38,1414.03,14.62,21.61,553.19,2388.12,9056.11,1.3,47.49,521.66,2388.15,8128.31,8.4703,0.03,394,2388,100.0,38.81,23.2242
85,140,0.0028,0.0004,100.0,518.67,642.56,1593.74,1414.74,14.62,21.61,552.75,2388.15,9054.27,1.3,47.62,521.08,2388.19,8129.98,8.4716,0.03,393,2388,100.0,38.73,23.1505
85,141,-0.003,0.0001,100.0,518.67,642.83,1594.54,1416.22,14.62,21.61,553.22,2388.14,9048.77,1.3,47.75,520.48,2388.16,8131.65,8.4434,0.03,393,2388,100.0,38.69,23.2326
85,142,0.0004,-0.0,100.0,518.67,642.56,1589.95,1414.78,14.62,21.61,552.74,2388.15,9052.15,1.3,47.62,520.81,2388.15,8130.07,8.457,0.03,393,2388,100.0,38.6,23.2029
85,143,-0.0031,0.0001,100.0,518.67,642.99,1599.37,1406.55,14.62,21.61,552.25,2388.22,9054.79,1.3,47.69,520.89,2388.19,8128.17,8.449,0.03,393,2388,100.0,38.8,23.3025
85,144,0.0023,-0.0001,100.0,518.67,642.62,1587.55,1416.24,14.62,21.61,553.19,2388.14,9055.93,1.3,47.64,521.08,2388.16,8129.67,8.4681,0.03,393,2388,100.0,38.7,23.2567
85,145,0.004,-0.0001,100.0,518.67,643.1,1589.98,1414.98,14.62,21.61,553.35,2388.1,9051.65,1.3,47.65,520.77,2388.16,8127.82,8.4544,0.03,394,2388,100.0,38.77,23.2346
85,146,0.0004,-0.0001,100.0,518.67,643.05,1593.06,1418.23,14.62,21.61,552.89,2388.11,9062.92,1.3,47.64,520.48,2388.16,8133.69,8.4593,0.03,394,2388,100.0,38.71,23.2775
85,147,-0.0013,0.0001,100.0,518.67,642.84,1589.75,1415.85,14.62,21.61,553.02,2388.12,9054.01,1.3,47.59,521.0,2388.17,8136.15,8.4405,0.03,395,2388,100.0,38.69,23.1636
85,148,-0.0008,0.0004,100.0,518.67,642.98,1595.08,1413.16,14.62,21.61,552.69,2388.12,9049.4,1.3,47.97,521.0,2388.19,8134.82,8.4933,0.03,395,2388,100.0,38.81,23.0943
85,149,-0.0007,0.0003,100.0,518.67,643.27,1597.14,1417.62,14.62,21.61,552.22,2388.16,9048.17,1.3,47.74,520.82,2388.17,8126.27,8.464,0.03,394,2388,100.0,38.66,23.2292
85,150,-0.0011,0.0001,100.0,518.67,642.84,1599.33,1418.69,14.62,21.61,553.14,2388.15,9057.05,1.3,47.82,520.78,2388.22,8132.0,8.4465,0.03,396,2388,100.0,38.74,23.2197
85,151,0.0018,0.0003,100.0,518.67,643.1,1596.68,1416.15,14.62,21.61,552.77,2388.16,9048.31,1.3,47.68,520.72,2388.2,8132.93,8.4841,0.03,394,2388,100.0,38.83,23.1524
85,152,0.0003,-0.0002,100.0,518.67,643.63,1595.65,1419.63,14.62,21.61,552.24,2388.21,9059.11,1.3,47.77,520.88,2388.17,8128.07,8.4892,0.03,392,2388,100.0,38.69,23.2134
85,153,-0.0008,0.0,100.0,518.67,643.21,1593.73,1416.61,14.62,21.61,552.57,2388.14,9053.5,1.3,47.88,520.35,2388.17,8128.17,8.444,0.03,396,2388,100.0,38.83,23.2369
85,154,0.0027,0.0002,100.0,518.67,642.43,1598.05,1410.2,14.62,21.61,552.09,2388.16,9058.28,1.3,47.9,520.38,2388.21,8131.78,8.4625,0.03,395,2388,100.0,38.62,23.2579
85,155,-0.0047,-0.0001,100.0,518.67,642.44,1590.34,1415.3,14.62,21.61,551.94,2388.17,9056.27,1.3,47.94,520.42,2388.21,8131.99,8.4614,0.03,395,2388,100.0,38.69,23.1336
85,156,-0.0019,0.0001,100.0,518.67,642.8,1588.51,1413.48,14.62,21.61,552.78,2388.14,9043.28,1.3,47.73,521.06,2388.17,8130.03,8.4319,0.03,395,2388,100.0,38.6,23.2906
85,157,0.0,0.0001,100.0,518.67,642.85,1593.68,1410.03,14.62,21.61,552.67,2388.2,9044.9,1.3,47.72,520.52,2388.19,8133.19,8.4758,0.03,395,2388,100.0,38.59,23.2562
85,158,0.0037,-0.0005,100.0,518.67,643.18,1596.09,1412.39,14.62,21.61,552.71,2388.2,9055.92,1.3,47.77,519.73,2388.17,8126.59,8.4769,0.03,397,2388,100.0,38.64,23.1704
85,159,0.0021,0.0005,100.0,518.67,643.04,1596.61,1419.17,14.62,21.61,552.62,2388.2,9053.27,1.3,47.76,520.74,2388.27,8135.72,8.464,0.03,393,2388,100.0,38.72,23.2196
85,160,0.0003,0.0001,100.0,518.67,643.44,1595.24,1411.77,14.62,21.61,552.04,2388.19,9046.77,1.3,47.84,520.01,2388.17,8127.44,8.4973,0.03,395,2388,100.0,38.54,23.1647
85,161,0.0005,-0.0002,100.0,518.67,642.96,1587.66,1423.21,14.62,21.61,553.17,2388.18,9057.59,1.3,47.89,520.54,2388.21,8132.61,8.5174,0.03,394,2388,100.0,38.52,23.1855
85,162,0.0014,-0.0,100.0,518.67,643.09,1595.75,1418.08,14.62,21.61,552.06,2388.2,9061.84,1.3,47.99,520.28,2388.17,8134.07,8.4755,0.03,395,2388,100.0,38.57,23.1884
85,163,-0.0006,-0.0,100.0,518.67,643.54,1596.76,1420.38,14.62,21.61,551.13,2388.2,9058.94,1.3,47.86,520.51,2388.21,8130.76,8.4576,0.03,394,2388,100.0,38.65,23.2047
85,164,-0.002,0.0,100.0,518.67,642.91,1594.25,1423.33,14.62,21.61,552.33,2388.21,9058.7,1.3,47.77,520.88,2388.21,8128.0,8.4645,0.03,396,2388,100.0,38.66,23.2233
85,165,-0.0007,-0.0001,100.0,518.67,643.72,1602.42,1419.58,14.62,21.61,552.09,2388.23,9053.22,1.3,47.8,520.39,2388.18,8127.75,8.4798,0.03,393,2388,100.0,38.54,23.3028
85,166,-0.0026,0.0003,100.0,518.67,643.4,1595.43,1419.23,14.62,21.61,552.47,2388.22,9060.09,1.3,47.87,520.13,2388.15,8130.82,8.4321,0.03,394,2388,100.0,38.76,23.1859
85,167,-0.0021,0.0002,100.0,518.67,643.16,1592.47,1418.52,14.62,21.61,552.06,2388.18,9047.15,1.3,48.06,520.2,2388.21,8128.63,8.4792,0.03,394,2388,100.0,38.53,23.0996
85,168,0.0003,0.0005,100.0,518.67,643.53,1598.6,1420.12,14.62,21.61,552.09,2388.21,9058.39,1.3,47.78,520.04,2388.23,8129.96,8.4593,0.03,395,2388,100.0,38.63,23.0746
85,169,-0.0013,-0.0002,100.0,518.67,644.0,1594.95,1418.24,14.62,21.61,552.42,2388.22,9052.49,1.3,48.0,520.37,2388.18,8133.28,8.4908,0.03,396,2388,100.0,38.64,23.2287
85,170,0.0041,0.0001,100.0,518.67,642.96,1604.75,1422.63,14.62,21.61,551.59,2388.23,9052.84,1.3,47.81,519.9,2388.19,8131.32,8.4686,0.03,392,2388,100.0,38.59,23.1941
85,171,-0.0005,0.0003,100.0,518.67,642.85,1597.2,1421.75,14.62,21.61,552.27,2388.17,9057.35,1.3,47.9,520.37,2388.22,8131.67,8.4732,0.03,395,2388,100.0,38.64,23.1862
85,172,-0.0002,-0.0005,100.0,518.67,643.44,1597.6,1419.92,14.62,21.61,551.46,2388.18,9059.89,1.3,48.05,519.97,2388.24,8134.38,8.4852,0.03,395,2388,100.0,38.51,23.0902
85,173,0.0009,0.0003,100.0,518.67,643.29,1600.69,1423.19,14.62,21.61,551.96,2388.23,9054.41,1.3,48.05,520.29,2388.19,8132.57,8.5235,0.03,395,2388,100.0,38.8,23.1496
85,174,0.002,-0.0004,100.0,518.67,643.04,1600.66,1415.58,14.62,21.61,552.07,2388.18,9054.37,1.3,48.03,520.28,2388.29,8128.41,8.52,0.03,395,2388,100.0,38.36,23.0904
85,175,0.002,0.0003,100.0,518.67,643.38,1602.32,1426.56,14.62,21.61,551.8,2388.24,9051.44,1.3,48.05,520.19,2388.25,8125.05,8.5347,0.03,397,2388,100.0,38.5,23.0986
85,176,0.0016,0.0004,100.0,518.67,643.54,1589.61,1420.49,14.62,21.61,551.33,2388.26,9057.52,1.3,48.03,520.34,2388.23,8122.34,8.461,0.03,396,2388,100.0,38.42,23.1604
85,177,-0.0001,-0.0003,100.0,518.67,643.61,1600.52,1423.15,14.62,21.61,551.46,2388.24,9055.33,1.3,47.85,519.95,2388.23,8126.54,8.4922,0.03,395,2388,100.0,38.55,23.1178
85,178,-0.0027,0.0005,100.0,518.67,643.26,1596.33,1423.46,14.62,21.61,552.14,2388.24,9060.73,1.3,48.08,519.99,2388.24,8124.63,8.5374,0.03,396,2388,100.0,38.43,23.1447
85,179,-0.0009,-0.0001,100.0,518.67,643.18,1595.08,1425.33,14.62,21.61,551.52,2388.28,9060.1,1.3,48.06,520.09,2388.26,8127.98,8.5197,0.03,397,2388,100.0,38.52,23.0636
85,180,0.0041,-0.0003,100.0,518.67,643.07,1602.45,1417.81,14.62,21.61,551.45,2388.22,9065.66,1.3,48.08,520.24,2388.2,8128.59,8.4889,0.03,396,2388,100.0,38.56,23.1143
85,181,0.0013,0.0003,100.0,518.67,643.54,1600.93,1426.82,14.62,21.61,551.32,2388.25,9048.0,1.3,47.86,520.07,2388.26,8131.24,8.5189,0.03,395,2388,100.0,38.65,23.0663
85,182,-0.0006,-0.0003,100.0,518.67,643.71,1596.88,1427.47,14.62,21.61,551.3,2388.19,9056.46,1.3,48.04,519.94,2388.24,8129.09,8.5229,0.03,396,2388,100.0,38.43,23.0905
85,183,-0.0023,-0.0002,100.0,518.67,643.53,1593.83,1433.5,14.62,21.61,552.34,2388.26,9060.71,1.3,48.11,520.09,2388.28,8126.63,8.5011,0.03,396,2388,100.0,38.5,23.1061
85,184,-0.0004,-0.0,100.0,518.67,643.02,1604.28,1422.37,14.62,21.61,551.05,2388.27,9053.56,1.3,48.14,519.52,2388.24,8135.45,8.5141,0.03,396,2388,100.0,38.51,23.0506
85,185,0.0016,0.0001,100.0,518.67,643.47,1596.5,1430.94,14.62,21.61,551.51,2388.28,9051.54,1.3,48.07,520.19,2388.27,8130.32,8.505,0.03,396,2388,100.0,38.46,23.0618
85,186,-0.0003,-0.0001,100.0,518.67,643.7,1598.59,1430.96,14.62,21.61,551.29,2388.34,9055.69,1.3,48.16,519.71,2388.28,8122.78,8.5387,0.03,396,2388,100.0,38.49,23.0475
85,187,-0.0014,-0.0002,100.0,518.67,644.02,1597.34,1430.78,14.62,21.61,551.02,2388.26,9056.11,1.3,48.35,518.83,2388.29,8127.76,8.5517,0.03,397,2388,100.0,38.42,23.1251
85,188,-0.0014,0.0,100.0,518.67,643.64,1603.1,1434.88,14.62,21.61,551.23,2388.28,9050.97,1.3,48.17,519.61,2388.3,8124.14,8.4977,0.03,396,2388,100.0,38.61,22.9752
86,1,0.0014,-0.0,100.0,518.67,643.06,1593.71,1408.42,14.62,21.61,554.35,2388.05,9060.64,1.3,47.35,522.38,2388.09,8136.32,8.4239,0.03,392,2388,100.0,38.82,23.4096
86,2,0.0034,-0.0005,100.0,518.67,642.41,1602.39,1407.07,14.62,21.6,553.84,2388.07,9067.94,1.3,47.51,521.68,2388.09,8138.02,8.4522,0.03,393,2388,100.0,38.97,23.3046
86,3,-0.0004,0.0,100.0,518.67,642.79,1583.74,1407.67,14.62,21.61,554.17,2388.08,9058.55,1.3,47.5,521.84,2388.11,8140.18,8.4097,0.03,392,2388,100.0,38.89,23.3123
86,4,-0.003,0.0002,100.0,518.67,642.28,1587.97,1399.32,14.62,21.61,553.85,2388.07,9059.9,1.3,47.29,522.14,2388.02,8144.68,8.4076,0.03,391,2388,100.0,38.82,23.2605
86,5,0.0019,0.0004,100.0,518.67,642.5,1589.78,1407.85,14.62,21.61,553.33,2388.05,9061.34,1.3,47.51,521.82,2388.11,8143.84,8.4116,0.03,391,2388,100.0,39.12,23.4223
86,6,-0.0003,0.0002,100.0,518.67,643.16,1591.03,1407.62,14.62,21.61,554.07,2388.08,9060.78,1.3,47.69,521.69,2388.07,8144.5,8.4499,0.03,393,2388,100.0,38.81,23.2583
86,7,0.0005,-0.0005,100.0,518.67,642.35,1585.02,1403.66,14.62,21.61,553.83,2388.04,9061.15,1.3,47.32,521.54,2388.05,8138.75,8.4671,0.03,392,2388,100.0,38.97,23.3339
86,8,-0.0003,0.0001,100.0,518.67,643.01,1582.3,1409.89,14.62,21.61,554.11,2387.98,9053.38,1.3,47.31,521.92,2388.01,8137.93,8.4597,0.03,392,2388,100.0,39.1,23.3448
86,9,-0.0015,-0.0,100.0,518.67,642.29,1586.49,1401.55,14.62,21.61,553.56,2388.07,9055.51,1.3,47.56,521.72,2388.13,8140.46,8.3998,0.03,393,2388,100.0,39.05,23.4663
86,10,0.001,0.0002,100.0,518.67,642.62,1587.37,1401.4,14.62,21.61,554.32,2388.05,9064.18,1.3,47.49,521.92,2388.03,8137.36,8.4148,0.03,394,2388,100.0,38.79,23.3423
86,11,0.001,0.0004,100.0,518.67,642.76,1590.64,1398.88,14.62,21.61,554.1,2388.03,9057.69,1.3,47.31,521.54,2388.05,8143.3,8.4034,0.03,393,2388,100.0,38.86,23.2945
86,12,-0.0018,0.0004,100.0,518.67,642.41,1589.18,1404.37,14.62,21.61,554.05,2388.04,9064.33,1.3,47.28,521.35,2388.1,8140.45,8.4069,0.03,392,2388,100.0,38.89,23.492
86,13,0.0049,-0.0004,100.0,518.67,642.56,1590.84,1403.51,14.62,21.61,554.06,2388.08,9053.93,1.3,47.39,521.44,2388.1,8135.93,8.4416,0.03,393,2388,100.0,39.02,23.3551
86,14,0.0003,0.0002,100.0,518.67,642.43,1582.7,1411.21,14.62,21.61,553.68,2388.08,9063.96,1.3,47.28,521.9,2388.06,8138.81,8.4378,0.03,392,2388,100.0,38.64,23.3873
86,15,-0.0001,-0.0003,100.0,518.67,642.56,1584.94,1406.71,14.62,21.61,553.13,2388.06,9065.57,1.3,47.54,522.25,2388.04,8145.74,8.4243,0.03,393,2388,100.0,39.0,23.2888
86,16,-0.0009,0.0004,100.0,518.67,642.73,1590.43,1399.81,14.62,21.61,554.21,2388.06,9063.52,1.3,47.46,522.11,2388.06,8140.14,8.3922,0.03,391,2388,100.0,38.85,23.2716
86,17,0.001,-0.0004,100.0,518.67,642.68,1587.61,1400.08,14.62,21.61,553.3,2388.04,9056.71,1.3,47.44,521.54,2388.06,8145.05,8.3858,0.03,392,2388,100.0,38.77,23.2346
86,18,0.0016,0.0003,100.0,518.67,642.65,1596.39,1397.51,14.62,21.61,553.27,2388.08,9062.54,1.3,47.53,521.84,2388.06,8138.91,8.4062,0.03,393,2388,100.0,38.84,23.3539
86,19,0.0022,-0.0001,100.0,518.67,642.39,1583.43,1404.43,14.62,21.61,553.24,2388.08,9060.48,1.3,47.51,521.61,2388.05,8140.3,8.4605,0.03,391,2388,100.0,38.74,23.3869
86,20,-0.0005,0.0005,100.0,518.67,642.71,1589.02,1407.81,14.62,21.61,553.26,2388.03,9066.97,1.3,47.22,521.36,2388.04,8139.62,8.426,0.03,393,2388,100.0,38.9,23.4574
86,21,-0.0024,0.0001,100.0,518.67,643.02,1583.21,1399.7,14.62,21.61,554.61,2388.09,9063.15,1.3,47.37,521.74,2388.06,8138.61,8.4285,0.03,393,2388,100.0,38.9,23.4391
86,22,-0.0009,-0.0,100.0,518.67,642.56,1585.53,1401.87,14.62,21.61,553.61,2388.06,9064.18,1.3,47.53,521.61,2388.06,8141.27,8.4699,0.03,392,2388,100.0,38.79,23.3393
86,23,-0.001,0.0,100.0,518.67,642.26,1595.97,1401.04,14.62,21.61,553.94,2388.05,9057.46,1.3,47.38,522.11,2388.08,8144.81,8.4147,0.03,393,2388,100.0,38.95,23.3704
86,24,-0.0016,-0.0005,100.0,518.67,642.74,1592.33,1402.5,14.62,21.61,553.89,2388.1,9062.59,1.3,47.47,521.5,2388.09,8139.85,8.4285,0.03,394,2388,100.0,38.92,23.3893
86,25,-0.0003,-0.0,100.0,518.67,642.81,1592.84,1400.92,14.62,21.61,553.59,2388.08,9063.14,1.3,47.24,521.65,2388.1,8141.78,8.459,0.03,394,2388,100.0,39.07,23.3068
86,26,0.0042,0.0004,100.0,518.67,642.4,1586.33,1408.56,14.62,21.61,553.76,2388.04,9055.59,1.3,47.77,521.84,2388.05,8141.56,8.4046,0.03,392,2388,100.0,38.8,23.2964
86,27,-0.0026,0.0002,100.0,518.67,642.51,1587.01,1409.87,14.62,21.61,553.62,2388.09,9062.72,1.3,47.46,522.3,2388.11,8137.69,8.4124,0.03,392,2388,100.0,38.98,23.2926
86,28,-0.0001,0.0001,100.0,518.67,641.94,1589.52,1408.34,14.62,21.61,553.95,2388.05,9056.74,1.3,47.46,522.02,2388.06,8139.46,8.4331,0.03,392,2388,100.0,39.15,23.3394
86,29,0.0007,0.0005,100.0,518.67,642.99,1586.9,1413.44,14.62,21.61,554.08,2388.06,9060.36,1.3,47.41,521.92,2388.08,8143.55,8.4327,0.03,392,2388,100.0,38.84,23.3209
86,30,0.0001,0.0002,100.0,518.67,642.19,1590.91,1401.92,14.62,21.61,553.48,2388.02,9057.61,1.3,47.25,522.01,2388.14,8136.44,8.4658,0.03,393,2388,100.0,38.92,23.3552
86,31,0.0011,0.0005,100.0,518.67,642.71,1593.2,1405.33,14.62,21.61,553.02,2388.11,9057.8,1.3,47.4,521.94,2388.06,8140.02,8.4428,0.03,392,2388,100.0,38.84,23.3273
86,32,-0.0006,-0.0004,100.0,518.67,642.38,1590.33,1399.02,14.62,21.61,553.06,2388.07,9063.34,1.3,47.37,522.43,2388.06,8140.01,8.3746,0.03,393,2388,100.0,38.95,23.2961
86,33,0.0005,0.0004,100.0,518.67,642.37,1582.81,1404.7,14.62,21.61,553.5,2388.09,9055.77,1.3,47.3,522.28,2388.05,8136.97,8.4234,0.03,394,2388,100.0,38.86,23.3052
86,34,0.0033,-0.0003,100.0,518.67,642.72,1585.37,1398.87,14.62,21.61,554.22,2388.04,9061.82,1.3,47.35,522.02,2388.09,8141.16,8.4139,0.03,393,2388,100.0,38.99,23.4016
86,35,-0.0013,0.0005,100.0,518.67,642.38,1589.25,1402.49,14.62,21.61,553.85,2388.08,9056.63,1.3,47.44,521.78,2388.02,8143.41,8.4305,0.03,393,2388,100.0,38.9,23.4274
86,36,0.0003,-0.0001,100.0,518.67,642.8,1593.92,1411.38,14.62,21.61,552.87,2388.11,9064.29,1.3,47.24,521.82,2388.13,8139.52,8.3918,0.03,392,2388,100.0,38.98,23.3293
86,37,0.0008,0.0003,100.0,518.67,641.84,1586.45,1412.6,14.62,21.61,554.63,2388.1,9063.43,1.3,47.48,521.43,2388.01,8141.77,8.411,0.03,393,2388,100.0,38.84,23.2635
86,38,-0.0001,-0.0001,100.0,518.67,642.48,1591.15,1399.96,14.62,21.61,553.88,2388.07,9059.51,1.3,47.48,522.62,2388.03,8139.45,8.4212,0.03,393,2388,100.0,38.91,23.2918
86,39,0.0018,0.0001,100.0,518.67,642.33,1597.22,1405.4,14.62,21.61,553.16,2388.1,9068.29,1.3,47.35,521.63,2388.09,8141.09,8.4119,0.03,392,2388,100.0,38.65,23.3067
86,40,0.002,-0.0004,100.0,518.67,642.9,1590.45,1404.15,14.62,21.61,553.72,2388.08,9060.18,1.3,47.31,521.42,2388.06,8143.06,8.4267,0.03,393,2388,100.0,39.06,23.3221
86,41,0.0009,-0.0002,100.0,518.67,642.69,1588.28,1406.4,14.62,21.61,553.84,2388.1,9058.51,1.3,47.29,522.21,2388.07,8136.62,8.435,0.03,393,2388,100.0,38.83,23.3331
86,42,-0.0026,-0.0003,100.0,518.67,642.23,1590.17,1403.82,14.62,21.61,552.93,2388.04,9064.64,1.3,47.41,521.86,2388.07,8141.18,8.3925,0.03,394,2388,100.0,38.8,23.3455
86,43,-0.0013,-0.0002,100.0,518.67,642.74,1587.99,1408.55,14.62,21.61,553.81,2388.05,9050.11,1.3,47.51,521.7,2388.05,8143.03,8.4002,0.03,390,2388,100.0,38.54,23.2264
86,44,-0.0014,0.0003,100.0,518.67,642.62,1584.55,1403.1,14.62,21.61,553.73,2388.08,9055.82,1.3,47.32,521.87,2388.04,8141.24,8.4275,0.03,393,2388,100.0,38.86,23.3656
86,45,0.0007,-0.0003,100.0,518.67,641.97,1587.81,1410.07,14.62,21.61,553.88,2388.09,9062.31,1.3,47.24,521.77,2388.13,8141.1,8.4045,0.03,394,2388,100.0,38.95,23.3431
86,46,-0.0027,0.0001,100.0,518.67,642.24,1584.39,1406.04,14.62,21.61,553.73,2388.03,9061.41,1.3,47.55,521.01,2388.03,8140.32,8.4153,0.03,391,2388,100.0,38.94,23.2591
86,47,-0.0048,0.0005,100.0,518.67,642.65,1590.59,1409.34,14.62,21.61,553.87,2388.03,9061.49,1.3,47.51,521.28,2388.14,8138.32,8.4191,0.03,392,2388,100.0,38.92,23.3412
86,48,0.0017,0.0002,100.0,518.67,643.06,1590.42,1401.64,14.62,21.61,553.49,2388.06,9064.26,1.3,47.47,521.67,2388.01,8135.08,8.4249,0.03,392,2388,100.0,39.01,23.3079
86,49,-0.0024,0.0001,100.0,518.67,642.29,1591.79,1406.5,14.62,21.61,553.44,2388.03,9061.83,1.3,47.52,521.9,2388.06,8137.07,8.428,0.03,392,2388,100.0,38.79,23.4014
86,50,-0.0013,0.0001,100.0,518.67,642.26,1589.55,1403.81,14.62,21.61,553.41,2388.11,9052.83,1.3,47.5,522.32,2388.09,8136.89,8.4269,0.03,392,2388,100.0,38.89,23.4079
86,51,-0.0023,0.0001,100.0,518.67,642.66,1583.73,1399.45,14.62,21.61,553.64,2388.08,9062.83,1.3,47.43,522.04,2388.05,8139.15,8.3968,0.03,392,2388,100.0,38.85,23.2895
86,52,0.0016,0.0004,100.0,518.67,642.46,1589.21,1406.82,14.62,21.61,553.61,2388.13,9063.78,1.3,47.21,522.09,2388.08,8143.57,8.4385,0.03,392,2388,100.0,38.96,23.3175
86,53,0.0008,0.0002,100.0,518.67,642.75,1590.01,1404.72,14.62,21.61,554.33,2388.05,9062.17,1.3,47.54,521.62,2388.03,8144.34,8.4339,0.03,392,2388,100.0,38.76,23.3214
86,54,0.0011,0.0003,100.0,518.67,643.09,1592.38,1397.15,14.62,21.61,553.34,2388.06,9065.91,1.3,47.51,521.43,2388.06,8140.01,8.4228,0.03,392,2388,100.0,38.93,23.2877
86,55,0.0008,0.0,100.0,518.67,642.37,1587.23,1409.0,14.62,21.61,553.82,2388.11,9058.18,1.3,47.52,522.12,2388.05,8135.96,8.4419,0.03,392,2388,100.0,39.01,23.3417
86,56,0.0008,0.0003,100.0,518.67,642.62,1590.77,1401.06,14.62,21.61,553.52,2388.1,9057.78,1.3,47.45,521.73,2388.07,8142.87,8.4179,0.03,393,2388,100.0,38.84,23.3069
86,57,-0.0001,-0.0,100.0,518.67,642.22,1588.04,1398.71,14.62,21.61,554.36,2388.06,9061.56,1.3,47.52,521.87,2388.07,8139.19,8.4195,0.03,394,2388,100.0,38.79,23.301
86,58,-0.0051,0.0002,100.0,518.67,641.93,1588.93,1402.77,14.62,21.61,553.6,2388.07,9058.22,1.3,47.27,521.39,2388.08,8137.01,8.4435,0.03,393,2388,100.0,39.01,23.2937
86,59,-0.0033,0.0004,100.0,518.67,642.73,1592.78,1408.69,14.62,21.61,553.89,2388.08,9061.73,1.3,47.31,521.83,2388.03,8145.16,8.4109,0.03,392,2388,100.0,38.95,23.3711
86,60,-0.0035,0.0001,100.0,518.67,642.64,1586.12,1407.02,14.62,21.61,553.17,2388.06,9064.2,1.3,47.31,521.54,2388.11,8142.29,8.4456,0.03,391,2388,100.0,38.98,23.3207
86,61,0.0014,0.0002,100.0,518.67,642.07,1589.33,1401.75,14.62,21.61,553.91,2388.07,9061.18,1.3,47.38,521.56,2388.09,8141.87,8.3956,0.03,393,2388,100.0,38.68,23.2754
86,62,0.0014,0.0002,100.0,518.67,642.66,1585.04,1405.16,14.62,21.61,553.74,2388.09,9065.54,1.3,47.48,522.25,2388.07,8140.95,8.4351,0.03,393,2388,100.0,38.91,23.3764
86,63,-0.0005,-0.0004,100.0,518.67,642.13,1591.25,1401.09,14.62,21.61,553.55,2388.05,9057.21,1.3,47.56,521.55,2388.11,8133.97,8.4164,0.03,393,2388,100.0,38.89,23.2838
86,64,-0.0012,-0.0003,100.0,518.67,642.56,1596.0,1399.72,14.62,21.61,553.67,2388.06,9056.49,1.3,47.53,521.58,2388.05,8143.58,8.4072,0.03,392,2388,100.0,39.05,23.4364
86,65,-0.001,-0.0003,100.0,518.67,642.28,1585.13,1404.89,14.62,21.61,553.72,2388.04,9060.42,1.3,47.33,522.06,2388.07,8142.03,8.4086,0.03,392,2388,100.0,38.84,23.3796
86,66,0.0012,-0.0003,100.0,518.67,643.13,1595.27,1407.88,14.62,21.61,554.08,2388.11,9068.63,1.3,47.6,521.82,2388.12,8142.3,8.433,0.03,392,2388,100.0,38.74,23.2911
86,67,-0.0002,-0.0004,100.0,518.67,642.67,1590.19,1409.63,14.62,21.61,553.56,2388.0,9049.14,1.3,47.41,521.92,2388.04,8141.19,8.4364,0.03,392,2388,100.0,38.86,23.2945
86,68,-0.0008,-0.0002,100.0,518.67,642.63,1581.87,1403.02,14.62,21.61,553.87,2388.1,9062.92,1.3,47.46,521.62,2388.08,8144.37,8.4289,0.03,394,2388,100.0,38.98,23.3159
86,69,0.0016,-0.0002,100.0,518.67,642.67,1591.71,1404.8,14.62,21.61,554.16,2388.08,9061.77,1.3,47.49,521.65,2388.06,8140.24,8.45,0.03,394,2388,100.0,38.74,23.3049
86,70,-0.0025,-0.0002,100.0,518.67,642.78,1593.82,1399.66,14.62,21.61,554.02,2388.06,9058.97,1.3,47.47,521.45,2388.08,8142.92,8.4215,0.03,392,2388,100.0,39.0,23.283
86,71,0.0019,-0.0,100.0,518.67,642.86,1587.04,1408.77,14.62,21.61,553.08,2388.12,9057.71,1.3,47.58,521.46,2388.05,8144.64,8.4087,0.03,393,2388,100.0,38.73,23.3467
86,72,-0.0008,0.0002,100.0,518.67,642.17,1585.11,1408.97,14.62,21.61,554.08,2388.07,9060.78,1.3,47.45,521.69,2388.09,8144.02,8.4225,0.03,393,2388,100.0,38.85,23.314
86,73,0.0021,-0.0004,100.0,518.67,642.57,1590.24,1403.74,14.62,21.61,553.91,2388.08,9058.03,1.3,47.41,521.8,2388.07,8140.86,8.3992,0.03,391,2388,100.0,38.93,23.34
86,74,0.0029,0.0004,100.0,518.67,642.82,1584.66,1399.68,14.62,21.61,552.95,2388.07,9065.91,1.3,47.5,521.49,2388.09,8136.9,8.4175,0.03,394,2388,100.0,38.98,23.3142
86,75,0.0021,0.0004,100.0,518.67,642.86,1589.88,1408.74,14.62,21.61,553.55,2388.04,9061.75,1.3,47.34,521.83,2387.98,8146.8,8.4516,0.03,393,2388,100.0,38.88,23.2704
86,76,0.0002,-0.0001,100.0,518.67,642.63,1584.85,1405.48,14.62,21.61,553.53,2388.09,9056.33,1.3,47.49,522.42,2388.06,8140.06,8.4123,0.03,394,2388,100.0,38.92,23.3805
86,77,-0.001,0.0001,100.0,518.67,642.42,1584.13,1403.84,14.62,21.61,553.75,2388.04,9057.95,1.3,47.46,521.25,2388.06,8145.02,8.441,0.03,392,2388,100.0,38.82,23.4621
86,78,-0.0007,0.0001,100.0,518.67,642.65,1596.66,1409.85,14.62,21.61,553.84,2388.06,9063.94,1.3,47.46,522.01,2388.04,8140.22,8.4709,0.03,393,2388,100.0,38.83,23.3243
86,79,-0.0022,-0.0002,100.0,518.67,641.79,1590.86,1401.95,14.62,21.61,553.22,2388.06,9060.98,1.3,47.4,521.74,2388.01,8140.79,8.4348,0.03,393,2388,100.0,38.76,23.3842
86,80,-0.0013,0.0004,100.0,518.67,642.87,1594.69,1410.8,14.62,21.61,553.73,2388.06,9056.1,1.3,47.6,521.73,2388.04,8138.73,8.4576,0.03,394,2388,100.0,38.97,23.2501
86,81,-0.0005,-0.0002,100.0,518.67,642.3,1592.74,1400.43,14.62,21.61,552.9,2388.05,9057.17,1.3,47.33,521.67,2388.0,8141.66,8.4107,0.03,390,2388,100.0,38.93,23.3784
86,82,0.0028,0.0004,100.0,518.67,642.23,1588.83,1400.16,14.62,21.61,553.55,2388.06,9061.16,1.3,47.42,522.0,2388.13,8143.35,8.4267,0.03,392,2388,100.0,38.77,23.3774
86,83,0.0008,-0.0001,100.0,518.67,642.92,1587.5,1414.48,14.62,21.61,553.99,2388.05,9065.06,1.3,47.54,521.81,2388.06,8140.18,8.4421,0.03,392,2388,100.0,38.98,23.327
86,84,-0.0016,-0.0004,100.0,518.67,642.87,1586.72,1403.45,14.62,21.61,553.69,2388.08,9059.41,1.3,47.43,521.9,2388.02,8143.37,8.4201,0.03,391,2388,100.0,38.87,23.3857
86,85,-0.0012,-0.0001,100.0,518.67,642.41,1586.38,1403.68,14.62,21.61,553.32,2388.07,9061.6,1.3,47.57,521.83,2388.08,8136.49,8.4654,0.03,393,2388,100.0,38.86,23.3554
86,86,0.0027,0.0004,100.0,518.67,642.29,1589.79,1403.57,14.62,21.61,553.81,2388.1,9050.66,1.3,47.49,521.97,2388.09,8133.54,8.3744,0.03,393,2388,100.0,38.93,23.309
86,87,0.0003,-0.0003,100.0,518.67,642.84,1587.57,1406.25,14.62,21.61,553.44,2388.05,9055.87,1.3,47.3,521.68,2388.07,8136.61,8.4429,0.03,393,2388,100.0,38.81,23.2373
86,88,-0.0008,0.0001,100.0,518.67,642.3,1583.97,1405.39,14.62,21.61,553.41,2388.09,9057.02,1.3,47.6,521.89,2388.1,8139.92,8.4655,0.03,394,2388,100.0,38.78,23.3478
86,89,-0.0009,0.0005,100.0,518.67,642.33,1592.81,1401.04,14.62,21.61,554.22,2388.04,9066.3,1.3,47.51,521.62,2388.11,8141.03,8.4557,0.03,393,2388,100.0,38.94,23.3575
86,90,-0.0001,-0.0001,100.0,518.67,642.79,1587.38,1404.52,14.62,21.61,553.58,2388.01,9061.28,1.3,47.36,521.79,2388.06,8142.25,8.4569,0.03,394,2388,100.0,38.8,23.2953
86,91,-0.0008,-0.0005,100.0,518.67,642.42,1594.95,1407.73,14.62,21.61,553.85,2388.08,9065.41,1.3,47.36,521.32,2388.05,8142.95,8.4456,0.03,394,2388,100.0,38.8,23.2176
86,92,-0.0021,0.0002,100.0,518.67,642.52,1585.68,1408.96,14.62,21.61,553.53,2388.04,9057.55,1.3,47.52,521.42,2388.09,8140.97,8.4173,0.03,392,2388,100.0,38.82,23.3346
86,93,-0.0006,-0.0002,100.0,518.67,641.78,1589.33,1408.24,14.62,21.61,552.74,2388.08,9064.8,1.3,47.38,521.47,2388.08,8140.09,8.4391,0.03,392,2388,100.0,38.96,23.399
86,94,0.0008,0.0001,100.0,518.67,642.48,1598.85,1396.55,14.62,21.61,553.92,2388.11,9066.93,1.3,47.41,522.48,2388.05,8143.43,8.4274,0.03,393,2388,100.0,38.99,23.3058
86,95,0.0035,0.0003,100.0,518.67,642.55,1585.16,1409.29,14.62,21.61,553.18,2388.01,9061.33,1.3,47.34,522.29,2388.05,8137.31,8.4537,0.03,392,2388,100.0,38.83,23.3525
86,96,-0.0078,-0.0004,100.0,518.67,642.72,1590.2,1402.59,14.62,21.61,553.82,2388.05,9060.06,1.3,47.48,521.5,2388.06,8146.37,8.4068,0.03,391,2388,100.0,38.71,23.3368
86,97,0.001,-0.0004,100.0,518.67,642.44,1590.79,1409.0,14.62,21.61,553.5,2388.1,9062.79,1.3,47.44,521.95,2388.13,8139.09,8.4363,0.03,393,2388,100.0,38.9,23.3345
86,98,-0.0003,0.0004,100.0,518.67,642.84,1584.06,1405.74,14.62,21.61,553.1,2388.09,9054.2,1.3,47.49,521.46,2388.08,8141.72,8.427,0.03,392,2388,100.0,39.05,23.299
86,99,-0.0013,0.0002,100.0,518.67,642.55,1588.6,1398.4,14.62,21.61,554.03,2388.03,9065.45,1.3,47.5,522.17,2388.06,8146.17,8.4167,0.03,393,2388,100.0,38.81,23.2482
86,100,-0.0011,0.0,100.0,518.67,642.46,1586.94,1404.37,14.62,21.61,553.24,2388.05,9055.09,1.3,47.37,521.56,2388.06,8139.18,8.4393,0.03,394,2388,100.0,38.95,23.4177
86,101,-0.0034,0.0,100.0,518.67,642.27,1588.51,1414.19,14.62,21.61,553.69,2388.09,9059.49,1.3,47.41,521.76,2388.13,8145.05,8.4343,0.03,394,2388,100.0,38.86,23.2972
86,102,-0.0011,-0.0004,100.0,518.67,642.12,1587.56,1401.84,14.62,21.61,553.67,2388.12,9050.77,1.3,47.72,521.2,2388.06,8141.63,8.451,0.03,392,2388,100.0,38.79,23.3791
86,103,-0.0027,0.0005,100.0,518.67,642.14,1591.57,1411.57,14.62,21.61,553.79,2388.08,9060.59,1.3,47.64,522.05,2388.08,8141.23,8.3956,0.03,393,2388,100.0,38.88,23.3766
86,104,0.0027,0.0004,100.0,518.67,642.56,1588.26,1412.47,14.62,21.61,553.54,2388.05,9058.82,1.3,47.33,521.43,2388.1,8139.13,8.4732,0.03,392,2388,100.0,38.99,23.3573
86,105,-0.0032,-0.0004,100.0,518.67,642.85,1586.84,1408.35,14.62,21.61,553.01,2388.03,9064.91,1.3,47.4,521.61,2388.1,8142.11,8.4111,0.03,392,2388,100.0,38.77,23.311
86,106,-0.0026,-0.0003,100.0,518.67,642.87,1583.57,1402.23,14.62,21.61,554.32,2388.04,9068.81,1.3,47.53,521.64,2388.06,8142.29,8.3946,0.03,392,2388,100.0,38.71,23.3595
86,107,0.0047,0.0004,100.0,518.67,642.07,1591.89,1404.61,14.62,21.61,553.45,2388.06,9064.99,1.3,47.59,522.03,2388.05,8142.54,8.4237,0.03,393,2388,100.0,38.94,23.2784
86,108,0.0022,0.0004,100.0,518.67,642.55,1584.52,1413.69,14.62,21.61,554.46,2388.04,9065.28,1.3,47.54,521.76,2388.12,8139.87,8.4326,0.03,392,2388,100.0,38.81,23.366
86,109,0.0018,-0.0002,100.0,518.67,642.21,1591.23,1400.6,14.62,21.61,553.78,2388.11,9066.45,1.3,47.45,521.91,2388.05,8144.14,8.4631,0.03,393,2388,100.0,38.87,23.2669
86,110,0.0041,0.0002,100.0,518.67,642.52,1586.58,1404.62,14.62,21.61,553.46,2388.08,9064.54,1.3,47.44,521.01,2388.08,8140.19,8.4429,0.03,394,2388,100.0,38.88,23.3698
86,111,-0.0058,0.0001,100.0,518.67,642.51,1589.44,1412.05,14.62,21.61,553.24,2388.05,9057.24,1.3,47.34,521.38,2388.1,8142.96,8.4403,0.03,393,2388,100.0,38.69,23.3234
86,112,-0.0005,-0.0001,100.0,518.67,642.44,1585.28,1404.91,14.62,21.61,553.79,2388.07,9062.82,1.3,47.5,521.7,2388.09,8148.27,8.4457,0.03,393,2388,100.0,38.65,23.2877
86,113,0.0034,-0.0002,100.0,518.67,642.85,1587.49,1403.21,14.62,21.61,553.6,2388.13,9065.29,1.3,47.47,521.51,2388.09,8137.01,8.4238,0.03,394,2388,100.0,38.76,23.4275
86,114,0.0048,-0.0001,100.0,518.67,642.33,1591.12,1406.54,14.62,21.61,553.47,2388.04,9060.87,1.3,47.29,521.24,2388.09,8139.27,8.4031,0.03,393,2388,100.0,38.85,23.2872
86,115,-0.0027,-0.0003,100.0,518.67,642.46,1585.45,1399.22,14.62,21.61,553.91,2388.1,9061.64,1.3,47.37,521.36,2388.13,8146.89,8.4327,0.03,392,2388,100.0,38.63,23.3533
86,116,0.0028,0.0003,100.0,518.67,643.01,1591.99,1403.44,14.62,21.61,554.05,2388.07,9059.88,1.3,47.48,521.79,2388.04,8142.48,8.4665,0.03,393,2388,100.0,38.9,23.2754
86,117,-0.0,-0.0,100.0,518.67,642.95,1586.9,1409.88,14.62,21.61,553.33,2388.1,9065.5,1.3,47.67,521.49,2388.05,8146.07,8.4197,0.03,393,2388,100.0,38.78,23.2679
86,118,-0.0018,-0.0001,100.0,518.67,642.51,1589.66,1403.88,14.62,21.61,553.41,2388.12,9079.16,1.3,47.45,521.61,2388.11,8137.81,8.4353,0.03,392,2388,100.0,38.78,23.3363
86,119,0.0003,-0.0002,100.0,518.67,642.66,1593.37,1410.15,14.62,21.61,553.49,2388.07,9062.91,1.3,47.5,521.46,2388.09,8141.27,8.4431,0.03,394,2388,100.0,38.89,23.3018
86,120,-0.0003,0.0001,100.0,518.67,642.23,1591.3,1406.47,14.62,21.61,554.14,2388.02,9058.07,1.3,47.49,521.46,2388.07,8139.78,8.4462,0.03,392,2388,100.0,38.75,23.261
86,121,-0.0011,-0.0001,100.0,518.67,642.72,1594.7,1411.55,14.62,21.61,553.37,2388.09,9056.53,1.3,47.58,521.18,2388.08,8141.99,8.4295,0.03,393,2388,100.0,38.63,23.2218
86,122,-0.0044,0.0003,100.0,518.67,643.05,1586.44,1405.14,14.62,21.61,553.76,2388.11,9059.99,1.3,47.46,521.66,2388.11,8145.9,8.4094,0.03,392,2388,100.0,38.94,23.3342
86,123,0.0017,0.0,100.0,518.67,642.64,1589.29,1403.93,14.62,21.61,553.0,2388.1,9066.68,1.3,47.47,521.98,2388.13,8138.46,8.4435,0.03,392,2388,100.0,38.86,23.3314
86,124,0.0029,0.0005,100.0,518.67,642.65,1585.95,1406.5,14.62,21.61,553.1,2388.09,9055.95,1.3,47.38,521.63,2388.14,8137.4,8.4223,0.03,393,2388,100.0,38.67,23.3577
86,125,0.0015,-0.0004,100.0,518.67,642.05,1595.51,1405.79,14.62,21.61,553.36,2388.06,9063.75,1.3,47.68,521.59,2388.08,8139.07,8.4494,0.03,393,2388,100.0,38.88,23.2268
86,126,-0.0013,-0.0001,100.0,518.67,642.63,1586.75,1407.17,14.62,21.61,553.52,2388.07,9068.39,1.3,47.46,521.87,2388.13,8144.9,8.4359,0.03,393,2388,100.0,38.72,23.2735
86,127,0.0017,0.0003,100.0,518.67,642.51,1587.29,1400.97,14.62,21.61,552.78,2388.16,9067.32,1.3,47.54,521.16,2388.07,8139.36,8.4613,0.03,392,2388,100.0,38.91,23.327
86,128,0.0015,0.0002,100.0,518.67,642.32,1597.15,1404.41,14.62,21.61,554.06,2388.14,9052.49,1.3,47.39,521.87,2388.05,8138.47,8.4203,0.03,393,2388,100.0,38.9,23.323
86,129,0.0008,0.0005,100.0,518.67,642.41,1588.95,1406.03,14.62,21.61,553.26,2388.06,9063.42,1.3,47.51,521.34,2388.13,8142.17,8.4493,0.03,393,2388,100.0,38.84,23.3432
86,130,0.0044,-0.0005,100.0,518.67,642.88,1588.9,1408.43,14.62,21.61,553.69,2388.08,9071.72,1.3,47.61,521.85,2388.12,8131.53,8.4318,0.03,392,2388,100.0,38.82,23.3359
86,131,-0.001,0.0002,100.0,518.67,642.31,1588.28,1408.46,14.62,21.61,553.55,2388.05,9056.05,1.3,47.56,521.53,2388.1,8142.94,8.4074,0.03,394,2388,100.0,39.09,23.3946
86,132,0.0013,-0.0002,100.0,518.67,641.71,1588.77,1407.2,14.62,21.61,552.79,2388.1,9061.61,1.3,47.32,521.57,2388.13,8145.74,8.4156,0.03,394,2388,100.0,39.0,23.3184
86,133,0.0051,-0.0004,100.0,518.67,642.28,1589.01,1406.57,14.62,21.61,553.34,2388.11,9058.77,1.3,47.45,521.31,2388.12,8145.36,8.428,0.03,393,2388,100.0,38.79,23.2998
86,134,0.0026,0.0005,100.0,518.67,642.61,1590.46,1415.72,14.62,21.61,553.09,2388.06,9064.76,1.3,47.55,521.68,2388.11,8145.07,8.435,0.03,392,2388,100.0,38.83,23.3312
86,135,0.0035,0.0,100.0,518.67,642.62,1589.19,1400.14,14.62,21.61,553.09,2388.05,9065.48,1.3,47.53,521.28,2388.08,8146.1,8.4238,0.03,393,2388,100.0,38.91,23.388
86,136,0.0002,0.0003,100.0,518.67,642.75,1585.5,1398.04,14.62,21.61,553.63,2388.08,9061.91,1.3,47.35,521.61,2388.12,8135.42,8.4272,0.03,393,2388,100.0,38.78,23.2332
86,137,-0.0018,0.0004,100.0,518.67,642.34,1588.93,1409.55,14.62,21.61,553.58,2388.1,9060.02,1.3,47.5,521.3,2388.06,8145.66,8.4204,0.03,394,2388,100.0,39.0,23.3441
86,138,-0.0013,0.0003,100.0,518.67,642.75,1586.62,1403.95,14.62,21.61,552.66,2388.13,9061.23,1.3,47.59,521.11,2388.05,8136.0,8.4374,0.03,393,2388,100.0,38.67,23.2312
86,139,-0.0021,0.0004,100.0,518.67,642.82,1591.15,1406.16,14.62,21.61,553.4,2388.06,9057.85,1.3,47.66,521.17,2388.07,8147.48,8.4524,0.03,394,2388,100.0,38.94,23.3033
86,140,0.0027,-0.0004,100.0,518.67,642.5,1592.21,1412.52,14.62,21.61,553.69,2388.09,9061.23,1.3,47.37,521.3,2388.11,8139.58,8.4635,0.03,393,2388,100.0,38.96,23.3758
86,141,-0.0056,0.0004,100.0,518.67,642.83,1591.5,1410.79,14.62,21.61,553.55,2388.09,9061.28,1.3,47.46,521.45,2388.08,8136.98,8.4466,0.03,393,2388,100.0,38.94,23.2154
86,142,0.0004,0.0,100.0,518.67,642.56,1586.2,1419.51,14.62,21.61,554.19,2388.14,9063.22,1.3,47.43,521.3,2388.1,8135.9,8.4621,0.03,394,2388,100.0,38.82,23.2604
86,143,-0.0009,0.0001,100.0,518.67,642.6,1592.73,1409.57,14.62,21.61,553.73,2388.08,9060.63,1.3,47.59,521.42,2388.09,8139.04,8.4555,0.03,393,2388,100.0,38.63,23.2103
86,144,-0.0018,0.0005,100.0,518.67,642.69,1589.63,1414.97,14.62,21.61,553.22,2388.12,9064.65,1.3,47.59,521.11,2388.09,8142.63,8.4324,0.03,395,2388,100.0,39.04,23.3475
86,145,0.0036,-0.0001,100.0,518.67,642.22,1596.51,1406.2,14.62,21.61,553.4,2388.08,9063.45,1.3,47.65,520.96,2388.14,8146.99,8.4271,0.03,392,2388,100.0,38.65,23.2874
86,146,0.0017,0.0,100.0,518.67,642.37,1592.56,1411.44,14.62,21.61,553.01,2388.13,9068.96,1.3,47.53,521.48,2388.09,8140.88,8.421,0.03,394,2388,100.0,38.83,23.2269
86,147,-0.004,0.0003,100.0,518.67,642.83,1588.8,1407.24,14.62,21.61,553.84,2388.05,9064.58,1.3,47.39,521.31,2388.02,8143.43,8.4333,0.03,394,2388,100.0,38.83,23.3666
86,148,0.0013,-0.0004,100.0,518.67,642.28,1593.4,1407.06,14.62,21.61,553.47,2388.17,9069.58,1.3,47.54,521.44,2388.13,8137.12,8.4461,0.03,394,2388,100.0,38.68,23.3038
86,149,-0.0001,-0.0001,100.0,518.67,642.41,1600.85,1411.52,14.62,21.61,553.57,2388.11,9065.47,1.3,47.63,521.81,2388.13,8145.98,8.4504,0.03,393,2388,100.0,38.6,23.3651
86,150,-0.0011,-0.0001,100.0,518.67,642.95,1591.17,1408.32,14.62,21.61,553.74,2388.1,9071.28,1.3,47.53,521.11,2388.11,8143.55,8.4318,0.03,393,2388,100.0,38.94,23.2857
86,151,-0.0024,0.0004,100.0,518.67,642.77,1600.2,1406.46,14.62,21.61,553.33,2388.06,9061.54,1.3,47.57,521.3,2388.1,8141.78,8.4659,0.03,394,2388,100.0,38.8,23.33
86,152,-0.002,0.0004,100.0,518.67,642.53,1576.97,1406.14,14.62,21.61,553.33,2388.09,9067.46,1.3,47.46,521.55,2388.05,8143.21,8.4582,0.03,394,2388,100.0,38.74,23.2904
86,153,-0.0017,0.0001,100.0,518.67,642.92,1583.45,1410.03,14.62,21.61,553.21,2388.09,9071.0,1.3,47.63,521.17,2388.1,8143.69,8.4333,0.03,394,2388,100.0,38.87,23.3039
86,154,-0.001,0.0004,100.0,518.67,642.94,1589.0,1411.58,14.62,21.61,552.94,2388.05,9067.42,1.3,47.51,521.56,2388.13,8140.83,8.4479,0.03,391,2388,100.0,38.91,23.4155
86,155,0.0022,0.0005,100.0,518.67,642.16,1590.13,1409.78,14.62,21.61,553.51,2388.04,9069.07,1.3,47.49,521.62,2388.06,8138.4,8.4609,0.03,393,2388,100.0,38.78,23.3223
86,156,-0.0012,-0.0003,100.0,518.67,642.7,1587.09,1411.31,14.62,21.61,554.2,2388.13,9068.54,1.3,47.61,521.91,2388.07,8142.11,8.4537,0.03,394,2388,100.0,38.73,23.3187
86,157,0.0002,0.0005,100.0,518.67,642.77,1595.92,1410.56,14.62,21.61,553.14,2388.08,9061.91,1.3,47.61,521.27,2388.08,8146.82,8.4478,0.03,396,2388,100.0,38.83,23.2145
86,158,0.0017,-0.0004,100.0,518.67,642.62,1597.68,1404.83,14.62,21.61,553.74,2388.09,9066.35,1.3,47.46,521.61,2388.09,8142.03,8.4474,0.03,394,2388,100.0,38.88,23.3596
86,159,-0.0005,0.0001,100.0,518.67,642.38,1595.28,1405.09,14.62,21.61,552.9,2388.08,9065.63,1.3,47.61,521.17,2388.08,8143.45,8.4264,0.03,393,2388,100.0,38.76,23.2907
86,160,0.0011,-0.0004,100.0,518.67,642.48,1595.97,1420.97,14.62,21.61,553.77,2388.1,9060.13,1.3,47.59,521.05,2388.12,8141.26,8.4243,0.03,394,2388,100.0,38.83,23.3169
86,161,-0.0001,-0.0004,100.0,518.67,642.72,1586.1,1409.65,14.62,21.61,552.97,2388.07,9068.07,1.3,47.49,521.42,2388.1,8149.68,8.4263,0.03,393,2388,100.0,39.02,23.4212
86,162,-0.0003,0.0,100.0,518.67,642.67,1598.78,1414.57,14.62,21.61,553.31,2388.15,9068.01,1.3,47.6,521.61,2388.07,8139.15,8.4154,0.03,394,2388,100.0,38.8,23.4056
86,163,-0.0035,0.0004,100.0,518.67,642.68,1587.0,1404.93,14.62,21.61,553.06,2388.06,9060.64,1.3,47.54,521.81,2388.12,8142.58,8.452,0.03,393,2388,100.0,38.84,23.3249
86,164,0.0038,-0.0004,100.0,518.67,643.09,1597.33,1407.99,14.62,21.61,553.17,2388.1,9064.08,1.3,47.62,521.28,2388.14,8145.07,8.4352,0.03,393,2388,100.0,38.77,23.2752
86,165,0.003,0.0004,100.0,518.67,642.86,1586.84,1410.11,14.62,21.61,552.97,2388.1,9067.84,1.3,47.6,521.54,2388.16,8142.13,8.4293,0.03,393,2388,100.0,38.76,23.2791
86,166,-0.0018,-0.0003,100.0,518.67,642.5,1584.96,1407.36,14.62,21.61,553.39,2388.09,9067.27,1.3,47.53,521.82,2388.12,8144.0,8.4366,0.03,393,2388,100.0,38.75,23.2471
86,167,0.001,0.0002,100.0,518.67,642.58,1592.23,1407.77,14.62,21.61,553.26,2388.11,9070.24,1.3,47.48,521.38,2388.09,8141.9,8.4722,0.03,395,2388,100.0,38.67,23.3253
86,168,0.0,-0.0004,100.0,518.67,642.77,1590.79,1418.3,14.62,21.61,552.79,2388.12,9067.68,1.3,47.64,521.33,2388.12,8144.61,8.4178,0.03,396,2388,100.0,38.8,23.251
86,169,-0.0034,-0.0003,100.0,518.67,642.65,1591.65,1410.96,14.62,21.61,552.35,2388.13,9059.56,1.3,47.59,521.04,2388.12,8145.87,8.4865,0.03,392,2388,100.0,38.72,23.2506
86,170,0.0002,-0.0003,100.0,518.67,642.51,1590.42,1416.82,14.62,21.61,553.36,2388.13,9069.24,1.3,47.46,521.0,2388.09,8149.64,8.4496,0.03,393,2388,100.0,39.0,23.2467
86,171,-0.0015,0.0002,100.0,518.67,642.6,1586.51,1415.5,14.62,21.61,553.02,2388.12,9064.64,1.3,47.49,521.41,2388.11,8140.72,8.4231,0.03,393,2388,100.0,39.02,23.2366
86,172,-0.0022,-0.0002,100.0,518.67,642.36,1593.31,1419.38,14.62,21.61,553.3,2388.14,9064.33,1.3,47.71,521.38,2388.07,8141.51,8.4449,0.03,394,2388,100.0,38.64,23.1202
86,173,-0.0022,-0.0,100.0,518.67,642.53,1586.88,1404.28,14.62,21.61,553.25,2388.17,9065.35,1.3,47.61,520.98,2388.08,8143.8,8.4305,0.03,395,2388,100.0,38.87,23.3192
86,174,-0.0009,0.0005,100.0,518.67,642.81,1594.15,1412.62,14.62,21.61,553.7,2388.09,9067.68,1.3,47.51,521.21,2388.08,8146.5,8.4945,0.03,394,2388,100.0,38.78,23.3133
86,175,-0.0024,0.0001,100.0,518.67,642.84,1598.09,1418.71,14.62,21.61,553.75,2388.14,9069.02,1.3,47.57,521.08,2388.14,8146.21,8.4311,0.03,395,2388,100.0,39.03,23.2723
86,176,0.0022,0.0005,100.0,518.67,643.1,1593.97,1411.73,14.62,21.61,553.1,2388.1,9067.16,1.3,47.61,521.13,2388.09,8145.75,8.4363,0.03,394,2388,100.0,38.83,23.3606
86,177,-0.0016,0.0001,100.0,518.67,643.08,1595.03,1414.81,14.62,21.61,553.03,2388.13,9068.05,1.3,47.51,521.25,2388.11,8141.57,8.4606,0.03,394,2388,100.0,38.68,23.1713
86,178,-0.001,-0.0003,100.0,518.67,643.13,1590.57,1413.78,14.62,21.61,553.3,2388.08,9063.98,1.3,47.65,521.1,2388.09,8143.97,8.462,0.03,393,2388,100.0,38.77,23.2595
86,179,0.0012,0.0002,100.0,518.67,643.36,1589.89,1419.92,14.62,21.61,553.81,2388.06,9063.86,1.3,47.61,521.38,2388.09,8139.6,8.4344,0.03,393,2388,100.0,38.81,23.2032
86,180,0.0004,0.0001,100.0,518.67,642.48,1583.08,1411.1,14.62,21.61,553.4,2388.12,9064.3,1.3,47.65,521.08,2388.14,8145.27,8.4469,0.03,394,2388,100.0,38.87,23.265
86,181,0.0032,-0.0003,100.0,518.67,642.75,1597.61,1409.94,14.62,21.61,553.15,2388.13,9071.28,1.3,47.73,520.61,2388.12,8141.6,8.4523,0.03,394,2388,100.0,39.01,23.2017
86,182,-0.0029,-0.0001,100.0,518.67,642.33,1586.93,1409.47,14.62,21.61,553.27,2388.1,9066.43,1.3,47.7,520.76,2388.16,8145.07,8.42,0.03,395,2388,100.0,39.07,23.1016
86,183,-0.0017,0.0002,100.0,518.67,642.92,1587.02,1410.74,14.62,21.61,552.82,2388.15,9071.98,1.3,47.64,521.19,2388.12,8141.7,8.4648,0.03,395,2388,100.0,38.69,23.3121
86,184,0.0006,-0.0002,100.0,518.67,642.89,1596.74,1407.53,14.62,21.61,552.48,2388.12,9068.22,1.3,47.42,520.76,2388.17,8149.71,8.4644,0.03,392,2388,100.0,38.81,23.3092
86,185,-0.0024,-0.0002,100.0,518.67,642.79,1587.89,1418.54,14.62,21.61,553.49,2388.09,9062.82,1.3,47.6,521.23,2388.14,8144.75,8.4498,0.03,394,2388,100.0,38.68,23.155
86,186,0.0021,-0.0002,100.0,518.67,643.37,1594.92,1402.73,14.62,21.61,552.66,2388.14,9069.54,1.3,47.7,521.5,2388.17,8143.7,8.4489,0.03,395,2388,100.0,38.86,23.3004
86,187,-0.003,-0.0003,100.0,518.67,643.17,1595.69,1409.2,14.62,21.61,553.1,2388.1,9066.04,1.3,47.69,521.21,2388.16,8144.39,8.4499,0.03,393,2388,100.0,38.71,23.3564
86,188,-0.0005,0.0004,100.0,518.67,641.89,1593.97,1416.28,14.62,21.61,552.25,2388.15,9063.07,1.3,47.56,520.57,2388.17,8137.83,8.4433,0.03,394,2388,100.0,38.69,23.2821
86,189,-0.0029,0.0004,100.0,518.67,643.04,1595.87,1415.6,14.62,21.61,552.35,2388.1,9066.78,1.3,47.64,521.06,2388.17,8141.34,8.4642,0.03,393,2388,100.0,38.58,23.2123
86,190,0.0001,-0.0,100.0,518.67,642.85,1591.71,1408.38,14.62,21.61,553.34,2388.1,9068.12,1.3,47.51,521.35,2388.15,8139.83,8.4569,0.03,395,2388,100.0,38.73,23.1818
86,191,-0.0048,0.0003,100.0,518.67,643.09,1594.57,1406.86,14.62,21.61,552.7,2388.15,9065.22,1.3,47.71,521.22,2388.14,8142.12,8.4545,0.03,395,2388,100.0,38.72,23.1956
86,192,-0.0021,0.0001,100.0,518.67,642.79,1590.54,1408.09,14.62,21.61,552.66,2388.17,9068.89,1.3,47.75,521.07,2388.09,8141.02,8.4348,0.03,394,2388,100.0,38.61,23.2421
86,193,-0.0032,-0.0,100.0,518.67,642.4,1593.63,1412.65,14.62,21.61,553.07,2388.14,9065.52,1.3,47.61,521.25,2388.16,8143.18,8.4509,0.03,393,2388,100.0,38.56,23.2479
86,194,-0.0004,0.0002,100.0,518.67,643.14,1585.12,1414.5,14.62,21.61,553.63,2388.09,9067.56,1.3,47.77,521.11,2388.11,8146.56,8.4813,0.03,394,2388,100.0,38.81,23.1722
86,195,0.0016,-0.0002,100.0,518.67,642.4,1586.95,1413.6,14.62,21.61,553.43,2388.11,9071.79,1.3,47.77,521.42,2388.13,8149.14,8.4894,0.03,393,2388,100.0,38.74,23.3458
86,196,0.0009,-0.0004,100.0,518.67,643.33,1588.21,1408.03,14.62,21.61,552.39,2388.13,9069.62,1.3,47.64,521.21,2388.08,8146.11,8.4556,0.03,393,2388,100.0,38.75,23.1912
86,197,-0.0,-0.0002,100.0,518.67,643.04,1594.28,1414.18,14.62,21.61,552.47,2388.09,9073.93,1.3,47.64,521.28,2388.11,8142.75,8.4566,0.03,394,2388,100.0,38.7,23.2989
86,198,-0.0044,0.0002,100.0,518.67,642.32,1591.02,1423.74,14.62,21.61,552.65,2388.16,9066.91,1.3,47.55,520.42,2388.15,8143.48,8.4685,0.03,395,2388,100.0,38.79,23.2608
86,199,-0.0009,0.0004,100.0,518.67,643.07,1585.29,1411.43,14.62,21.61,553.12,2388.15,9061.99,1.3,47.64,520.64,2388.02,8144.93,8.4541,0.03,394,2388,100.0,38.74,23.2555
86,200,0.0002,-0.0003,100.0,518.67,642.76,1594.51,1415.46,14.62,21.61,553.12,2388.17,9078.69,1.3,47.59,521.4,2388.14,8141.84,8.4735,0.03,396,2388,100.0,38.8,23.1251
86,201,0.0002,0.0004,100.0,518.67,642.71,1597.73,1413.96,14.62,21.61,553.42,2388.11,9069.83,1.3,47.58,520.91,2388.09,8142.73,8.489,0.03,393,2388,100.0,38.82,23.3117
86,202,-0.0002,0.0004,100.0,518.67,642.51,1594.56,1410.48,14.62,21.61,552.63,2388.15,9068.83,1.3,47.68,520.66,2388.12,8151.09,8.4527,0.03,393,2388,100.0,38.62,23.2881
86,203,0.0014,0.0001,100.0,518.67,642.84,1597.18,1416.79,14.62,21.61,552.84,2388.13,9072.5,1.3,47.71,521.08,2388.1,8146.18,8.4791,0.03,395,2388,100.0,38.79,23.3258
86,204,-0.0036,-0.0004,100.0,518.67,643.06,1596.08,1416.37,14.62,21.61,552.96,2388.17,9070.73,1.3,47.8,521.09,2388.08,8140.84,8.4432,0.03,395,2388,100.0,38.74,23.1096
86,205,0.0005,0.0005,100.0,518.67,643.59,1594.62,1419.62,14.62,21.61,552.63,2388.11,9074.23,1.3,47.67,520.65,2388.16,8147.01,8.4587,0.03,395,2388,100.0,38.78,23.2472
86,206,-0.0048,-0.0005,100.0,518.67,643.23,1594.77,1418.03,14.62,21.61,551.65,2388.08,9072.35,1.3,47.69,521.57,2388.16,8146.67,8.4753,0.03,393,2388,100.0,38.79,23.2514
86,207,-0.0016,0.0003,100.0,518.67,643.18,1592.01,1415.34,14.62,21.61,553.09,2388.16,9076.18,1.3,47.77,521.38,2388.14,8146.17,8.4762,0.03,393,2388,100.0,38.54,23.3119
86,208,-0.0003,0.0001,100.0,518.67,643.25,1596.17,1417.7,14.62,21.61,553.61,2388.13,9068.05,1.3,47.55,520.79,2388.13,8144.19,8.4721,0.03,395,2388,100.0,38.76,23.1731
86,209,-0.0041,0.0001,100.0,518.67,642.65,1597.58,1418.72,14.62,21.61,552.55,2388.18,9067.28,1.3,47.77,521.5,2388.11,8151.82,8.464,0.03,396,2388,100.0,38.66,23.2609
86,210,-0.0011,-0.0002,100.0,518.67,642.8,1591.83,1414.58,14.62,21.61,553.12,2388.12,9067.42,1.3,47.81,520.84,2388.11,8147.31,8.4718,0.03,393,2388,100.0,38.76,23.2048
86,211,-0.0018,-0.0002,100.0,518.67,642.71,1593.48,1420.59,14.62,21.61,552.5,2388.17,9065.58,1.3,47.83,520.73,2388.06,8148.13,8.46,0.03,393,2388,100.0,38.53,23.1682
86,212,0.0052,0.0005,100.0,518.67,643.14,1599.12,1409.22,14.62,21.61,553.24,2388.14,9067.96,1.3,47.82,521.05,2388.1,8143.4,8.4833,0.03,394,2388,100.0,38.71,23.1847
86,213,0.0002,0.0,100.0,518.67,643.69,1594.6,1414.92,14.62,21.61,552.77,2388.15,9065.16,1.3,47.65,521.34,2388.18,8147.18,8.4752,0.03,393,2388,100.0,38.74,23.1781
86,214,0.0023,0.0001,100.0,518.67,643.17,1584.98,1412.87,14.62,21.61,552.68,2388.09,9067.76,1.3,47.76,520.57,2388.1,8148.98,8.479,0.03,392,2388,100.0,38.66,23.171
86,215,-0.0013,0.0004,100.0,518.67,643.21,1593.14,1417.88,14.62,21.61,552.2,2388.15,9068.82,1.3,47.9,520.57,2388.15,8146.0,8.4947,0.03,395,2388,100.0,38.62,23.2325
86,216,-0.0002,-0.0001,100.0,518.67,643.29,1592.99,1416.51,14.62,21.61,553.18,2388.13,9063.27,1.3,47.79,520.8,2388.16,8146.64,8.4623,0.03,395,2388,100.0,38.81,23.1699
86,217,-0.0001,0.0003,100.0,518.67,643.11,1598.84,1419.03,14.62,21.61,553.35,2388.15,9070.48,1.3,47.56,520.76,2388.14,8149.27,8.4794,0.03,393,2388,100.0,38.62,23.1153
86,218,0.0011,-0.0002,100.0,518.67,643.47,1589.17,1415.43,14.62,21.61,552.95,2388.07,9062.72,1.3,47.59,521.15,2388.16,8151.4,8.4714,0.03,394,2388,100.0,38.67,23.1817
86,219,-0.0004,-0.0001,100.0,518.67,643.14,1595.67,1409.24,14.62,21.61,552.57,2388.13,9069.06,1.3,47.7,521.07,2388.13,8144.14,8.4764,0.03,394,2388,100.0,38.84,23.2217
86,220,0.0023,-0.0001,100.0,518.67,643.39,1596.03,1417.21,14.62,21.61,552.54,2388.11,9073.71,1.3,48.06,520.84,2388.13,8150.31,8.4669,0.03,395,2388,100.0,38.58,23.3473
86,221,0.0,0.0005,100.0,518.67,643.28,1591.48,1417.84,14.62,21.61,553.08,2388.11,9069.27,1.3,47.76,521.53,2388.17,8141.93,8.4588,0.03,394,2388,100.0,38.75,23.117
86,222,0.0029,0.0003,100.0,518.67,642.95,1593.61,1413.81,14.62,21.61,552.48,2388.15,9082.9,1.3,47.85,520.64,2388.16,8143.66,8.491,0.03,394,2388,100.0,38.42,23.2519
86,223,-0.0016,-0.0003,100.0,518.67,643.9,1594.97,1410.86,14.62,21.61,552.65,2388.11,9069.13,1.3,47.6,520.04,2388.12,8146.92,8.491,0.03,395,2388,100.0,38.48,23.1962
86,224,-0.0003,0.0003,100.0,518.67,642.43,1591.28,1413.61,14.62,21.61,552.57,2388.18,9074.06,1.3,47.64,520.48,2388.18,8142.5,8.4593,0.03,395,2388,100.0,38.69,23.0888
86,225,-0.0004,0.0003,100.0,518.67,643.28,1599.05,1418.79,14.62,21.61,553.51,2388.17,9068.17,1.3,47.72,520.68,2388.12,8144.54,8.4916,0.03,393,2388,100.0,38.78,23.3133
86,226,0.0023,0.0004,100.0,518.67,642.63,1592.84,1415.77,14.62,21.61,552.29,2388.18,9064.08,1.3,47.86,520.71,2388.19,8146.49,8.4496,0.03,394,2388,100.0,38.64,23.2138
86,227,0.0015,-0.0001,100.0,518.67,643.02,1590.67,1422.58,14.62,21.61,552.09,2388.15,9070.37,1.3,47.87,520.73,2388.14,8147.68,8.4751,0.03,395,2388,100.0,38.82,23.1902
86,228,0.0039,-0.0001,100.0,518.67,642.58,1597.79,1412.81,14.62,21.61,552.17,2388.14,9073.2,1.3,47.8,520.88,2388.16,8146.84,8.461,0.03,395,2388,100.0,38.55,23.2119
86,229,-0.0008,0.0003,100.0,518.67,642.83,1597.14,1414.46,14.62,21.61,552.51,2388.16,9071.39,1.3,47.62,520.52,2388.12,8147.53,8.4614,0.03,394,2388,100.0,38.52,23.1788
86,230,-0.002,0.0002,100.0,518.67,642.67,1592.23,1418.73,14.62,21.61,552.43,2388.16,9069.32,1.3,47.74,520.63,2388.17,8146.51,8.4885,0.03,396,2388,100.0,38.7,23.1396
86,231,-0.0026,0.0004,100.0,518.67,643.53,1593.29,1419.35,14.62,21.61,553.37,2388.13,9077.93,1.3,47.67,520.59,2388.15,8152.24,8.4775,0.03,395,2388,100.0,38.65,23.3035
86,232,-0.0038,-0.0002,100.0,518.67,643.19,1595.26,1420.2,14.62,21.61,552.71,2388.16,9087.96,1.3,47.68,520.49,2388.08,8149.11,8.4699,0.03,395,2388,100.0,38.69,23.3251
86,233,0.0012,0.0005,100.0,518.67,642.9,1590.3,1423.96,14.62,21.61,552.57,2388.17,9071.4,1.3,47.71,519.76,2388.15,8144.75,8.4914,0.03,395,2388,100.0,38.79,23.1617
86,234,0.0016,-0.0,100.0,518.67,642.92,1598.45,1414.2,14.62,21.61,552.04,2388.16,9070.46,1.3,47.63,521.03,2388.13,8147.92,8.476,0.03,393,2388,100.0,38.5,23.1661
86,235,-0.0017,0.0002,100.0,518.67,642.78,1601.21,1421.7,14.62,21.61,552.04,2388.2,9075.84,1.3,47.77,520.28,2388.15,8141.02,8.4731,0.03,396,2388,100.0,38.69,23.2233
86,236,0.001,-0.0,100.0,518.67,643.16,1593.64,1422.84,14.62,21.61,551.7,2388.21,9076.4,1.3,47.83,520.62,2388.17,8147.44,8.4761,0.03,394,2388,100.0,38.55,23.2421
86,237,-0.0015,0.0001,100.0,518.67,643.82,1601.64,1420.16,14.62,21.61,552.35,2388.16,9074.08,1.3,47.97,520.63,2388.17,8142.75,8.4544,0.03,396,2388,100.0,38.65,23.2031
86,238,-0.0003,0.0,100.0,518.67,643.41,1600.33,1422.31,14.62,21.61,551.78,2388.14,9070.39,1.3,47.92,520.09,2388.17,8145.24,8.4811,0.03,395,2388,100.0,38.75,23.0651
86,239,-0.0043,0.0001,100.0,518.67,643.06,1603.49,1415.36,14.62,21.61,552.94,2388.19,9069.76,1.3,47.93,520.18,2388.15,8150.03,8.523,0.03,393,2388,100.0,38.68,23.1756
86,240,0.0004,0.0004,100.0,518.67,643.54,1599.81,1418.81,14.62,21.61,552.57,2388.16,9082.12,1.3,47.89,520.65,2388.18,8146.69,8.4755,0.03,396,2388,100.0,38.72,23.1176
86,241,-0.0009,-0.0001,100.0,518.67,643.37,1594.91,1416.17,14.62,21.61,552.42,2388.17,9069.18,1.3,47.68,520.69,2388.23,8152.43,8.4971,0.03,395,2388,100.0,38.57,23.1852
86,242,-0.0028,0.0001,100.0,518.67,642.89,1591.71,1417.66,14.62,21.61,552.26,2388.21,9069.13,1.3,48.1,520.03,2388.11,8152.2,8.4936,0.03,396,2388,100.0,38.52,23.1141
86,243,0.0003,0.0002,100.0,518.67,643.04,1597.74,1422.12,14.62,21.61,552.4,2388.19,9074.64,1.3,47.91,520.49,2388.2,8148.74,8.4936,0.03,394,2388,100.0,38.73,23.1614
86,244,-0.0001,0.0004,100.0,518.67,643.64,1596.3,1423.7,14.62,21.61,552.6,2388.14,9074.39,1.3,47.97,520.64,2388.18,8145.3,8.5288,0.03,395,2388,100.0,38.8,23.2109
86,245,0.0002,0.0001,100.0,518.67,642.86,1595.58,1430.07,14.62,21.61,551.43,2388.16,9074.9,1.3,47.84,520.35,2388.2,8154.23,8.499,0.03,394,2388,100.0,38.66,23.2515
86,246,-0.0009,0.0004,100.0,518.67,643.38,1593.82,1425.29,14.62,21.61,551.98,2388.26,9074.32,1.3,47.92,520.12,2388.2,8149.87,8.4927,0.03,396,2388,100.0,38.72,23.1081
86,247,0.0009,-0.0003,100.0,518.67,643.41,1598.74,1422.69,14.62,21.61,552.47,2388.19,9080.25,1.3,48.0,520.23,2388.19,8150.71,8.4679,0.03,395,2388,100.0,38.63,23.0771
86,248,0.0033,-0.0,100.0,518.67,643.65,1599.4,1418.77,14.62,21.61,551.47,2388.19,9070.15,1.3,48.11,520.63,2388.24,8145.37,8.4879,0.03,394,2388,100.0,38.44,23.2283
86,249,-0.0024,0.0003,100.0,518.67,642.95,1592.04,1426.69,14.62,21.61,551.78,2388.18,9083.39,1.3,47.92,520.64,2388.21,8148.19,8.531,0.03,395,2388,100.0,38.6,23.0484
86,250,-0.0034,0.0005,100.0,518.67,643.11,1602.16,1425.83,14.62,21.61,552.71,2388.2,9071.52,1.3,48.11,520.11,2388.27,8154.23,8.511,0.03,395,2388,100.0,38.62,23.111
86,251,0.0035,0.0002,100.0,518.67,643.05,1593.66,1423.63,14.62,21.61,551.67,2388.19,9078.84,1.3,47.87,520.3,2388.21,8150.31,8.5326,0.03,395,2388,100.0,38.78,23.1455
86,252,0.0036,-0.0001,100.0,518.67,643.19,1600.03,1426.48,14.62,21.61,552.38,2388.17,9070.0,1.3,48.12,520.86,2388.22,8149.42,8.5191,0.03,396,2388,100.0,38.63,23.1412
86,253,0.0016,-0.0004,100.0,518.67,643.5,1592.47,1425.42,14.62,21.61,552.58,2388.14,9077.78,1.3,47.89,520.35,2388.2,8144.03,8.4767,0.03,395,2388,100.0,38.55,23.1449
86,254,0.0047,-0.0002,100.0,518.67,643.46,1599.47,1426.27,14.62,21.61,552.45,2388.2,9076.48,1.3,47.93,519.96,2388.24,8147.42,8.5071,0.03,395,2388,100.0,38.57,23.1083
86,255,0.0038,-0.0002,100.0,518.67,643.23,1603.44,1420.01,14.62,21.61,552.63,2388.2,9072.66,1.3,47.97,519.91,2388.19,8149.66,8.5189,0.03,397,2388,100.0,38.57,23.1083
86,256,0.0004,-0.0002,100.0,518.67,643.35,1597.27,1425.0,14.62,21.61,552.34,2388.2,9082.42,1.3,48.07,520.59,2388.2,8145.49,8.4506,0.03,396,2388,100.0,38.48,23.1794
86,257,-0.0017,0.0,100.0,518.67,642.78,1599.85,1426.22,14.62,21.61,552.22,2388.19,9084.14,1.3,47.97,519.77,2388.17,8146.49,8.5113,0.03,397,2388,100.0,38.55,23.043
86,258,-0.0026,-0.0003,100.0,518.67,643.34,1595.64,1424.3,14.62,21.61,552.44,2388.17,9079.05,1.3,48.06,520.15,2388.16,8150.32,8.5157,0.03,396,2388,100.0,38.62,23.1034
86,259,0.0012,0.0003,100.0,518.67,643.69,1595.58,1434.24,14.62,21.61,551.89,2388.2,9077.9,1.3,48.03,520.16,2388.23,8151.18,8.4772,0.03,394,2388,100.0,38.68,23.1161
86,260,0.003,-0.0003,100.0,518.67,643.69,1599.07,1422.68,14.62,21.61,551.93,2388.27,9074.77,1.3,47.91,520.29,2388.16,8148.59,8.5513,0.03,395,2388,100.0,38.49,23.1917
86,261,0.003,0.0003,100.0,518.67,643.51,1594.67,1432.76,14.62,21.61,551.73,2388.24,9082.84,1.3,48.12,519.89,2388.21,8145.95,8.4822,0.03,396,2388,100.0,38.75,23.0505
86,262,-0.0037,-0.0003,100.0,518.67,643.35,1596.69,1425.12,14.62,21.61,552.05,2388.2,9077.97,1.3,48.2,520.47,2388.19,8149.26,8.536,0.03,396,2388,100.0,38.39,23.1939
86,263,0.0004,0.0001,100.0,518.67,643.55,1603.81,1428.64,14.62,21.61,552.14,2388.19,9074.34,1.3,48.07,519.38,2388.24,8145.61,8.5344,0.03,395,2388,100.0,38.51,23.0649
86,264,0.0005,-0.0005,100.0,518.67,643.79,1599.01,1429.31,14.62,21.61,551.89,2388.21,9078.03,1.3,48.28,519.68,2388.23,8153.93,8.4997,0.03,396,2388,100.0,38.63,23.02
86,265,0.0014,0.0003,100.0,518.67,642.69,1600.53,1418.99,14.62,21.61,551.34,2388.24,9081.06,1.3,47.99,520.11,2388.24,8155.68,8.4726,0.03,397,2388,100.0,38.72,23.1122
86,266,0.0007,0.0002,100.0,518.67,643.53,1603.98,1424.4,14.62,21.61,550.71,2388.19,9082.13,1.3,48.17,519.5,2388.25,8146.28,8.4977,0.03,396,2388,100.0,38.52,22.9519
86,267,0.0016,-0.0004,100.0,518.67,643.22,1599.65,1426.99,14.62,21.61,552.14,2388.21,9079.52,1.3,48.18,519.98,2388.18,8145.98,8.4934,0.03,395,2388,100.0,38.46,23.0526
86,268,-0.0044,-0.0002,100.0,518.67,644.04,1604.07,1427.86,14.62,21.61,551.53,2388.23,9080.34,1.3,48.12,519.34,2388.2,8145.82,8.5246,0.03,397,2388,100.0,38.5,23.1791
86,269,-0.0014,-0.0002,100.0,518.67,643.33,1598.4,1426.76,14.62,21.61,551.72,2388.25,9087.0,1.3,48.1,520.0,2388.23,8154.01,8.5165,0.03,394,2388,100.0,38.44,23.0689
86,270,-0.001,0.0001,100.0,518.67,643.87,1594.78,1430.28,14.62,21.61,551.66,2388.29,9078.26,1.3,47.83,520.36,2388.21,8145.36,8.5226,0.03,397,2388,100.0,38.45,23.1465
86,271,-0.001,0.0005,100.0,518.67,643.5,1597.28,1427.6,14.62,21.61,551.66,2388.21,9075.57,1.3,48.13,520.03,2388.18,8154.1,8.5288,0.03,396,2388,100.0,38.66,23.0933
86,272,-0.0035,0.0002,100.0,518.67,643.49,1592.34,1431.44,14.62,21.61,550.7,2388.25,9078.87,1.3,47.96,520.35,2388.23,8154.84,8.527,0.03,396,2388,100.0,38.53,23.0076
86,273,0.0008,0.0004,100.0,518.67,643.19,1601.97,1431.12,14.62,21.61,551.44,2388.21,9075.52,1.3,48.1,520.02,2388.16,8156.72,8.4782,0.03,395,2388,100.0,38.67,23.0095
86,274,-0.0017,-0.0,100.0,518.67,643.82,1599.22,1420.73,14.62,21.61,551.59,2388.19,9079.9,1.3,48.07,519.8,2388.22,8153.15,8.5043,0.03,396,2388,100.0,38.47,23.0271
86,275,0.0002,-0.0004,100.0,518.67,643.5,1600.49,1431.45,14.62,21.61,552.3,2388.2,9083.57,1.3,48.24,519.62,2388.23,8153.33,8.491,0.03,396,2388,100.0,38.52,23.0738
86,276,0.0017,0.0002,100.0,518.67,643.41,1596.95,1425.38,14.62,21.61,552.38,2388.23,9070.18,1.3,48.15,519.51,2388.21,8150.99,8.5339,0.03,396,2388,100.0,38.45,23.1261
86,277,0.0003,0.0003,100.0,518.67,643.03,1602.04,1431.26,14.62,21.61,551.68,2388.26,9084.43,1.3,48.26,519.13,2388.25,8157.08,8.522,0.03,396,2388,100.0,38.49,23.0981
86,278,-0.0002,-0.0005,100.0,518.67,643.15,1600.16,1425.47,14.62,21.61,551.62,2388.23,9078.73,1.3,48.16,519.63,2388.22,8151.89,8.4919,0.03,398,2388,100.0,38.51,22.9947
92,1,-0.0065,-0.0003,100.0,518.67,642.22,1591.86,1401.89,14.62,21.61,553.48,2388.1,9057.74,1.3,47.44,521.81,2388.09,8136.55,8.3948,0.03,392,2388,100.0,38.87,23.4047
92,2,0.0005,-0.0001,100.0,518.67,642.47,1574.26,1394.91,14.62,21.61,553.95,2388.01,9052.5,1.3,47.35,521.46,2388.08,8135.54,8.3753,0.03,393,2388,100.0,38.86,23.3022
92,3,0.0002,-0.0001,100.0,518.67,642.59,1587.48,1408.34,14.62,21.61,554.54,2388.02,9054.54,1.3,47.3,522.72,2388.03,8137.39,8.3695,0.03,393,2388,100.0,38.75,23.3307
92,4,0.0,-0.0001,100.0,518.67,642.46,1579.68,1406.09,14.62,21.61,554.19,2388.05,9052.43,1.3,47.46,521.8,2388.05,8135.96,8.4237,0.03,392,2388,100.0,38.88,23.4558
92,5,0.002,0.0002,100.0,518.67,641.86,1583.83,1406.2,14.62,21.61,554.65,2388.05,9057.69,1.3,47.5,522.47,2388.02,8138.76,8.4283,0.03,391,2388,100.0,38.91,23.2863
92,6,0.0016,0.0001,100.0,518.67,642.41,1586.57,1410.85,14.62,21.61,554.01,2388.02,9055.37,1.3,47.32,521.83,2388.02,8132.81,8.3991,0.03,394,2388,100.0,38.98,23.4858
92,7,0.001,-0.0004,100.0,518.67,642.53,1586.81,1402.28,14.62,21.61,554.69,2387.99,9054.37,1.3,47.39,521.46,2388.0,8132.69,8.4068,0.03,393,2388,100.0,38.86,23.3233
92,8,-0.0029,0.0,100.0,518.67,642.47,1589.95,1399.74,14.62,21.61,554.52,2388.07,9056.13,1.3,47.31,522.43,2388.07,8136.02,8.4451,0.03,392,2388,100.0,38.95,23.3773
92,9,-0.0047,0.0001,100.0,518.67,642.56,1587.89,1401.61,14.62,21.61,554.09,2388.02,9059.93,1.3,47.23,522.2,2388.03,8141.35,8.4149,0.03,392,2388,100.0,39.05,23.4278
92,10,0.0007,0.0004,100.0,518.67,642.01,1583.57,1405.64,14.62,21.61,554.55,2388.12,9049.06,1.3,47.16,522.06,2388.05,8139.29,8.4174,0.03,392,2388,100.0,38.91,23.4279
92,11,-0.002,-0.0001,100.0,518.67,642.29,1588.19,1401.86,14.62,21.61,553.73,2388.02,9057.85,1.3,47.24,521.91,2388.05,8137.74,8.4027,0.03,391,2388,100.0,39.03,23.357
92,12,-0.0027,-0.0003,100.0,518.67,642.17,1582.46,1403.46,14.62,21.61,553.86,2388.03,9059.18,1.3,47.41,522.27,2388.08,8139.02,8.4135,0.03,391,2388,100.0,39.01,23.2859
92,13,-0.0018,0.0004,100.0,518.67,641.98,1586.12,1401.89,14.62,21.61,553.47,2388.02,9058.62,1.3,47.45,521.75,2388.04,8138.59,8.4141,0.03,391,2388,100.0,39.0,23.3892
92,14,-0.0008,0.0,100.0,518.67,641.88,1583.3,1404.06,14.62,21.61,554.48,2388.09,9058.8,1.3,47.36,522.04,2388.02,8134.96,8.4563,0.03,392,2388,100.0,39.07,23.4336
92,15,-0.0015,-0.0002,100.0,518.67,642.53,1583.04,1406.82,14.62,21.61,554.67,2388.13,9049.89,1.3,47.41,522.2,2388.03,8139.18,8.4059,0.03,393,2388,100.0,38.95,23.4128
92,16,-0.0009,0.0004,100.0,518.67,642.62,1581.02,1404.36,14.62,21.61,554.46,2388.02,9051.78,1.3,47.26,522.05,2388.03,8132.58,8.4214,0.03,392,2388,100.0,38.92,23.2979
92,17,-0.0007,0.0003,100.0,518.67,642.26,1583.97,1402.97,14.62,21.61,554.32,2388.03,9051.95,1.3,47.18,521.74,2388.06,8139.26,8.4102,0.03,392,2388,100.0,39.02,23.3179
92,18,0.0014,0.0001,100.0,518.67,642.24,1587.47,1404.64,14.62,21.61,553.47,2388.04,9047.66,1.3,47.31,522.37,2388.02,8139.54,8.4357,0.03,391,2388,100.0,38.84,23.3386
92,19,0.001,-0.0003,100.0,518.67,642.55,1581.12,1396.34,14.62,21.61,554.59,2388.09,9053.33,1.3,47.29,522.33,2388.1,8133.07,8.3907,0.03,391,2388,100.0,39.0,23.3678
92,20,0.0035,0.0002,100.0,518.67,641.83,1587.57,1406.74,14.62,21.61,553.98,2388.06,9051.59,1.3,47.3,522.28,2388.07,8141.9,8.4245,0.03,390,2388,100.0,39.04,23.4178
92,21,0.0029,-0.0,100.0,518.67,642.75,1591.17,1402.92,14.62,21.61,554.35,2387.98,9048.04,1.3,47.44,521.62,2388.03,8137.01,8.4352,0.03,392,2388,100.0,39.02,23.3464
92,22,0.0027,-0.0002,100.0,518.67,642.19,1593.1,1399.67,14.62,21.61,553.28,2388.07,9054.72,1.3,47.23,521.95,2388.12,8132.3,8.393,0.03,392,2388,100.0,38.81,23.2988
92,23,-0.0011,0.0003,100.0,518.67,642.38,1585.85,1403.87,14.62,21.61,553.75,2388.07,9055.89,1.3,47.35,521.51,2388.03,8137.73,8.4139,0.03,391,2388,100.0,38.88,23.4195
92,24,0.0009,-0.0001,100.0,518.67,642.28,1594.5,1401.45,14.62,21.61,553.81,2388.06,9049.57,1.3,47.31,522.03,2388.05,8136.14,8.4117,0.03,392,2388,100.0,39.02,23.4684
92,25,0.0014,0.0004,100.0,518.67,642.1,1588.83,1405.56,14.62,21.61,554.15,2388.08,9055.63,1.3,47.4,521.93,2388.09,8136.66,8.408,0.03,392,2388,100.0,38.89,23.4189
92,26,-0.0002,-0.0001,100.0,518.67,642.37,1583.53,1409.94,14.62,21.61,554.18,2388.08,9055.47,1.3,46.99,522.37,2388.07,8139.05,8.3621,0.03,393,2388,100.0,38.92,23.3657
92,27,-0.0016,-0.0002,100.0,518.67,642.39,1578.47,1409.17,14.62,21.61,553.99,2388.05,9057.92,1.3,47.34,522.17,2388.11,8131.38,8.4346,0.03,390,2388,100.0,38.88,23.3295
92,28,-0.0012,0.0001,100.0,518.67,642.39,1589.61,1406.98,14.62,21.61,554.7,2388.04,9049.96,1.3,47.45,521.85,2388.09,8132.54,8.3962,0.03,392,2388,100.0,38.66,23.4373
92,29,0.0001,-0.0003,100.0,518.67,642.46,1587.3,1398.55,14.62,21.61,554.36,2388.07,9049.14,1.3,47.24,522.3,2388.03,8137.51,8.4046,0.03,390,2388,100.0,39.13,23.4096
92,30,-0.0005,0.0,100.0,518.67,642.24,1585.87,1400.49,14.62,21.61,553.76,2388.06,9059.54,1.3,47.36,522.18,2388.07,8137.18,8.3755,0.03,394,2388,100.0,39.12,23.4305
92,31,0.0022,-0.0002,100.0,518.67,642.15,1590.49,1401.56,14.62,21.61,553.52,2388.05,9055.97,1.3,47.38,521.51,2388.1,8135.67,8.4032,0.03,391,2388,100.0,39.04,23.3824
92,32,-0.0024,0.0005,100.0,518.67,642.4,1593.82,1400.43,14.62,21.61,554.18,2388.05,9056.9,1.3,47.35,522.24,2388.02,8135.78,8.3967,0.03,395,2388,100.0,38.95,23.2434
92,33,-0.0023,0.0001,100.0,518.67,642.03,1575.52,1405.36,14.62,21.61,553.67,2388.07,9053.77,1.3,47.37,522.2,2388.0,8135.9,8.4298,0.03,392,2388,100.0,38.82,23.4074
92,34,-0.0027,0.0004,100.0,518.67,641.86,1587.08,1404.28,14.62,21.61,554.39,2388.05,9062.59,1.3,47.35,522.11,2388.04,8132.62,8.4067,0.03,392,2388,100.0,39.04,23.3163
92,35,0.0025,0.0001,100.0,518.67,642.3,1583.79,1404.96,14.62,21.61,553.55,2388.1,9055.07,1.3,47.06,521.79,2388.01,8134.38,8.4097,0.03,391,2388,100.0,38.86,23.3444
92,36,-0.0003,0.0004,100.0,518.67,642.22,1588.96,1398.75,14.62,21.61,554.43,2388.02,9054.76,1.3,47.47,521.97,2388.04,8139.97,8.4258,0.03,393,2388,100.0,39.0,23.4078
92,37,-0.0003,-0.0003,100.0,518.67,642.44,1592.49,1406.02,14.62,21.61,554.41,2388.1,9053.59,1.3,47.35,522.08,2388.07,8136.78,8.4267,0.03,391,2388,100.0,38.8,23.3089
92,38,0.0002,0.0005,100.0,518.67,642.26,1585.66,1403.44,14.62,21.61,553.68,2388.06,9049.55,1.3,47.41,522.04,2388.08,8137.15,8.4209,0.03,393,2388,100.0,38.92,23.3347
92,39,-0.0017,0.0006,100.0,518.67,642.58,1584.65,1405.68,14.62,21.61,553.86,2388.04,9051.49,1.3,47.46,521.94,2388.07,8135.98,8.4379,0.03,392,2388,100.0,39.0,23.407
92,40,0.002,0.0002,100.0,518.67,642.57,1587.86,1407.95,14.62,21.61,553.81,2388.08,9049.61,1.3,47.36,521.98,2388.05,8135.3,8.4058,0.03,392,2388,100.0,38.95,23.4313
92,41,0.0029,-0.0001,100.0,518.67,642.18,1579.04,1400.26,14.62,21.61,553.11,2388.04,9055.54,1.3,47.15,522.48,2388.06,8132.62,8.4038,0.03,393,2388,100.0,38.96,23.3017
92,42,0.0014,0.0005,100.0,518.67,642.99,1589.37,1396.71,14.62,21.61,553.47,2388.07,9053.85,1.3,47.42,522.17,2388.06,8130.79,8.4162,0.03,393,2388,100.0,38.92,23.4293
92,43,0.0027,-0.0003,100.0,518.67,642.65,1589.07,1408.18,14.62,21.61,554.16,2388.04,9053.58,1.3,47.26,521.67,2388.08,8131.47,8.4391,0.03,394,2388,100.0,38.93,23.447
92,44,-0.0027,-0.0002,100.0,518.67,642.4,1583.66,1401.7,14.62,21.61,553.99,2388.16,9054.16,1.3,47.19,522.23,2388.02,8135.36,8.4193,0.03,392,2388,100.0,38.8,23.3891
92,45,-0.0006,0.0004,100.0,518.67,641.89,1582.95,1405.86,14.62,21.61,553.73,2388.08,9058.77,1.3,47.37,523.0,2388.07,8138.68,8.3974,0.03,393,2388,100.0,38.84,23.4192
92,46,0.0027,-0.0001,100.0,518.67,642.6,1580.43,1399.62,14.62,21.61,553.53,2388.07,9055.19,1.3,47.5,522.07,2388.09,8138.18,8.4035,0.03,391,2388,100.0,38.99,23.387
92,47,0.0025,0.0004,100.0,518.67,642.61,1586.89,1405.3,14.62,21.61,553.81,2388.09,9051.35,1.3,47.36,521.78,2388.11,8135.48,8.4298,0.03,392,2388,100.0,38.97,23.3957
92,48,0.0002,-0.0004,100.0,518.67,642.04,1583.9,1409.98,14.62,21.61,554.6,2388.09,9058.41,1.3,47.21,522.03,2388.04,8134.91,8.4085,0.03,392,2388,100.0,38.81,23.2036
92,49,0.0022,0.0005,100.0,518.67,642.06,1588.85,1406.93,14.62,21.61,553.98,2388.01,9057.85,1.3,47.48,522.2,2388.09,8138.3,8.4058,0.03,392,2388,100.0,38.92,23.381
92,50,-0.0036,-0.0003,100.0,518.67,642.64,1582.99,1398.75,14.62,21.61,554.65,2388.09,9050.1,1.3,47.39,521.95,2388.09,8143.99,8.3974,0.03,393,2388,100.0,39.09,23.3867
92,51,0.0054,0.0002,100.0,518.67,642.08,1592.05,1402.54,14.62,21.61,554.01,2388.13,9053.92,1.3,47.35,521.32,2388.08,8133.09,8.4238,0.03,392,2388,100.0,38.87,23.2955
92,52,0.005,0.0005,100.0,518.67,642.18,1581.25,1396.02,14.62,21.61,553.07,2388.07,9054.43,1.3,47.37,521.8,2388.1,8137.41,8.4181,0.03,392,2388,100.0,38.84,23.306
92,53,-0.0026,0.0001,100.0,518.67,642.89,1580.12,1402.29,14.62,21.61,554.03,2388.03,9064.13,1.3,47.49,521.99,2388.0,8139.97,8.4115,0.03,393,2388,100.0,38.81,23.212
92,54,0.002,0.0003,100.0,518.67,642.84,1579.56,1403.6,14.62,21.61,553.76,2388.05,9050.21,1.3,47.26,521.65,2388.03,8135.67,8.413,0.03,393,2388,100.0,39.02,23.4938
92,55,-0.0003,0.0005,100.0,518.67,642.66,1582.76,1403.66,14.62,21.61,553.89,2388.06,9049.52,1.3,47.28,522.13,2388.01,8134.95,8.4207,0.03,392,2388,100.0,38.94,23.3001
92,56,-0.0031,0.0004,100.0,518.67,642.85,1588.71,1399.05,14.62,21.61,554.57,2388.08,9058.88,1.3,47.37,521.86,2388.04,8137.26,8.3989,0.03,390,2388,100.0,39.09,23.3552
92,57,-0.0018,0.0002,100.0,518.67,642.03,1579.35,1402.84,14.62,21.61,553.21,2388.07,9059.75,1.3,47.38,521.88,2388.12,8131.83,8.4033,0.03,393,2388,100.0,38.95,23.4467
92,58,0.0005,-0.0004,100.0,518.67,642.08,1587.71,1401.77,14.62,21.61,554.3,2388.06,9050.38,1.3,47.33,522.22,2388.05,8142.48,8.3951,0.03,392,2388,100.0,38.85,23.3011
92,59,-0.0081,0.0004,100.0,518.67,642.72,1584.59,1403.56,14.62,21.61,554.27,2388.07,9059.23,1.3,47.54,521.56,2388.09,8138.02,8.4044,0.03,392,2388,100.0,38.77,23.2625
92,60,-0.0034,0.0004,100.0,518.67,641.96,1589.3,1403.47,14.62,21.61,554.25,2388.07,9053.2,1.3,47.42,521.2,2388.04,8131.35,8.3931,0.03,391,2388,100.0,38.82,23.3751
92,61,-0.0021,-0.0001,100.0,518.67,642.64,1584.43,1400.86,14.62,21.61,553.48,2388.09,9057.55,1.3,47.23,522.25,2388.08,8143.92,8.4528,0.03,392,2388,100.0,38.92,23.3088
92,62,0.002,0.0003,100.0,518.67,642.22,1585.2,1399.36,14.62,21.61,554.32,2388.05,9058.23,1.3,47.24,521.97,2388.01,8138.89,8.4263,0.03,393,2388,100.0,38.77,23.3701
92,63,-0.0009,0.0005,100.0,518.67,642.12,1586.63,1401.87,14.62,21.61,553.52,2388.03,9056.08,1.3,47.2,521.91,2388.07,8137.77,8.407,0.03,391,2388,100.0,39.0,23.2848
92,64,-0.0019,0.0004,100.0,518.67,642.31,1588.9,1408.18,14.62,21.61,554.01,2388.03,9053.15,1.3,47.48,521.91,2388.06,8137.0,8.4055,0.03,391,2388,100.0,38.85,23.3307
92,65,-0.0019,0.0004,100.0,518.67,642.67,1593.98,1395.89,14.62,21.61,554.57,2388.03,9049.29,1.3,47.49,521.85,2388.05,8135.35,8.4265,0.03,392,2388,100.0,38.93,23.342
92,66,-0.0038,0.0004,100.0,518.67,642.36,1590.6,1404.1,14.62,21.61,553.92,2388.07,9056.12,1.3,47.16,521.87,2388.02,8134.31,8.4116,0.03,392,2388,100.0,38.96,23.2726
92,67,-0.0011,-0.0,100.0,518.67,642.64,1586.0,1402.49,14.62,21.61,554.57,2388.09,9057.15,1.3,47.36,522.33,2388.08,8139.02,8.4431,0.03,393,2388,100.0,38.95,23.5021
92,68,0.0015,0.0001,100.0,518.67,642.26,1583.46,1399.45,14.62,21.61,553.96,2388.04,9056.37,1.3,47.2,521.75,2388.07,8136.79,8.427,0.03,390,2388,100.0,39.07,23.3185
92,69,0.0016,0.0002,100.0,518.67,642.48,1580.12,1396.33,14.62,21.61,553.87,2388.11,9057.18,1.3,47.36,522.21,2388.05,8137.49,8.4605,0.03,393,2388,100.0,39.01,23.4044
92,70,0.0024,0.0004,100.0,518.67,642.8,1593.82,1398.82,14.62,21.61,553.6,2388.03,9050.86,1.3,47.24,522.28,2388.07,8146.14,8.4054,0.03,391,2388,100.0,38.92,23.3203
92,71,0.0003,0.0001,100.0,518.67,642.41,1579.73,1406.31,14.62,21.61,553.7,2388.05,9057.23,1.3,47.28,521.96,2388.05,8136.0,8.4169,0.03,392,2388,100.0,38.98,23.3491
92,72,-0.0001,0.0005,100.0,518.67,642.67,1587.8,1399.5,14.62,21.61,554.34,2388.05,9049.63,1.3,47.39,521.64,2388.05,8133.52,8.3925,0.03,392,2388,100.0,39.01,23.3373
92,73,0.0038,0.0001,100.0,518.67,642.0,1586.93,1408.25,14.62,21.61,554.58,2388.07,9055.69,1.3,47.53,521.85,2388.05,8135.35,8.4128,0.03,394,2388,100.0,38.83,23.4417
92,74,-0.0017,0.0004,100.0,518.67,642.66,1577.89,1403.31,14.62,21.61,553.68,2388.08,9057.11,1.3,47.34,522.15,2388.13,8142.46,8.3784,0.03,393,2388,100.0,38.89,23.4006
92,75,-0.0026,-0.0004,100.0,518.67,642.19,1585.31,1400.12,14.62,21.61,554.53,2388.03,9055.06,1.3,47.21,521.97,2387.98,8139.44,8.3833,0.03,393,2388,100.0,38.93,23.4145
92,76,0.0035,0.0005,100.0,518.67,642.35,1592.59,1407.18,14.62,21.61,553.26,2388.06,9055.12,1.3,47.29,522.05,2388.04,8136.58,8.4272,0.03,391,2388,100.0,39.04,23.4256
92,77,-0.0007,-0.0002,100.0,518.67,641.97,1585.48,1407.09,14.62,21.61,554.3,2388.03,9062.87,1.3,47.25,521.69,2388.09,8133.85,8.4205,0.03,394,2388,100.0,38.96,23.353
92,78,-0.0011,-0.0002,100.0,518.67,642.58,1583.33,1394.65,14.62,21.61,554.07,2388.04,9054.79,1.3,47.38,522.4,2388.05,8141.76,8.401,0.03,392,2388,100.0,38.94,23.3582
92,79,0.0023,-0.0004,100.0,518.67,642.71,1584.84,1398.13,14.62,21.61,553.61,2388.09,9060.37,1.3,47.3,522.36,2388.01,8136.59,8.4521,0.03,393,2388,100.0,38.75,23.2607
92,80,0.0009,0.0005,100.0,518.67,642.12,1592.92,1409.29,14.62,21.61,554.17,2388.02,9058.89,1.3,47.34,522.03,2388.03,8140.23,8.4061,0.03,391,2388,100.0,38.92,23.3131
92,81,-0.0009,0.0003,100.0,518.67,641.99,1592.38,1397.46,14.62,21.61,554.02,2388.07,9049.98,1.3,47.43,522.57,2388.08,8140.9,8.446,0.03,391,2388,100.0,38.99,23.3495
92,82,0.0004,0.0004,100.0,518.67,642.2,1582.61,1409.01,14.62,21.61,554.52,2388.03,9057.42,1.3,47.21,521.94,2388.07,8133.74,8.3946,0.03,392,2388,100.0,38.93,23.405
92,83,-0.0001,0.0005,100.0,518.67,642.1,1590.5,1403.3,14.62,21.61,554.23,2388.0,9056.41,1.3,47.55,521.8,2388.08,8142.27,8.3709,0.03,392,2388,100.0,38.73,23.3795
92,84,0.0011,-0.0001,100.0,518.67,642.41,1589.13,1399.42,14.62,21.61,554.72,2388.05,9045.77,1.3,47.45,521.7,2388.06,8139.31,8.4461,0.03,393,2388,100.0,38.85,23.3692
92,85,-0.0054,-0.0003,100.0,518.67,642.76,1586.64,1403.75,14.62,21.61,553.62,2388.05,9058.77,1.3,47.45,522.23,2388.04,8125.32,8.3713,0.03,392,2388,100.0,38.95,23.3127
92,86,0.0015,0.0005,100.0,518.67,642.53,1585.07,1402.98,14.62,21.61,553.6,2388.02,9052.2,1.3,47.32,521.88,2388.09,8136.64,8.4091,0.03,392,2388,100.0,38.9,23.4116
92,87,-0.0001,0.0001,100.0,518.67,642.49,1580.65,1401.81,14.62,21.61,553.99,2388.04,9062.16,1.3,47.27,521.89,2388.06,8138.24,8.4312,0.03,392,2388,100.0,39.01,23.3632
92,88,-0.0014,0.0003,100.0,518.67,642.81,1587.19,1399.18,14.62,21.61,553.64,2388.04,9059.68,1.3,47.46,521.6,2388.03,8135.66,8.4414,0.03,391,2388,100.0,38.87,23.424
92,89,0.0008,0.0004,100.0,518.67,642.02,1587.91,1398.83,14.62,21.61,553.94,2388.04,9052.18,1.3,47.4,522.0,2388.07,8138.81,8.437,0.03,391,2388,100.0,38.71,23.3583
92,90,-0.0004,-0.0003,100.0,518.67,642.29,1589.08,1404.32,14.62,21.61,553.78,2388.04,9053.93,1.3,47.42,522.18,2388.12,8141.74,8.4238,0.03,393,2388,100.0,38.87,23.3229
92,91,0.0039,-0.0004,100.0,518.67,642.33,1588.32,1402.8,14.62,21.61,553.89,2388.02,9062.08,1.3,47.13,521.54,2388.04,8140.25,8.4184,0.03,392,2388,100.0,38.88,23.2857
92,92,0.0025,-0.0004,100.0,518.67,642.27,1593.85,1404.41,14.62,21.61,553.8,2388.04,9056.48,1.3,47.39,521.61,2388.1,8138.6,8.4243,0.03,391,2388,100.0,38.82,23.3625
92,93,-0.0015,-0.0,100.0,518.67,641.95,1587.13,1402.4,14.62,21.6,554.09,2388.1,9064.27,1.3,47.48,521.87,2388.02,8134.59,8.4303,0.03,392,2388,100.0,38.99,23.4205
92,94,0.0042,0.0002,100.0,518.67,642.74,1581.4,1404.18,14.62,21.61,554.28,2388.04,9054.54,1.3,47.29,521.79,2388.06,8137.57,8.454,0.03,392,2388,100.0,38.91,23.3789
92,95,-0.0033,-0.0001,100.0,518.67,642.08,1583.79,1402.19,14.62,21.61,554.06,2388.06,9055.07,1.3,47.4,522.11,2388.04,8138.89,8.4212,0.03,392,2388,100.0,39.07,23.3361
92,96,-0.0023,0.0004,100.0,518.67,642.63,1586.71,1403.18,14.62,21.61,553.59,2388.06,9057.19,1.3,47.59,521.72,2388.07,8133.13,8.3912,0.03,393,2388,100.0,38.99,23.3254
92,97,-0.0008,0.0002,100.0,518.67,642.65,1591.87,1395.75,14.62,21.61,554.14,2388.1,9060.37,1.3,47.37,521.75,2388.04,8139.46,8.4207,0.03,393,2388,100.0,39.05,23.3799
92,98,0.0047,-0.0001,100.0,518.67,642.32,1584.44,1410.48,14.62,21.61,554.29,2388.06,9050.56,1.3,47.41,521.9,2388.01,8135.37,8.428,0.03,392,2388,100.0,38.91,23.2805
92,99,0.0026,0.0001,100.0,518.67,642.7,1579.86,1398.16,14.62,21.61,553.89,2388.07,9055.99,1.3,47.24,521.75,2388.1,8135.2,8.3969,0.03,393,2388,100.0,38.95,23.3102
92,100,0.0022,-0.0003,100.0,518.67,642.66,1583.79,1402.36,14.62,21.61,554.19,2388.06,9056.49,1.3,47.6,522.0,2388.1,8136.85,8.4274,0.03,390,2388,100.0,38.88,23.4224
92,101,0.0017,0.0005,100.0,518.67,642.41,1582.32,1406.5,14.62,21.61,553.4,2388.06,9060.01,1.3,47.32,521.66,2388.0,8136.96,8.4033,0.03,392,2388,100.0,38.91,23.3855
92,102,0.0023,0.0002,100.0,518.67,642.33,1584.89,1404.1,14.62,21.61,553.73,2388.13,9056.62,1.3,47.5,521.94,2388.02,8138.47,8.4018,0.03,393,2388,100.0,38.98,23.3323
92,103,-0.0009,-0.0004,100.0,518.67,642.27,1591.58,1399.17,14.62,21.61,553.33,2388.07,9061.17,1.3,47.5,521.72,2388.09,8140.93,8.4137,0.03,393,2388,100.0,38.88,23.324
92,104,0.0038,0.0001,100.0,518.67,642.72,1594.07,1409.37,14.62,21.61,553.8,2388.07,9049.77,1.3,47.32,521.98,2388.12,8138.68,8.4023,0.03,394,2388,100.0,39.01,23.4795
92,105,-0.0038,0.0004,100.0,518.67,642.75,1585.84,1401.93,14.62,21.61,552.99,2388.03,9050.33,1.3,47.52,521.53,2388.04,8138.81,8.4319,0.03,393,2388,100.0,38.81,23.3373
92,106,0.0022,-0.0003,100.0,518.67,641.8,1578.55,1400.6,14.62,21.61,553.95,2388.06,9055.75,1.3,47.35,522.01,2388.08,8135.96,8.436,0.03,393,2388,100.0,38.81,23.3496
92,107,0.0016,-0.0004,100.0,518.67,642.32,1586.95,1403.31,14.62,21.61,553.59,2388.07,9053.21,1.3,47.28,521.86,2388.01,8135.35,8.45,0.03,393,2388,100.0,38.83,23.2343
92,108,-0.0037,-0.0001,100.0,518.67,642.49,1589.72,1406.16,14.62,21.61,553.3,2388.03,9054.89,1.3,47.34,521.98,2388.09,8136.25,8.422,0.03,392,2388,100.0,38.96,23.3638
92,109,0.0008,0.0003,100.0,518.67,642.55,1574.86,1405.23,14.62,21.61,554.5,2388.08,9057.16,1.3,47.51,521.93,2388.05,8134.65,8.4445,0.03,394,2388,100.0,38.81,23.461
92,110,-0.0008,-0.0003,100.0,518.67,642.73,1574.58,1398.92,14.62,21.61,553.9,2388.06,9055.03,1.3,47.31,521.89,2388.08,8135.06,8.4061,0.03,394,2388,100.0,39.08,23.4057
92,111,-0.0017,-0.0,100.0,518.67,642.56,1587.06,1411.23,14.62,21.61,553.88,2388.01,9059.56,1.3,47.47,522.02,2388.1,8137.19,8.4116,0.03,391,2388,100.0,38.84,23.3873
92,112,0.002,0.0001,100.0,518.67,642.21,1583.19,1407.36,14.62,21.61,554.18,2388.03,9058.25,1.3,47.31,521.75,2388.09,8141.16,8.4427,0.03,393,2388,100.0,38.97,23.239
92,113,-0.0005,0.0006,100.0,518.67,642.68,1585.25,1398.48,14.62,21.61,553.99,2388.05,9064.35,1.3,47.44,522.0,2388.08,8133.58,8.424,0.03,391,2388,100.0,38.84,23.3821
92,114,-0.0055,-0.0003,100.0,518.67,642.19,1587.0,1401.35,14.62,21.61,553.58,2388.05,9051.5,1.3,47.39,521.65,2388.13,8135.94,8.4191,0.03,392,2388,100.0,38.82,23.4194
92,115,-0.0014,0.0001,100.0,518.67,642.31,1590.35,1406.12,14.62,21.61,554.55,2388.08,9055.56,1.3,47.23,521.36,2388.05,8135.66,8.439,0.03,392,2388,100.0,38.97,23.3515
92,116,-0.0003,0.0005,100.0,518.67,642.73,1593.43,1403.79,14.62,21.61,554.05,2388.09,9049.53,1.3,47.53,521.77,2388.09,8142.17,8.4558,0.03,391,2388,100.0,38.98,23.3741
92,117,0.0018,0.0002,100.0,518.67,642.16,1587.87,1407.27,14.62,21.61,553.62,2388.06,9060.92,1.3,47.36,521.65,2388.09,8134.14,8.4002,0.03,390,2388,100.0,39.0,23.2819
92,118,0.0015,-0.0002,100.0,518.67,642.6,1587.68,1412.04,14.62,21.61,553.21,2388.06,9061.59,1.3,47.35,521.65,2388.11,8141.94,8.4456,0.03,392,2388,100.0,38.82,23.3956
92,119,0.0031,-0.0002,100.0,518.67,642.74,1584.8,1395.12,14.62,21.61,554.41,2388.06,9058.12,1.3,47.37,521.98,2388.04,8135.61,8.4183,0.03,393,2388,100.0,38.83,23.39
92,120,-0.0063,-0.0004,100.0,518.67,641.98,1588.36,1404.91,14.62,21.61,552.94,2388.05,9049.23,1.3,47.13,521.87,2388.06,8142.05,8.4189,0.03,393,2388,100.0,38.92,23.3996
92,121,0.0015,-0.0002,100.0,518.67,642.95,1590.41,1400.67,14.62,21.61,553.96,2388.05,9064.58,1.3,47.41,521.18,2388.06,8137.71,8.4009,0.03,393,2388,100.0,38.81,23.3338
92,122,0.0014,-0.0004,100.0,518.67,641.87,1582.92,1403.23,14.62,21.61,554.21,2388.07,9058.99,1.3,47.29,521.98,2388.01,8139.55,8.4178,0.03,392,2388,100.0,38.96,23.3386
92,123,-0.0018,-0.0001,100.0,518.67,642.56,1590.62,1406.11,14.62,21.61,553.25,2388.02,9062.76,1.3,47.39,521.6,2388.04,8141.06,8.4161,0.03,392,2388,100.0,39.01,23.3215
92,124,0.0002,-0.0002,100.0,518.67,642.82,1584.71,1403.57,14.62,21.61,554.83,2388.06,9060.45,1.3,47.46,521.72,2388.04,8138.34,8.3983,0.03,392,2388,100.0,38.79,23.4233
92,125,0.0,0.0002,100.0,518.67,642.82,1584.12,1405.1,14.62,21.61,553.37,2388.05,9056.66,1.3,47.34,521.37,2388.1,8137.62,8.459,0.03,395,2388,100.0,39.1,23.364
92,126,-0.0018,-0.0001,100.0,518.67,642.17,1589.4,1405.61,14.62,21.61,554.7,2388.05,9053.29,1.3,47.35,521.49,2388.07,8134.56,8.4421,0.03,392,2388,100.0,39.1,23.3371
92,127,0.0011,-0.0002,100.0,518.67,642.39,1592.98,1405.9,14.62,21.61,554.54,2388.08,9054.69,1.3,47.33,521.71,2388.06,8141.17,8.4663,0.03,392,2388,100.0,38.92,23.3053
92,128,0.0005,-0.0002,100.0,518.67,642.67,1586.53,1400.19,14.62,21.61,553.9,2388.07,9059.52,1.3,47.45,521.68,2388.07,8133.89,8.4171,0.03,392,2388,100.0,38.78,23.3676
92,129,0.0019,0.0006,100.0,518.67,642.44,1590.68,1404.16,14.62,21.61,554.36,2388.04,9064.63,1.3,47.46,521.59,2388.04,8138.55,8.3972,0.03,392,2388,100.0,38.9,23.4004
92,130,0.0028,0.0003,100.0,518.67,642.89,1584.71,1401.79,14.62,21.61,553.5,2388.02,9054.91,1.3,47.15,521.27,2388.09,8140.77,8.4292,0.03,393,2388,100.0,38.92,23.3677
92,131,-0.0042,-0.0002,100.0,518.67,642.28,1589.03,1408.38,14.62,21.61,554.51,2388.08,9058.02,1.3,47.4,521.05,2388.04,8139.69,8.411,0.03,392,2388,100.0,38.87,23.2141
92,132,-0.0015,-0.0003,100.0,518.67,642.6,1586.53,1402.05,14.62,21.61,553.67,2388.07,9055.48,1.3,47.32,522.27,2388.06,8140.36,8.4306,0.03,395,2388,100.0,39.1,23.2822
92,133,0.001,0.0002,100.0,518.67,642.82,1594.97,1400.6,14.62,21.61,553.74,2388.08,9062.31,1.3,47.53,521.52,2388.0,8142.65,8.4268,0.03,395,2388,100.0,38.89,23.4712
92,134,0.0014,0.0004,100.0,518.67,641.92,1590.75,1411.04,14.62,21.61,553.65,2388.06,9060.03,1.3,47.37,521.35,2388.05,8139.82,8.4253,0.03,392,2388,100.0,38.85,23.3838
92,135,-0.0015,-0.0,100.0,518.67,642.26,1587.53,1398.06,14.62,21.61,553.36,2388.03,9064.3,1.3,47.36,521.76,2388.04,8142.07,8.4433,0.03,392,2388,100.0,38.8,23.3656
92,136,-0.0005,-0.0003,100.0,518.67,642.24,1587.47,1409.23,14.62,21.61,554.19,2388.02,9063.15,1.3,47.38,521.84,2388.03,8136.63,8.4121,0.03,394,2388,100.0,38.83,23.2976
92,137,-0.0018,-0.0002,100.0,518.67,642.6,1586.84,1404.47,14.62,21.61,553.78,2388.07,9061.68,1.3,47.2,521.24,2388.03,8146.92,8.4225,0.03,391,2388,100.0,38.87,23.3859
92,138,-0.0019,-0.0002,100.0,518.67,642.49,1587.57,1395.62,14.62,21.61,554.49,2388.04,9058.52,1.3,47.37,522.09,2388.07,8141.46,8.3902,0.03,392,2388,100.0,38.99,23.3848
92,139,0.0025,0.0004,100.0,518.67,642.29,1588.71,1407.45,14.62,21.61,553.7,2388.06,9056.26,1.3,47.23,521.62,2388.05,8140.97,8.4165,0.03,392,2388,100.0,38.76,23.2584
92,140,-0.0009,-0.0001,100.0,518.67,642.14,1585.73,1409.56,14.62,21.61,553.58,2388.08,9056.7,1.3,47.48,521.73,2388.06,8137.27,8.4298,0.03,394,2388,100.0,38.76,23.3848
92,141,0.0004,0.0005,100.0,518.67,642.77,1585.3,1405.4,14.62,21.61,553.51,2388.05,9060.08,1.3,47.33,521.96,2388.05,8141.14,8.4339,0.03,393,2388,100.0,38.92,23.4597
92,142,-0.0009,0.0005,100.0,518.67,642.12,1595.92,1409.43,14.62,21.61,553.39,2388.02,9057.53,1.3,47.54,522.07,2388.09,8136.03,8.4035,0.03,392,2388,100.0,39.06,23.3265
92,143,-0.0014,-0.0004,100.0,518.67,642.28,1586.38,1398.52,14.62,21.61,553.46,2388.08,9067.93,1.3,47.33,521.71,2388.02,8135.81,8.4007,0.03,392,2388,100.0,38.81,23.3807
92,144,-0.0001,-0.0003,100.0,518.67,642.16,1595.23,1395.89,14.62,21.61,553.64,2388.06,9063.16,1.3,47.44,521.63,2388.05,8140.65,8.4138,0.03,393,2388,100.0,38.92,23.2852
92,145,0.0025,0.0,100.0,518.67,642.89,1581.92,1410.49,14.62,21.61,554.22,2388.06,9060.81,1.3,47.45,521.89,2388.03,8138.97,8.4184,0.03,392,2388,100.0,38.86,23.2775
92,146,-0.0029,0.0004,100.0,518.67,642.79,1585.48,1402.75,14.62,21.61,553.15,2388.05,9059.27,1.3,47.39,521.99,2388.09,8137.83,8.414,0.03,391,2388,100.0,39.0,23.3796
92,147,0.0019,-0.0002,100.0,518.67,642.5,1593.86,1401.2,14.62,21.61,553.85,2388.08,9064.69,1.3,47.52,521.55,2388.02,8141.03,8.4225,0.03,392,2388,100.0,38.91,23.2841
92,148,-0.0021,-0.0004,100.0,518.67,642.22,1594.18,1400.14,14.62,21.61,553.11,2388.09,9061.12,1.3,47.41,521.37,2388.05,8140.35,8.4305,0.03,394,2388,100.0,38.93,23.3481
92,149,0.0016,0.0,100.0,518.67,642.49,1582.88,1407.02,14.62,21.61,553.12,2388.1,9064.04,1.3,47.51,521.79,2388.03,8141.79,8.3937,0.03,392,2388,100.0,38.87,23.303
92,150,0.0002,0.0002,100.0,518.67,642.66,1589.43,1407.43,14.62,21.61,554.27,2388.03,9055.68,1.3,47.4,521.65,2388.07,8141.37,8.4423,0.03,392,2388,100.0,38.97,23.3531
92,151,0.0008,0.0004,100.0,518.67,642.68,1590.71,1399.49,14.62,21.61,553.54,2388.1,9064.7,1.3,47.37,521.65,2388.12,8143.5,8.4657,0.03,392,2388,100.0,38.82,23.2828
92,152,-0.0006,-0.0001,100.0,518.67,642.83,1583.64,1398.71,14.62,21.61,554.87,2388.07,9064.35,1.3,47.46,521.41,2388.09,8140.88,8.4236,0.03,391,2388,100.0,38.98,23.2829
92,153,0.0008,0.0002,100.0,518.67,642.94,1590.98,1403.02,14.62,21.61,553.6,2388.02,9056.05,1.3,47.42,522.3,2388.09,8137.81,8.4575,0.03,392,2388,100.0,38.79,23.4108
92,154,-0.0013,-0.0003,100.0,518.67,642.6,1587.38,1405.22,14.62,21.61,553.98,2388.05,9064.62,1.3,47.35,521.62,2388.04,8136.51,8.4074,0.03,393,2388,100.0,38.77,23.2856
92,155,0.002,-0.0003,100.0,518.67,642.62,1587.56,1408.59,14.62,21.61,554.58,2388.05,9063.75,1.3,47.35,521.74,2388.02,8139.36,8.4441,0.03,392,2388,100.0,38.93,23.2578
92,156,0.002,0.0,100.0,518.67,642.41,1588.41,1402.93,14.62,21.61,553.68,2388.03,9061.58,1.3,47.39,521.8,2388.1,8140.33,8.4051,0.03,393,2388,100.0,38.92,23.3447
92,157,0.0014,0.0004,100.0,518.67,642.09,1590.38,1403.98,14.62,21.61,553.84,2388.06,9068.17,1.3,47.29,522.17,2388.08,8145.02,8.4108,0.03,392,2388,100.0,38.8,23.337
92,158,-0.0026,-0.0,100.0,518.67,642.24,1584.61,1397.37,14.62,21.61,554.5,2388.11,9061.41,1.3,47.46,522.18,2388.07,8144.5,8.41,0.03,393,2388,100.0,38.97,23.4023
92,159,0.0022,-0.0004,100.0,518.67,642.53,1589.33,1405.28,14.62,21.61,553.7,2388.03,9061.83,1.3,47.3,521.15,2388.04,8141.03,8.423,0.03,391,2388,100.0,38.83,23.3465
92,160,0.0011,0.0001,100.0,518.67,642.85,1590.18,1398.33,14.62,21.61,553.74,2388.08,9064.04,1.3,47.43,521.74,2388.11,8143.6,8.4418,0.03,394,2388,100.0,38.91,23.2321
92,161,0.0023,-0.0,100.0,518.67,642.38,1586.48,1406.49,14.62,21.61,553.74,2388.13,9065.22,1.3,47.45,521.68,2388.05,8140.53,8.4125,0.03,394,2388,100.0,38.81,23.4587
92,162,-0.0003,-0.0002,100.0,518.67,642.57,1591.51,1405.06,14.62,21.61,553.64,2388.08,9063.44,1.3,47.51,522.28,2388.02,8135.82,8.4319,0.03,393,2388,100.0,38.81,23.3266
92,163,-0.0004,0.0002,100.0,518.67,642.78,1587.89,1406.37,14.62,21.61,553.82,2388.12,9061.05,1.3,47.36,521.26,2388.06,8142.84,8.4058,0.03,392,2388,100.0,38.79,23.3621
92,164,-0.0009,0.0004,100.0,518.67,642.76,1587.32,1401.98,14.62,21.61,553.96,2388.06,9067.6,1.3,47.43,521.46,2388.01,8140.66,8.4286,0.03,394,2388,100.0,38.78,23.3944
92,165,-0.0055,-0.0003,100.0,518.67,642.54,1584.1,1408.37,14.62,21.61,553.43,2388.03,9058.63,1.3,47.52,521.6,2388.09,8141.21,8.428,0.03,393,2388,100.0,38.94,23.347
92,166,0.0007,0.0003,100.0,518.67,642.42,1592.83,1404.92,14.62,21.61,553.93,2388.05,9062.62,1.3,47.33,521.51,2388.07,8146.68,8.4458,0.03,393,2388,100.0,38.94,23.2989
92,167,-0.0041,-0.0004,100.0,518.67,642.74,1590.84,1408.3,14.62,21.61,553.63,2388.07,9062.92,1.3,47.52,521.59,2388.1,8142.81,8.4666,0.03,392,2388,100.0,38.87,23.2468
92,168,0.0019,0.0002,100.0,518.67,642.41,1583.04,1408.48,14.62,21.61,553.6,2388.04,9062.51,1.3,47.43,522.11,2388.09,8140.97,8.4158,0.03,393,2388,100.0,38.83,23.2763
92,169,-0.0035,0.0004,100.0,518.67,642.27,1583.65,1410.08,14.62,21.61,553.75,2388.09,9062.43,1.3,47.43,521.9,2388.08,8148.55,8.4034,0.03,394,2388,100.0,38.78,23.3387
92,170,0.0009,-0.0,100.0,518.67,642.33,1581.87,1395.95,14.62,21.61,553.47,2388.01,9058.67,1.3,47.38,521.72,2388.04,8142.65,8.4102,0.03,392,2388,100.0,38.77,23.2924
92,171,0.0011,0.0004,100.0,518.67,642.46,1587.81,1410.21,14.62,21.61,553.38,2388.1,9059.59,1.3,47.37,521.71,2388.08,8139.42,8.4316,0.03,392,2388,100.0,38.99,23.357
92,172,0.0005,-0.0004,100.0,518.67,642.32,1591.8,1397.15,14.62,21.61,553.63,2388.09,9062.33,1.3,47.54,521.72,2388.09,8142.29,8.4053,0.03,392,2388,100.0,38.95,23.2169
92,173,0.0008,0.0002,100.0,518.67,642.53,1584.69,1407.95,14.62,21.61,553.37,2388.01,9060.37,1.3,47.41,521.77,2388.08,8143.27,8.4331,0.03,392,2388,100.0,38.86,23.2531
92,174,-0.0013,0.0005,100.0,518.67,642.3,1590.66,1400.62,14.62,21.61,553.8,2388.12,9057.33,1.3,47.38,521.28,2388.06,8141.7,8.4087,0.03,392,2388,100.0,39.12,23.3024
92,175,-0.0,-0.0002,100.0,518.67,642.67,1590.64,1402.07,14.62,21.61,553.74,2388.09,9065.19,1.3,47.29,522.01,2388.05,8138.26,8.4339,0.03,395,2388,100.0,38.95,23.3568
92,176,-0.0028,0.0002,100.0,518.67,642.01,1585.51,1404.65,14.62,21.61,554.26,2388.07,9056.11,1.3,47.5,521.31,2388.14,8140.76,8.4194,0.03,392,2388,100.0,38.87,23.2981
92,177,-0.0011,0.0004,100.0,518.67,642.14,1587.06,1401.86,14.62,21.61,553.11,2388.04,9060.0,1.3,47.52,521.66,2388.07,8140.95,8.4261,0.03,392,2388,100.0,38.89,23.3623
92,178,0.0002,0.0005,100.0,518.67,642.35,1596.41,1408.66,14.62,21.61,554.21,2388.11,9059.47,1.3,47.47,521.83,2388.09,8143.49,8.4413,0.03,392,2388,100.0,38.76,23.3265
92,179,0.0006,-0.0,100.0,518.67,642.44,1588.56,1406.24,14.62,21.61,553.77,2388.08,9069.76,1.3,47.16,522.4,2388.02,8143.66,8.4518,0.03,394,2388,100.0,38.72,23.3774
92,180,-0.0005,0.0005,100.0,518.67,642.84,1575.45,1407.29,14.62,21.61,553.58,2388.04,9065.22,1.3,47.47,522.16,2388.11,8138.34,8.4647,0.03,394,2388,100.0,38.91,23.4037
92,181,-0.0019,-0.0004,100.0,518.67,642.62,1587.35,1401.35,14.62,21.61,553.21,2388.08,9064.21,1.3,47.58,521.69,2388.06,8139.98,8.4072,0.03,393,2388,100.0,38.86,23.2682
92,182,0.002,0.0004,100.0,518.67,642.47,1587.51,1404.39,14.62,21.61,554.0,2388.05,9064.05,1.3,47.32,521.91,2388.08,8140.57,8.4934,0.03,393,2388,100.0,38.86,23.3623
92,183,0.0015,-0.0001,100.0,518.67,642.6,1590.59,1404.23,14.62,21.61,553.85,2388.1,9066.79,1.3,47.63,520.99,2388.11,8140.56,8.4268,0.03,393,2388,100.0,38.81,23.3302
92,184,0.0031,-0.0,100.0,518.67,642.66,1592.94,1412.79,14.62,21.61,553.72,2388.08,9059.53,1.3,47.37,521.2,2388.04,8141.79,8.3923,0.03,393,2388,100.0,38.79,23.2366
92,185,0.0021,-0.0004,100.0,518.67,642.93,1593.05,1405.61,14.62,21.61,553.49,2388.06,9063.45,1.3,47.43,521.57,2388.11,8139.86,8.4313,0.03,394,2388,100.0,38.97,23.3019
92,186,-0.0004,0.0003,100.0,518.67,642.33,1592.9,1411.25,14.62,21.61,553.57,2388.05,9066.08,1.3,47.48,521.81,2388.09,8135.35,8.4312,0.03,390,2388,100.0,38.88,23.2382
92,187,-0.002,0.0004,100.0,518.67,642.21,1583.82,1405.42,14.62,21.61,554.06,2388.09,9066.64,1.3,47.29,521.55,2388.03,8141.22,8.4278,0.03,391,2388,100.0,38.9,23.4229
92,188,0.0049,-0.0004,100.0,518.67,642.18,1594.46,1401.63,14.62,21.61,554.04,2388.09,9064.44,1.3,47.42,521.58,2388.1,8143.6,8.4325,0.03,393,2388,100.0,38.89,23.3051
92,189,0.0028,0.0002,100.0,518.67,642.84,1581.9,1408.87,14.62,21.61,553.07,2388.12,9059.19,1.3,47.38,521.05,2388.09,8146.81,8.4267,0.03,393,2388,100.0,38.93,23.2414
92,190,0.0001,-0.0003,100.0,518.67,642.74,1587.68,1406.89,14.62,21.61,553.43,2388.08,9071.27,1.3,47.76,521.39,2388.07,8142.9,8.3796,0.03,393,2388,100.0,38.97,23.3499
92,191,0.001,0.0,100.0,518.67,642.36,1585.69,1400.0,14.62,21.61,553.48,2388.09,9072.43,1.3,47.44,521.97,2388.07,8145.44,8.4085,0.03,395,2388,100.0,38.68,23.3259
92,192,-0.0015,-0.0004,100.0,518.67,642.04,1582.18,1410.08,14.62,21.61,553.89,2388.08,9066.17,1.3,47.47,522.51,2388.1,8138.18,8.4149,0.03,392,2388,100.0,38.89,23.3776
92,193,0.0,0.0003,100.0,518.67,642.95,1590.41,1408.46,14.62,21.61,553.54,2388.06,9066.87,1.3,47.53,521.38,2388.09,8142.49,8.4226,0.03,394,2388,100.0,38.6,23.3283
92,194,-0.0009,-0.0003,100.0,518.67,642.3,1588.61,1403.67,14.62,21.61,553.9,2388.1,9065.53,1.3,47.49,521.21,2388.08,8145.13,8.4273,0.03,393,2388,100.0,38.86,23.3814
92,195,0.0011,0.0004,100.0,518.67,643.06,1588.61,1407.03,14.62,21.61,554.77,2388.13,9067.86,1.3,47.44,521.72,2388.05,8143.96,8.4597,0.03,392,2388,100.0,38.79,23.1667
92,196,-0.0019,0.0,100.0,518.67,643.07,1581.48,1405.43,14.62,21.61,553.88,2388.07,9065.02,1.3,47.73,521.51,2388.15,8142.98,8.469,0.03,393,2388,100.0,38.81,23.3152
92,197,-0.0018,-0.0,100.0,518.67,642.62,1588.51,1406.32,14.62,21.61,553.2,2388.14,9067.96,1.3,47.6,521.58,2388.08,8144.93,8.4442,0.03,392,2388,100.0,38.88,23.3102
92,198,-0.0005,0.0005,100.0,518.67,642.66,1588.15,1402.24,14.62,21.61,553.23,2388.09,9068.88,1.3,47.48,521.18,2388.1,8140.9,8.4374,0.03,394,2388,100.0,39.04,23.3313
92,199,-0.0043,0.0002,100.0,518.67,643.01,1585.46,1407.81,14.62,21.61,553.42,2388.08,9066.32,1.3,47.55,521.48,2388.13,8147.51,8.3875,0.03,394,2388,100.0,38.91,23.3936
92,200,-0.0001,-0.0003,100.0,518.67,642.62,1593.28,1395.65,14.62,21.61,554.31,2388.09,9067.5,1.3,47.54,521.41,2388.12,8149.22,8.4345,0.03,394,2388,100.0,38.79,23.3903
92,201,-0.0002,0.0003,100.0,518.67,642.53,1591.94,1405.37,14.62,21.61,553.62,2388.04,9068.14,1.3,47.66,521.95,2388.12,8148.34,8.4139,0.03,391,2388,100.0,38.74,23.3214
92,202,0.0012,-0.0001,100.0,518.67,642.71,1585.67,1405.98,14.62,21.61,553.27,2388.08,9063.25,1.3,47.48,522.01,2388.1,8149.73,8.4473,0.03,393,2388,100.0,38.91,23.3289
92,203,-0.0012,0.0003,100.0,518.67,642.18,1593.42,1404.78,14.62,21.61,553.39,2388.12,9069.02,1.3,47.49,521.43,2388.08,8143.87,8.4521,0.03,393,2388,100.0,38.81,23.3854
92,204,-0.0032,0.0003,100.0,518.67,642.48,1589.14,1409.04,14.62,21.61,553.95,2388.05,9069.38,1.3,47.63,521.76,2388.07,8147.71,8.4029,0.03,393,2388,100.0,38.98,23.288
92,205,0.0014,0.0001,100.0,518.67,642.92,1595.85,1402.89,14.62,21.61,553.18,2388.03,9068.28,1.3,47.63,521.58,2388.04,8151.32,8.4313,0.03,393,2388,100.0,38.79,23.24
92,206,-0.0021,-0.0,100.0,518.67,643.32,1590.82,1409.96,14.62,21.61,553.21,2388.03,9070.58,1.3,47.41,521.58,2388.09,8143.98,8.4261,0.03,394,2388,100.0,38.72,23.2385
92,207,0.0025,0.0005,100.0,518.67,642.27,1590.14,1409.8,14.62,21.61,553.93,2388.08,9067.56,1.3,47.4,521.13,2388.08,8145.77,8.4338,0.03,393,2388,100.0,38.76,23.3421
92,208,0.0017,-0.0002,100.0,518.67,643.0,1587.89,1407.41,14.62,21.61,553.69,2388.07,9078.28,1.3,47.36,521.6,2388.09,8143.12,8.4413,0.03,393,2388,100.0,38.93,23.2318
92,209,-0.0006,0.0001,100.0,518.67,643.19,1583.71,1400.97,14.62,21.61,553.3,2388.1,9072.1,1.3,47.3,521.5,2388.09,8143.32,8.4623,0.03,392,2388,100.0,38.92,23.3381
92,210,0.0002,0.0002,100.0,518.67,642.84,1588.38,1410.07,14.62,21.61,553.8,2388.11,9066.15,1.3,47.33,522.01,2388.09,8145.22,8.4655,0.03,392,2388,100.0,38.77,23.2677
92,211,-0.0005,-0.0002,100.0,518.67,642.47,1591.27,1401.84,14.62,21.61,553.99,2388.09,9068.84,1.3,47.33,521.42,2388.07,8146.62,8.4225,0.03,392,2388,100.0,38.86,23.315
92,212,0.0006,0.0,100.0,518.67,642.58,1598.03,1404.45,14.62,21.61,553.29,2388.1,9070.93,1.3,47.38,521.2,2388.02,8143.12,8.4374,0.03,393,2388,100.0,39.0,23.3545
92,213,0.002,0.0,100.0,518.67,642.45,1594.39,1413.61,14.62,21.61,553.76,2388.08,9070.08,1.3,47.44,521.42,2388.09,8141.93,8.4133,0.03,394,2388,100.0,38.85,23.284
92,214,-0.0003,-0.0001,100.0,518.67,642.77,1591.78,1406.81,14.62,21.61,553.0,2388.1,9064.96,1.3,47.53,521.18,2388.08,8150.58,8.4134,0.03,394,2388,100.0,38.91,23.294
92,215,-0.0039,-0.0003,100.0,518.67,642.18,1591.26,1405.43,14.62,21.61,553.1,2388.06,9067.63,1.3,47.54,521.72,2388.05,8152.26,8.4426,0.03,395,2388,100.0,38.83,23.3714
92,216,-0.0009,-0.0002,100.0,518.67,642.78,1595.38,1404.66,14.62,21.61,553.52,2388.03,9065.83,1.3,47.55,521.47,2388.07,8147.12,8.4272,0.03,393,2388,100.0,38.78,23.2625
92,217,0.004,-0.0004,100.0,518.67,642.34,1589.0,1406.74,14.62,21.61,553.33,2388.11,9071.46,1.3,47.49,521.42,2388.11,8147.43,8.4537,0.03,395,2388,100.0,38.66,23.2047
92,218,-0.002,-0.0002,100.0,518.67,642.98,1588.43,1411.71,14.62,21.61,553.32,2388.16,9064.96,1.3,47.54,521.84,2388.1,8150.34,8.3851,0.03,394,2388,100.0,38.88,23.2561
92,219,0.0009,-0.0001,100.0,518.67,642.47,1589.13,1410.11,14.62,21.61,553.52,2388.08,9066.97,1.3,47.56,521.52,2388.09,8147.19,8.4382,0.03,394,2388,100.0,38.73,23.2123
92,220,0.0026,-0.0002,100.0,518.67,642.5,1586.91,1405.2,14.62,21.61,553.66,2388.08,9066.89,1.3,47.52,521.02,2388.03,8147.19,8.4307,0.03,392,2388,100.0,38.85,23.3068
92,221,-0.0007,0.0004,100.0,518.67,642.78,1594.12,1409.11,14.62,21.61,552.98,2388.09,9074.5,1.3,47.59,520.65,2388.09,8146.18,8.4468,0.03,393,2388,100.0,38.98,23.4026
92,222,-0.0005,0.0002,100.0,518.67,642.66,1589.6,1407.42,14.62,21.61,552.77,2388.09,9067.41,1.3,47.4,521.34,2388.11,8145.36,8.422,0.03,394,2388,100.0,38.74,23.3862
92,223,0.0029,0.0004,100.0,518.67,642.92,1589.49,1409.25,14.62,21.61,553.63,2388.04,9077.17,1.3,47.64,521.4,2388.1,8151.58,8.4014,0.03,393,2388,100.0,38.69,23.4035
92,224,0.0002,-0.0002,100.0,518.67,642.97,1590.64,1413.07,14.62,21.61,553.8,2388.14,9068.17,1.3,47.58,521.6,2388.15,8148.85,8.4465,0.03,394,2388,100.0,38.9,23.2317
92,225,-0.0041,-0.0002,100.0,518.67,642.05,1595.68,1413.75,14.62,21.61,552.99,2388.11,9070.23,1.3,47.62,521.29,2388.09,8148.33,8.4437,0.03,393,2388,100.0,38.82,23.3694
92,226,-0.0013,0.0002,100.0,518.67,643.09,1585.68,1407.64,14.62,21.61,553.06,2388.08,9076.75,1.3,47.47,521.19,2388.11,8140.63,8.4375,0.03,394,2388,100.0,38.73,23.2811
92,227,-0.0016,-0.0003,100.0,518.67,642.43,1587.34,1412.44,14.62,21.61,553.48,2388.06,9068.24,1.3,47.49,521.5,2388.03,8145.27,8.4354,0.03,394,2388,100.0,38.68,23.2388
92,228,0.0012,-0.0,100.0,518.67,642.87,1584.75,1410.51,14.62,21.61,553.2,2388.07,9067.25,1.3,47.63,521.01,2388.09,8148.14,8.462,0.03,394,2388,100.0,38.78,23.272
92,229,0.0,-0.0,100.0,518.67,642.83,1586.25,1413.75,14.62,21.61,553.3,2388.07,9071.83,1.3,47.56,521.1,2388.11,8154.25,8.4615,0.03,394,2388,100.0,38.85,23.2746
92,230,0.001,0.0002,100.0,518.67,642.7,1586.48,1402.85,14.62,21.61,552.9,2388.07,9072.7,1.3,47.5,521.71,2388.01,8144.5,8.4439,0.03,394,2388,100.0,38.73,23.2596
92,231,-0.0002,0.0002,100.0,518.67,642.19,1592.54,1412.91,14.62,21.61,553.72,2388.14,9073.61,1.3,47.41,521.79,2388.07,8144.51,8.4453,0.03,394,2388,100.0,38.78,23.1573
92,232,-0.0019,0.0004,100.0,518.67,642.51,1590.97,1411.53,14.62,21.61,553.41,2388.05,9074.22,1.3,47.47,521.58,2388.06,8152.88,8.4209,0.03,394,2388,100.0,38.87,23.2504
92,233,-0.001,-0.0003,100.0,518.67,642.95,1592.55,1414.95,14.62,21.61,553.12,2388.05,9072.74,1.3,47.57,520.98,2388.09,8154.26,8.4712,0.03,394,2388,100.0,38.81,23.229
92,234,0.0026,0.0001,100.0,518.67,642.83,1595.99,1414.43,14.62,21.61,553.51,2388.06,9074.15,1.3,47.44,521.73,2388.12,8151.86,8.4912,0.03,394,2388,100.0,38.86,23.265
92,235,0.0003,0.0001,100.0,518.67,642.47,1591.39,1411.78,14.62,21.61,553.27,2388.1,9072.65,1.3,47.37,521.51,2388.13,8152.95,8.4141,0.03,394,2388,100.0,38.79,23.2996
92,236,-0.0008,-0.0001,100.0,518.67,642.69,1592.68,1409.8,14.62,21.61,553.69,2388.06,9069.84,1.3,47.74,521.02,2388.16,8153.92,8.4774,0.03,394,2388,100.0,38.89,23.2392
92,237,0.0027,0.0003,100.0,518.67,642.27,1592.41,1410.54,14.62,21.61,553.0,2388.14,9067.2,1.3,47.72,521.52,2388.11,8148.54,8.4649,0.03,391,2388,100.0,38.8,23.2287
92,238,-0.0018,-0.0,100.0,518.67,642.85,1596.18,1412.99,14.62,21.61,552.98,2388.09,9072.02,1.3,47.47,521.22,2388.16,8155.46,8.4578,0.03,395,2388,100.0,38.8,23.2427
92,239,0.0041,0.0002,100.0,518.67,642.42,1582.77,1408.36,14.62,21.61,552.81,2388.07,9073.46,1.3,47.62,521.21,2388.03,8149.27,8.4749,0.03,393,2388,100.0,38.89,23.301
92,240,0.0013,-0.0004,100.0,518.67,642.66,1586.19,1407.24,14.62,21.61,554.07,2388.09,9074.2,1.3,47.59,521.83,2388.07,8156.67,8.4466,0.03,394,2388,100.0,38.78,23.2025
92,241,0.0019,-0.0,100.0,518.67,642.94,1598.79,1408.42,14.62,21.61,552.84,2388.06,9076.75,1.3,47.53,521.19,2388.09,8150.45,8.4132,0.03,393,2388,100.0,38.86,23.3438
92,242,-0.0018,-0.0001,100.0,518.67,642.42,1586.69,1406.68,14.62,21.61,552.55,2388.14,9080.13,1.3,47.45,521.42,2388.07,8154.31,8.4386,0.03,392,2388,100.0,38.71,23.1898
92,243,0.0043,0.0001,100.0,518.67,642.74,1585.52,1416.73,14.62,21.61,552.82,2388.07,9076.4,1.3,47.53,521.64,2388.06,8144.0,8.4419,0.03,394,2388,100.0,38.92,23.1934
92,244,-0.0001,-0.0004,100.0,518.67,642.97,1591.36,1411.18,14.62,21.61,553.85,2388.09,9071.12,1.3,47.57,520.67,2388.07,8147.13,8.4617,0.03,393,2388,100.0,38.74,23.2855
92,245,-0.0023,0.0005,100.0,518.67,643.0,1592.92,1409.73,14.62,21.61,553.45,2388.08,9080.3,1.3,47.53,520.77,2388.1,8152.32,8.4808,0.03,394,2388,100.0,38.76,23.2771
92,246,0.0019,-0.0003,100.0,518.67,642.77,1594.08,1409.33,14.62,21.61,552.79,2388.06,9075.93,1.3,47.69,521.02,2388.07,8157.58,8.4629,0.03,394,2388,100.0,38.72,23.2158
92,247,0.0035,-0.0004,100.0,518.67,643.11,1590.85,1406.88,14.62,21.61,553.14,2388.07,9077.4,1.3,47.6,520.68,2388.15,8154.04,8.428,0.03,394,2388,100.0,38.58,23.2277
92,248,-0.0015,-0.0001,100.0,518.67,642.69,1588.22,1412.96,14.62,21.61,553.23,2388.07,9074.57,1.3,47.64,521.48,2388.15,8148.1,8.4821,0.03,395,2388,100.0,38.79,23.3383
92,249,-0.0033,-0.0004,100.0,518.67,642.82,1587.28,1414.4,14.62,21.61,554.21,2388.05,9078.74,1.3,47.54,521.04,2388.04,8151.91,8.4467,0.03,394,2388,100.0,38.75,23.2087
92,250,0.0006,0.0003,100.0,518.67,642.65,1593.92,1409.65,14.62,21.61,552.88,2388.11,9074.59,1.3,47.77,520.65,2388.12,8147.06,8.4028,0.03,393,2388,100.0,38.82,23.2235
92,251,-0.0002,-0.0002,100.0,518.67,642.25,1589.92,1416.45,14.62,21.61,553.29,2388.12,9074.69,1.3,47.67,521.22,2388.08,8153.92,8.4596,0.03,393,2388,100.0,38.61,23.3122
92,252,0.0031,-0.0004,100.0,518.67,642.66,1592.54,1411.54,14.62,21.61,552.77,2388.08,9072.64,1.3,47.82,521.55,2388.07,8156.05,8.4226,0.03,393,2388,100.0,38.89,23.3495
92,253,-0.0033,-0.0,100.0,518.67,642.76,1590.05,1417.94,14.62,21.61,553.07,2388.09,9076.51,1.3,47.61,521.42,2388.13,8155.27,8.4282,0.03,393,2388,100.0,38.77,23.3309
92,254,-0.0012,-0.0001,100.0,518.67,643.24,1589.98,1411.86,14.62,21.61,553.54,2388.08,9082.26,1.3,47.61,521.1,2388.07,8159.27,8.4426,0.03,394,2388,100.0,38.57,23.2425
92,255,0.006,-0.0003,100.0,518.67,642.97,1585.92,1414.77,14.62,21.61,553.36,2388.08,9081.37,1.3,47.62,520.86,2388.1,8156.96,8.4289,0.03,394,2388,100.0,38.81,23.2267
92,256,0.0004,-0.0002,100.0,518.67,642.56,1590.31,1403.29,14.62,21.61,552.5,2388.11,9086.88,1.3,47.56,521.46,2388.06,8150.84,8.4396,0.03,393,2388,100.0,38.81,23.1964
92,257,-0.0004,-0.0004,100.0,518.67,642.49,1591.75,1413.94,14.62,21.61,553.22,2388.08,9090.55,1.3,47.45,521.14,2388.09,8153.84,8.4692,0.03,394,2388,100.0,38.75,23.3371
92,258,-0.0019,0.0003,100.0,518.67,642.41,1588.08,1410.89,14.62,21.61,552.7,2388.12,9079.78,1.3,47.58,521.07,2388.07,8157.76,8.4606,0.03,393,2388,100.0,38.82,23.2673
92,259,0.0062,-0.0,100.0,518.67,642.93,1592.05,1415.56,14.62,21.61,553.18,2388.12,9072.27,1.3,47.85,521.23,2388.1,8156.04,8.4554,0.03,394,2388,100.0,38.67,23.2779
92,260,0.0039,0.0005,100.0,518.67,643.16,1594.36,1420.25,14.62,21.61,553.32,2388.11,9078.64,1.3,47.71,521.19,2388.12,8157.61,8.4565,0.03,394,2388,100.0,38.66,23.2264
92,261,0.0013,-0.0003,100.0,518.67,642.98,1599.23,1410.72,14.62,21.61,553.03,2388.07,9087.35,1.3,47.77,521.06,2388.11,8162.23,8.4358,0.03,392,2388,100.0,38.83,23.2338
92,262,0.0013,0.0,100.0,518.67,642.97,1586.77,1412.68,14.62,21.61,552.73,2388.09,9083.12,1.3,47.45,520.71,2388.05,8156.4,8.4481,0.03,394,2388,100.0,38.9,23.3101
92,263,-0.0025,-0.0,100.0,518.67,642.89,1600.39,1415.16,14.62,21.61,552.84,2388.1,9072.75,1.3,47.47,521.21,2388.05,8158.79,8.4716,0.03,394,2388,100.0,38.77,23.1702
92,264,0.0028,0.0002,100.0,518.67,642.59,1597.61,1410.79,14.62,21.61,553.59,2388.12,9084.18,1.3,47.58,521.45,2388.08,8157.75,8.4459,0.03,394,2388,100.0,38.7,23.246
92,265,-0.0008,0.0003,100.0,518.67,643.57,1590.06,1407.39,14.62,21.61,552.75,2388.06,9090.12,1.3,47.6,520.97,2388.13,8159.23,8.4453,0.03,394,2388,100.0,38.82,23.1808
92,266,0.0002,0.0003,100.0,518.67,642.67,1590.78,1416.92,14.62,21.61,552.79,2388.1,9094.7,1.3,47.51,521.2,2388.13,8160.11,8.4541,0.03,395,2388,100.0,38.65,23.2242
92,267,-0.0004,0.0003,100.0,518.67,642.94,1598.32,1409.49,14.62,21.61,552.4,2388.11,9078.34,1.3,47.85,521.06,2388.11,8153.47,8.4658,0.03,394,2388,100.0,38.88,23.3332
92,268,0.0037,-0.0004,100.0,518.67,642.75,1593.61,1415.36,14.62,21.61,553.2,2388.09,9085.0,1.3,47.66,521.31,2388.06,8153.75,8.4707,0.03,394,2388,100.0,38.63,23.2119
92,269,0.0032,-0.0004,100.0,518.67,642.47,1595.36,1415.98,14.62,21.61,552.78,2388.07,9087.28,1.3,47.61,520.95,2388.08,8154.41,8.5006,0.03,394,2388,100.0,38.62,23.1916
92,270,0.0006,0.0005,100.0,518.67,642.92,1593.92,1408.27,14.62,21.61,552.51,2388.11,9091.49,1.3,47.84,521.17,2388.1,8156.42,8.4426,0.03,393,2388,100.0,38.7,23.1064
92,271,-0.0046,0.0005,100.0,518.67,642.92,1596.76,1420.07,14.62,21.61,553.23,2388.14,9080.76,1.3,47.65,521.34,2388.13,8164.83,8.4487,0.03,395,2388,100.0,38.67,23.135
92,272,-0.0017,0.0005,100.0,518.67,643.09,1592.2,1409.2,14.62,21.61,552.54,2388.14,9083.44,1.3,47.8,521.0,2388.08,8161.03,8.4581,0.03,394,2388,100.0,38.81,23.2708
92,273,0.0004,0.0005,100.0,518.67,642.9,1591.45,1416.04,14.62,21.61,552.81,2388.11,9085.3,1.3,47.61,520.81,2388.11,8160.25,8.4509,0.03,393,2388,100.0,38.94,23.2799
92,274,-0.0005,0.0005,100.0,518.67,643.27,1588.49,1414.61,14.62,21.61,553.0,2388.13,9084.17,1.3,47.92,520.83,2388.11,8160.06,8.4889,0.03,394,2388,100.0,38.71,23.2562
92,275,-0.0022,-0.0,100.0,518.67,642.93,1591.77,1420.78,14.62,21.61,552.3,2388.11,9089.65,1.3,47.57,520.97,2388.08,8163.62,8.4748,0.03,394,2388,100.0,38.75,23.2142
92,276,0.0006,0.0002,100.0,518.67,642.61,1599.47,1414.35,14.62,21.61,552.82,2388.05,9090.61,1.3,47.74,520.94,2388.17,8161.77,8.4517,0.03,393,2388,100.0,38.6,23.2003
92,277,0.0011,-0.0004,100.0,518.67,642.56,1594.3,1419.78,14.62,21.61,552.52,2388.1,9091.74,1.3,47.83,520.92,2388.14,8166.99,8.4999,0.03,395,2388,100.0,38.48,23.1618
92,278,0.0002,-0.0002,100.0,518.67,643.23,1589.24,1413.45,14.62,21.61,552.41,2388.13,9093.36,1.3,47.7,520.96,2388.14,8160.46,8.4608,0.03,396,2388,100.0,38.68,23.2041
92,279,0.0004,0.0001,100.0,518.67,643.23,1595.95,1413.31,14.62,21.61,552.65,2388.12,9088.26,1.3,47.7,520.99,2388.08,8166.49,8.461,0.03,394,2388,100.0,38.63,23.1976
92,280,-0.0056,0.0004,100.0,518.67,642.71,1593.5,1413.24,14.62,21.61,552.8,2388.1,9091.47,1.3,47.73,520.89,2388.14,8162.94,8.4648,0.03,395,2388,100.0,38.54,23.2942
92,281,-0.0038,0.0003,100.0,518.67,642.33,1588.57,1419.04,14.62,21.61,553.0,2388.09,9084.0,1.3,47.77,521.06,2388.11,8168.16,8.4863,0.03,394,2388,100.0,38.75,23.2518
92,282,-0.0006,0.0001,100.0,518.67,642.72,1586.44,1415.42,14.62,21.61,553.0,2388.13,9090.37,1.3,47.64,521.2,2388.1,8161.74,8.4805,0.03,395,2388,100.0,38.83,23.2668
92,283,-0.0017,0.0004,100.0,518.67,643.13,1590.69,1421.77,14.62,21.61,552.38,2388.09,9088.23,1.3,47.7,521.28,2388.14,8166.8,8.4825,0.03,394,2388,100.0,38.76,23.0683
92,284,-0.0005,0.0001,100.0,518.67,643.02,1599.5,1416.22,14.62,21.61,553.1,2388.1,9092.13,1.3,47.78,520.75,2388.11,8161.56,8.4498,0.03,394,2388,100.0,38.61,23.1949
92,285,0.0011,-0.0003,100.0,518.67,643.59,1599.79,1415.23,14.62,21.61,552.98,2388.09,9085.5,1.3,47.75,520.99,2388.15,8166.61,8.4556,0.03,395,2388,100.0,38.66,23.1489
92,286,0.0028,0.0001,100.0,518.67,642.8,1597.89,1420.96,14.62,21.61,553.1,2388.09,9090.47,1.3,47.71,521.04,2388.08,8162.02,8.5003,0.03,394,2388,100.0,38.58,23.191
92,287,-0.0004,-0.0004,100.0,518.67,643.21,1594.19,1421.07,14.62,21.61,552.62,2388.16,9093.83,1.3,47.77,520.6,2388.14,8165.22,8.4395,0.03,396,2388,100.0,38.65,23.1964
92,288,-0.0022,-0.0004,100.0,518.67,643.33,1601.71,1418.43,14.62,21.61,551.51,2388.12,9096.52,1.3,47.62,520.16,2388.14,8170.06,8.4768,0.03,395,2388,100.0,38.76,23.1445
92,289,-0.0011,-0.0003,100.0,518.67,642.78,1595.91,1412.36,14.62,21.61,552.79,2388.1,9086.68,1.3,47.77,520.7,2388.12,8164.43,8.4778,0.03,395,2388,100.0,38.63,23.0169
92,290,-0.0016,0.0003,100.0,518.67,643.37,1595.51,1417.22,14.62,21.61,552.25,2388.16,9095.79,1.3,47.83,520.74,2388.12,8172.32,8.4889,0.03,394,2388,100.0,38.54,23.1215
92,291,0.004,0.0005,100.0,518.67,643.18,1591.64,1417.04,14.62,21.61,552.33,2388.13,9093.06,1.3,47.7,520.88,2388.12,8166.5,8.4993,0.03,395,2388,100.0,38.6,23.2049
92,292,0.0024,0.0005,100.0,518.67,642.66,1594.36,1415.32,14.62,21.61,552.92,2388.06,9102.99,1.3,47.94,520.75,2388.17,8168.18,8.4727,0.03,394,2388,100.0,38.73,23.1946
92,293,-0.0035,-0.0004,100.0,518.67,642.32,1599.58,1419.51,14.62,21.61,552.87,2388.18,9095.75,1.3,47.64,520.89,2388.18,8167.14,8.4873,0.03,395,2388,100.0,38.44,23.1963
92,294,-0.0002,0.0003,100.0,518.67,643.29,1600.48,1414.81,14.62,21.61,552.86,2388.12,9091.86,1.3,47.84,520.62,2388.13,8170.47,8.4579,0.03,394,2388,100.0,38.75,23.1642
92,295,-0.003,0.0002,100.0,518.67,643.09,1598.78,1412.62,14.62,21.61,552.68,2388.11,9102.53,1.3,47.6,520.08,2388.13,8167.99,8.4549,0.03,393,2388,100.0,38.47,23.1419
92,296,0.0018,0.0001,100.0,518.67,642.94,1605.58,1415.17,14.62,21.61,552.65,2388.18,9098.21,1.3,47.82,520.5,2388.09,8168.23,8.4713,0.03,393,2388,100.0,38.68,23.1079
92,297,0.0017,-0.0003,100.0,518.67,643.22,1594.91,1419.0,14.62,21.61,552.32,2388.19,9103.15,1.3,47.75,521.09,2388.15,8168.53,8.4824,0.03,396,2388,100.0,38.36,23.3614
92,298,0.0001,0.0003,100.0,518.67,643.04,1601.88,1413.8,14.62,21.61,552.7,2388.11,9101.34,1.3,47.75,520.96,2388.09,8164.28,8.4791,0.03,395,2388,100.0,38.51,23.1106
92,299,-0.0032,-0.0004,100.0,518.67,643.73,1596.23,1411.51,14.62,21.61,552.47,2388.13,9103.62,1.3,48.04,520.58,2388.14,8166.98,8.4885,0.03,395,2388,100.0,38.75,23.1063
92,300,0.0032,-0.0003,100.0,518.67,642.75,1600.03,1420.71,14.62,21.61,552.72,2388.15,9102.49,1.3,47.78,520.47,2388.18,8172.82,8.4628,0.03,394,2388,100.0,38.86,23.1132
92,301,0.0002,-0.0002,100.0,518.67,643.15,1595.44,1421.31,14.62,21.61,552.09,2388.09,9100.19,1.3,47.84,520.53,2388.1,8177.59,8.4486,0.03,394,2388,100.0,38.79,23.2632
92,302,-0.0001,0.0001,100.0,518.67,643.28,1598.07,1419.8,14.62,21.61,552.23,2388.11,9102.9,1.3,47.8,520.3,2388.09,8168.49,8.478,0.03,394,2388,100.0,38.7,23.1241
92,303,0.0002,-0.0003,100.0,518.67,643.32,1593.51,1425.88,14.62,21.61,552.49,2388.15,9105.25,1.3,47.86,521.06,2388.11,8171.35,8.4892,0.03,394,2388,100.0,38.71,23.1187
92,304,0.002,0.0003,100.0,518.67,642.78,1591.33,1422.26,14.62,21.61,552.26,2388.19,9099.26,1.3,47.89,520.83,2388.16,8173.96,8.4889,0.03,396,2388,100.0,38.73,23.1806
92,305,-0.0043,-0.0004,100.0,518.67,642.71,1593.94,1420.49,14.62,21.61,552.76,2388.13,9103.63,1.3,47.81,520.42,2388.19,8176.09,8.5114,0.03,395,2388,100.0,38.54,23.2503
92,306,0.0014,-0.0002,100.0,518.67,643.23,1606.12,1419.36,14.62,21.61,552.01,2388.12,9107.82,1.3,47.72,520.6,2388.16,8174.17,8.5017,0.03,395,2388,100.0,38.66,23.1907
92,307,-0.0002,0.0004,100.0,518.67,643.83,1594.67,1421.64,14.62,21.61,552.55,2388.12,9112.34,1.3,47.95,520.51,2388.11,8180.51,8.4833,0.03,397,2388,100.0,38.39,23.1031
92,308,0.0009,0.0004,100.0,518.67,643.09,1601.18,1418.86,14.62,21.61,552.12,2388.15,9106.79,1.3,47.85,521.23,2388.07,8174.09,8.4984,0.03,395,2388,100.0,38.58,23.1867
92,309,-0.0029,0.0004,100.0,518.67,642.95,1602.0,1420.04,14.62,21.61,551.69,2388.19,9112.75,1.3,47.89,520.84,2388.08,8177.66,8.4896,0.03,395,2388,100.0,38.66,23.0973
92,310,-0.0002,0.0005,100.0,518.67,642.65,1605.66,1419.89,14.62,21.61,551.86,2388.14,9108.57,1.3,47.89,520.8,2388.11,8181.51,8.5012,0.03,395,2388,100.0,38.66,23.1339
92,311,0.0009,-0.0001,100.0,518.67,643.11,1595.81,1427.3,14.62,21.61,552.97,2388.1,9111.76,1.3,47.91,520.37,2388.15,8184.0,8.5269,0.03,396,2388,100.0,38.57,23.1529
92,312,-0.0035,0.0005,100.0,518.67,643.27,1602.2,1417.35,14.62,21.61,552.41,2388.13,9107.62,1.3,47.92,520.4,2388.14,8180.7,8.5152,0.03,396,2388,100.0,38.45,23.172
92,313,-0.0024,0.0003,100.0,518.67,643.05,1602.0,1417.89,14.62,21.61,552.16,2388.1,9112.27,1.3,47.92,520.62,2388.14,8178.06,8.502,0.03,395,2388,100.0,38.5,23.1811
92,314,0.002,0.0,100.0,518.67,643.02,1598.97,1418.0,14.62,21.61,552.08,2388.09,9103.52,1.3,47.97,520.36,2388.17,8182.35,8.5025,0.03,396,2388,100.0,38.63,23.2225
92,315,-0.0036,-0.0004,100.0,518.67,642.85,1596.03,1416.63,14.62,21.61,552.46,2388.14,9107.07,1.3,47.96,520.63,2388.16,8186.69,8.4351,0.03,395,2388,100.0,38.74,23.2207
92,316,-0.0017,0.0002,100.0,518.67,643.22,1599.9,1420.43,14.62,21.61,552.14,2388.13,9121.01,1.3,48.15,520.52,2388.15,8180.85,8.4998,0.03,395,2388,100.0,38.35,23.1849
92,317,-0.0,-0.0002,100.0,518.67,643.39,1603.81,1429.09,14.62,21.61,552.6,2388.19,9114.45,1.3,48.04,521.07,2388.11,8184.83,8.4945,0.03,395,2388,100.0,38.73,23.2265
92,318,0.0014,-0.0002,100.0,518.67,643.61,1599.34,1424.57,14.62,21.61,552.22,2388.16,9115.23,1.3,48.02,520.6,2388.16,8184.48,8.498,0.03,395,2388,100.0,38.5,23.0729
92,319,-0.0027,0.0003,100.0,518.67,643.56,1601.69,1425.07,14.62,21.61,551.9,2388.2,9118.05,1.3,48.06,520.07,2388.14,8181.54,8.507,0.03,395,2388,100.0,38.51,23.2103
92,320,0.0015,0.0002,100.0,518.67,643.31,1603.5,1421.89,14.62,21.61,552.59,2388.2,9116.34,1.3,48.14,520.05,2388.14,8190.09,8.4957,0.03,397,2388,100.0,38.5,23.0251
92,321,0.0015,0.0006,100.0,518.67,643.73,1601.23,1425.6,14.62,21.61,551.73,2388.14,9118.02,1.3,48.03,520.48,2388.15,8186.66,8.5099,0.03,397,2388,100.0,38.26,23.1353
92,322,-0.0047,-0.0,100.0,518.67,643.1,1595.79,1421.88,14.62,21.61,551.86,2388.17,9120.49,1.3,47.94,520.36,2388.15,8185.9,8.5144,0.03,396,2388,100.0,38.53,23.1435
92,323,0.0024,0.0001,100.0,518.67,643.07,1605.0,1426.18,14.62,21.61,552.27,2388.23,9123.43,1.3,47.93,520.62,2388.19,8191.07,8.4639,0.03,395,2388,100.0,38.4,23.1423
92,324,-0.0021,-0.0003,100.0,518.67,643.56,1600.14,1427.26,14.62,21.61,552.4,2388.18,9122.33,1.3,48.03,520.15,2388.15,8188.6,8.5145,0.03,396,2388,100.0,38.6,23.0718
92,325,0.0023,0.0005,100.0,518.67,643.59,1609.03,1423.87,14.62,21.61,552.34,2388.13,9116.02,1.3,48.03,520.39,2388.14,8187.56,8.5088,0.03,395,2388,100.0,38.56,23.1559
92,326,-0.0016,-0.0,100.0,518.67,643.29,1603.05,1429.19,14.62,21.61,552.14,2388.18,9120.87,1.3,47.78,520.85,2388.13,8187.75,8.4913,0.03,395,2388,100.0,38.43,23.037
92,327,0.0008,0.0001,100.0,518.67,643.58,1602.9,1421.33,14.62,21.61,552.34,2388.15,9124.57,1.3,48.06,520.9,2388.09,8195.07,8.508,0.03,396,2388,100.0,38.45,23.1708
92,328,-0.0018,0.0002,100.0,518.67,643.2,1604.25,1431.74,14.62,21.61,552.38,2388.17,9115.64,1.3,47.91,520.27,2388.17,8186.57,8.5542,0.03,395,2388,100.0,38.36,22.9785
92,329,0.0023,0.0003,100.0,518.67,643.22,1602.52,1422.71,14.62,21.61,552.12,2388.16,9125.68,1.3,47.99,519.78,2388.19,8196.62,8.4922,0.03,396,2388,100.0,38.62,23.0517
92,330,0.0029,0.0004,100.0,518.67,642.98,1597.48,1423.83,14.62,21.61,552.1,2388.15,9124.28,1.3,47.86,519.83,2388.2,8188.9,8.501,0.03,394,2388,100.0,38.46,23.2033
92,331,0.0016,0.0005,100.0,518.67,643.33,1595.79,1419.96,14.62,21.61,551.84,2388.16,9125.7,1.3,47.94,519.66,2388.15,8193.52,8.5141,0.03,396,2388,100.0,38.48,23.0692
92,332,-0.0044,-0.0003,100.0,518.67,643.23,1600.19,1429.95,14.62,21.61,551.56,2388.17,9131.55,1.3,48.03,519.75,2388.22,8193.39,8.4952,0.03,394,2388,100.0,38.49,23.0253
92,333,-0.0025,0.0004,100.0,518.67,643.78,1600.8,1426.34,14.62,21.61,552.05,2388.21,9127.29,1.3,48.0,520.01,2388.19,8192.24,8.5241,0.03,397,2388,100.0,38.79,23.1304
92,334,0.0003,0.0002,100.0,518.67,643.4,1604.03,1425.17,14.62,21.61,551.5,2388.13,9130.87,1.3,47.85,520.14,2388.14,8194.6,8.5228,0.03,397,2388,100.0,38.45,23.0678
92,335,-0.0002,0.0004,100.0,518.67,643.66,1601.83,1432.0,14.62,21.61,551.35,2388.15,9130.7,1.3,48.07,520.04,2388.16,8197.77,8.4789,0.03,396,2388,100.0,38.36,23.0794
92,336,-0.0035,0.0001,100.0,518.67,643.86,1601.27,1434.22,14.62,21.61,551.52,2388.17,9132.52,1.3,48.09,520.59,2388.19,8201.25,8.5192,0.03,397,2388,100.0,38.47,23.0699
92,337,0.0027,-0.0,100.0,518.67,643.51,1600.95,1426.48,14.62,21.61,551.58,2388.17,9132.81,1.3,48.16,519.98,2388.17,8194.88,8.4973,0.03,396,2388,100.0,38.52,23.1537
92,338,-0.002,0.0004,100.0,518.67,644.17,1600.59,1425.63,14.62,21.61,551.42,2388.14,9128.64,1.3,48.08,519.7,2388.19,8201.61,8.5028,0.03,396,2388,100.0,38.35,23.0181
92,339,-0.0026,0.0003,100.0,518.67,643.41,1605.22,1428.24,14.62,21.61,551.18,2388.2,9137.65,1.3,48.19,519.92,2388.2,8202.93,8.5063,0.03,395,2388,100.0,38.4,23.0027
92,340,0.0016,0.0005,100.0,518.67,644.02,1599.06,1429.58,14.62,21.61,550.77,2388.24,9138.69,1.3,48.14,519.66,2388.15,8197.97,8.5268,0.03,396,2388,100.0,38.56,23.0422
92,341,-0.0,-0.0004,100.0,518.67,644.04,1607.05,1428.06,14.62,21.61,551.34,2388.23,9143.56,1.3,48.01,519.83,2388.15,8201.66,8.5403,0.03,397,2388,100.0,38.26,23.0719
